wall_time_utc,AvgActC,Avg_EClk,Bus_Clk,C0_C0res,C0_C1res,C0_C6res,C0_Clk,C0_P,C0_R,C0_T,C0_T0_EClk,C0_T0_U,C0_T0_Util,C0_T1_EClk,C0_T1_U,C0_T1_Util,C0_VID,C1_C0res,C1_C1res,C1_C6res,C1_Clk,C1_P,C1_R,C1_T,C1_T0_EClk,C1_T0_U,C1_T0_Util,C1_T1_EClk,C1_T1_U,C1_T1_Util,C1_VID,C2_C0res,C2_C1res,C2_C6res,C2_Clk,C2_P,C2_R,C2_T,C2_T0_EClk,C2_T0_U,C2_T0_Util,C2_T1_EClk,C2_T1_U,C2_T1_Util,C2_VID,C3_C0res,C3_C1res,C3_C6res,C3_Clk,C3_P,C3_R,C3_T,C3_T0_EClk,C3_T0_U,C3_T0_Util,C3_T1_EClk,C3_T1_U,C3_T1_Util,C3_VID,C4_C0res,C4_C1res,C4_C6res,C4_Clk,C4_P,C4_R,C4_T,C4_T0_EClk,C4_T0_U,C4_T0_Util,C4_T1_EClk,C4_T1_U,C4_T1_Util,C4_VID,C5_C0res,C5_C1res,C5_C6res,C5_Clk,C5_P,C5_R,C5_T,C5_T0_EClk,C5_T0_U,C5_T0_Util,C5_T1_EClk,C5_T1_U,C5_T1_Util,C5_VID,C6_C0res,C6_C1res,C6_C6res,C6_Clk,C6_P,C6_R,C6_T,C6_T0_EClk,C6_T0_U,C6_T0_Util,C6_T1_EClk,C6_T1_U,C6_T1_Util,C6_VID,C7_C0res,C7_C1res,C7_C6res,C7_Clk,C7_P,C7_R,C7_T,C7_T0_EClk,C7_T0_U,C7_T0_Util,C7_T1_EClk,C7_T1_U,C7_T1_Util,C7_VID,CCD1_Tdie,CPU_Core_I,CPU_Core_P,CPU_DieAvg,CPU_EDC,CPU_MISC_I,CPU_PPT,CPU_Pkg_P,CPU_SoC_I,CPU_SoC_P,CPU_TDC,CPU_Tctl,CPU_Tot_P,CPU_U,CPU_Util,DRAM_R_BW,DRAM_W_BW,EDC_Lim,FCLK,Freq_GLim,HTC_TT,IOD_Avg,IOD_Hot,L3_Clk,L3_T,MaxThr_U,PPT_F_Lim,PPT_Lim,PROCHOT_CPU,PROCHOT_EXT,Pkg_C6,TDC_Lim,T_Lim,UCLK,VDDCR_SOC_TVRM,VDDCR_SOC_V,VDDCR_VDD_TVRM,VDDCR_VDD_V,VDD_MISC_TVRM,VDD_MISC_V,coolant_c
2026-09-07T08:31:11.331103+00:00,2.09069,784.377,108,33.33,66.67,0,5902.2,4.417,54.65,8.73743,1969.26,29.69,34.82,174.314,4.688,3.119,1.38,79.02,20.98,0,5864.4,11.73,54.3,24.8487,4274.53,68.75,84.4,406.326,6.25,7.683,1.375,8.444,87.53,4.025,5864.4,2.4137,54.3,5.88284,467.206,6.25,8.515,26.2402,0,0.4757,1.375,63.01,36.99,0,5864.4,7.1366,54.3,15.3601,1737.64,26.56,34.05,1986.4,32.81,38.63,1.375,4.805,52.35,42.85,5039.72,1.4478,46.6641,3.70294,255.955,1.562,4.683,23.4863,0,0.4191,1.375,15.85,81.75,2.402,5864.4,2.972,54.3,5.80441,890.46,12.5,16.49,39.2646,0,0.7325,1.375,3.436,96.56,0,5864.4,2.0706,54.3,3.00075,161.065,1.562,2.849,52.526,1.562,0.6676,1.375,1.181,98.82,0,5864.4,1.8501,54.3,1.47199,41.3463,0,0.6332,44.0165,0,0.6912,1.375,32.25,30.962,42.582,29.4962,68.5,5.2599,67.367,67.187,9.7488,11.653,30.939,33.25,60.021,12.01,14.93,2.02042,1.33034,6.85,2200,5750,0,8.87179,16,5888.15,6.98357,68.75,6.737,6.737,0,0,0,13.17,31.05,3200,38.256,1.195,41.0249,1.376,52,1.1,-2.4375
2026-09-07T08:31:12.348984+00:00,1.92211,723.733,108,23.86,76.14,0,5864.4,3.3435,54.3,6.28426,1408.48,19.05,23.56,217.47,3.175,3.903,1.38,89.78,10.22,0,5853.6,13.697,54.2,28.4312,1745.85,34.92,34.14,3556.88,60.32,70.24,1.37,5.286,60.13,34.59,5030.44,1.4768,46.5781,3.92348,279.107,3.175,5.026,25.1009,1.587,0.4483,1.37,56.93,43.07,0,5853.6,5.5043,54.2,11.91,510.43,7.937,9.718,2858.41,47.62,56.31,1.37,2.802,52.73,44.47,5030.44,1.0966,46.5781,2.42183,130.756,0,2.336,30.8217,0,0.561,1.37,10.53,78.9,10.58,5030.44,2.248,46.5781,3.933,576.805,9.524,10.69,35.197,1.587,0.6454,1.37,2.225,97.77,0,5853.6,1.8207,54.2,2.10863,85.0465,3.175,1.456,57.8583,1.587,0.791,1.37,0.7964,99.2,0,5853.6,1.6534,54.2,0.636041,31.8239,1.587,0.4717,29.6861,1.587,0.4397,1.37,28,28.115,38.645,29.9264,70,5.256,63.537,63.779,9.7338,11.634,28.188,32.875,56.06,12.3,13.8,2.25315,0.882715,7,2200,5750,0,9.12821,15.75,5892.53,6.61117,60.32,6.354,6.354,0,0,0,12,31.5,3200,38.1777,1.195,41.0467,1.375,52,1.1,-2.4375
2026-09-07T08:31:13.368095+00:00,1.93916,730.472,108,24.68,75.32,0,5869.8,3.7735,54.35,7.30448,1467.8,21.54,25.19,202.117,0,3.661,1.375,68.64,31.36,0,5864.4,10.118,54.3,21.7178,697.819,7.692,13.46,3360.79,58.46,70.31,1.37,5.3,87.05,7.648,5864.4,2.0161,54.3,4.82052,287.437,1.538,5.299,20.8393,0,0.3814,1.37,78.19,21.81,0,5886,8.4856,54.5,17.474,1215.83,16.92,23.71,3423.26,56.92,67.87,1.375,2.65,56.15,41.2,5012.3,1.2194,46.4102,2.89776,137.763,0,2.529,11.2406,0,0.1921,1.375,11.53,88.08,0.3957,5886,2.6673,54.5,5.34913,620.559,3.077,11.7,43.1571,1.538,0.8182,1.375,2.155,97.85,0,5886,1.9005,54.5,2.44702,77.3879,0,1.339,59.3442,0,0.8521,1.375,0.7699,99.23,0,5886,1.7562,54.5,1.12799,34.7208,0,0.5499,27.4718,0,0.4126,1.375,30.375,32.075,43.994,28.0632,77,5.1574,68.409,68.384,9.5535,11.42,32.028,32.375,61.087,10.48,14.27,2.4363,0.837035,7.7,2200,5750,0,8.55128,15,5885.02,6.55784,58.46,6.841,6.841,0,0,0,13.63,29.54,3200,38.1642,1.195,41.0597,1.372,52,1.1,-2.4375
2026-09-07T08:31:14.384200+00:00,2.07408,783.721,108,30.43,69.57,0,5886,4.1837,54.5,8.12076,1818.43,42.19,34.14,140.553,3.125,2.575,1.375,86.13,13.87,0,5886,10.651,54.5,22.0546,2164.63,37.5,42.19,3012.77,46.88,60.58,1.38,8.32,81.47,10.21,5012.3,2.1856,46.4102,5.32964,452.223,9.375,8.413,28.5517,1.562,0.5146,1.38,58.98,41.02,0,5886,8.1884,54.5,17.6959,828.821,17.19,15.89,2677.42,43.75,52.83,1.38,4.803,48.48,46.71,5012.3,1.2619,46.4102,3.24477,248.735,7.812,4.634,31.5697,1.562,0.5738,1.38,14.31,83.78,1.91,5012.3,2.9006,46.4102,5.85543,783.936,15.62,14.92,53.5666,3.125,1.003,1.38,3.092,96.91,0,5886,1.9858,54.5,2.65479,139.586,1.562,2.484,57.997,1.562,0.7807,1.38,1.354,98.65,0,5886,1.8062,54.5,1.32615,51.2623,1.562,0.8328,49.4887,1.562,0.8167,1.38,26.5,30.328,41.7,28.9264,68.5,5.1323,66.098,66.231,9.492,11.347,30.33,32.25,58.692,14.75,15.2,2.65925,0.961919,6.85,2200,5750,0,8.47436,15.25,5887.77,6.75411,46.88,6.61,6.61,0,0,0,12.91,30.45,3200,38.1486,1.195,41.0399,1.376,52,1.1,-2.4375
2026-09-07T08:31:15.402172+00:00,1.31471,495.864,108,17.49,82.51,0,5913,3.2281,54.75,5.70203,1037.12,10.94,17.7,124.2,1.562,2.305,1.39,54,46,0,5918.4,8.6981,54.8,17.2268,662.8,12.5,12.81,2566.56,46.88,52,1.39,2.622,34.18,63.2,5918.4,0.77095,54.8,2.53344,115.525,3.125,2.108,33.2062,1.562,0.6045,1.39,46.91,52.85,0.2304,5918.4,4.6562,54.8,8.49512,160.825,4.688,2.92,2609.04,46.88,51.13,1.39,1.361,11.49,87.15,5039.89,0.29121,46.6656,1.09932,65.8334,4.688,1.203,10.4542,0,0.1637,1.39,6.896,57.08,36.03,5918.4,1.6616,54.8,2.50338,374.931,4.688,7.269,21.2264,0,0.3773,1.39,1.263,98.74,0,5918.4,1.7537,54.8,1.69376,47.8488,3.125,0.7531,38.5213,0,0.4978,1.39,0.9276,99.07,0,5918.4,1.6799,54.8,0.346067,39.1901,3.125,0.5767,26.5393,0,0.3492,1.39,15,20.125,27.767,22.9296,72.5,5.1131,52.019,52.332,9.4158,11.256,20.174,31.125,44.648,8.984,9.548,1.36525,0.568454,7.25,2200,5750,0,8.45513,15.25,5908.43,5.28745,46.88,5.202,5.202,0,0,0,8.585,24.14,3200,38.0842,1.195,41.0251,1.383,52,1.1,-2.4375
2026-09-07T08:31:16.419739+00:00,1.02769,387.787,108,12.71,87.29,0,5918.4,2.6789,54.8,3.92403,752.308,6.25,12.19,115.602,3.125,2.086,1.39,18.99,81.01,0,5918.4,3.6469,54.8,6.14523,956.242,10.94,18.41,165.121,1.562,2.99,1.395,1.689,18.91,79.41,5039.89,0.45638,46.6656,1.33217,83.5818,1.562,1.504,11.3974,0,0.1852,1.395,58.42,41.58,0,5039.89,6.4426,46.6656,10.124,137.635,4.688,2.521,3317.84,57.81,64.88,1.395,0.936,6.614,92.45,5039.89,0.17895,46.6656,0.366187,41.8548,0,0.7524,12.3799,0,0.2044,1.395,4.403,49.76,45.83,5039.89,1.2532,46.6656,1.89474,225.467,4.688,4.172,23.0493,0,0.4122,1.395,1.723,98.28,0,5918.4,1.7719,54.8,1.3323,79.2016,0,1.352,31.9766,0,0.4126,1.395,3.896,96.1,0,5913,2.0245,54.75,0.898957,201.787,3.125,3.808,49.1485,1.562,0.7324,1.395,20.25,15.79,21.916,17.4058,55,5.1001,46.042,46.003,9.3868,11.221,15.821,29.25,38.747,5.957,7.288,0.694036,0.324767,5.5,2200,5750,0,8.67308,15.25,5921.43,3.82783,57.81,4.604,4.604,0,0,0,6.732,18.32,3200,38.0645,1.195,41.0358,1.389,52,1.1,-2.375
2026-09-07T08:31:17.438123+00:00,0.993642,376.921,108,15.98,84.02,0,5907.6,3.0328,54.7,4.4905,946.542,17.46,16.01,117.665,3.175,2.109,1.39,25.67,74.33,0,5913,3.7699,54.75,5.7695,611.832,9.524,11.62,909.096,15.87,17.57,1.395,1.687,28.28,70.04,5035.29,0.64029,46.623,1.61537,83.7799,3.175,1.492,13.7662,0,0.226,1.395,48.15,51.83,0.02324,5913,5.4762,54.75,8.11348,385.866,6.349,7.362,2468.25,36.51,48.16,1.395,0.7423,9.855,89.4,5035.29,0.24947,46.623,0.43959,29.971,0,0.5138,16.2416,0,0.2734,1.395,5.369,60.82,33.81,5913,1.5906,54.75,1.84397,281.305,3.175,5.195,39.966,0,0.7378,1.395,0.8962,99.1,0,5913,1.7498,54.75,1.27394,32.0011,0,0.44,32.695,0,0.4468,1.395,0.8686,99.13,0,5913,1.7248,54.75,0.162361,31.9555,0,0.387,29.7977,0,0.3751,1.395,24.625,16.041,22.317,15.77,67.5,5.0894,46.381,46.317,9.3751,11.207,16.038,27.375,39.122,5.952,7.057,0.813183,0.383872,6.75,2200,5703.07,0,8.30128,15,5929.31,3.76659,36.51,4.638,4.638,0,0,0,6.825,16.6,3200,38.0405,1.195,41.0304,1.392,52,1.1,-2.375
2026-09-07T08:31:18.202726+00:00,1.94008,728.124,108,19.87,80.13,0,5896.8,3.2401,54.6,5.5956,1171.53,18.46,20.18,127.232,0,2.366,1.39,35.57,64.43,0,5891.4,4.1058,54.55,8.84128,1586.61,24.62,30.73,523.469,6.154,9.951,1.395,4.213,30.95,64.83,5016.9,0.92448,46.4527,3.21826,228.072,1.538,4.159,16.2444,0,0.2753,1.395,88.95,11.05,0,5891.4,12.502,54.55,22.9621,4668,80,91.56,611.347,12.31,11.94,1.395,2.509,95.11,2.378,5891.4,1.8872,54.55,3.23382,143.444,1.538,2.487,29.4078,0,0.5381,1.395,8.289,47.63,44.08,5891.4,1.5831,54.55,5.22616,442.442,4.615,8.206,36.3471,0,0.6675,1.395,2.702,97.3,0,5891.4,1.9022,54.55,2.5163,66.4787,0,1.134,116.933,1.538,2.189,1.395,31.91,68.09,0,5016.9,4.9403,46.4527,7.75815,160.724,3.077,3.02,1721.71,29.23,33.73,1.395,28,25.48,35.339,25.5213,116.5,5.1154,59.237,58.711,9.2915,11.108,25.409,28.875,52.074,11.44,13.95,0.833436,0.282831,11.65,2200,5750,0,8.62179,15,5894.75,5.61314,80,5.924,5.924,0,0,0,10.81,26.86,3200,38.0198,1.195,41.0247,1.388,52,1.1,-2.375
2026-09-07T08:31:19.220745+00:00,1.81896,703.98,108,18.7,81.3,0,5880.6,3.1567,54.45,6.10281,1102.79,18.75,19.08,156.822,1.562,2.502,1.375,67.1,32.9,0,5902.2,10.628,54.65,21.3005,3619.94,60.94,70.66,443.04,4.688,8.117,1.38,4.839,40.28,54.88,5902.2,1.1251,54.65,3.77783,240.197,3.125,4.062,69.6819,0,0.9588,1.38,74.99,25.01,0,5902.2,8.375,54.65,15.4626,406.85,6.25,7.463,4120.12,70.31,80.36,1.38,3.162,76.56,20.28,5030.69,1.5748,46.5805,3.10795,176.84,1.562,2.881,48.1157,0,0.5283,1.39,9.214,58.2,32.59,5030.69,1.7736,46.5805,3.67565,510.554,6.25,9.36,56.7566,0,0.7043,1.39,2.263,97.74,0,5907.6,1.7875,54.7,2.32949,120.997,1.562,1.827,53.5942,0,0.5733,1.39,1.626,98.37,0,5907.6,1.7061,54.7,0.592402,70.201,0,0.8657,67.1863,0,0.8289,1.39,20.75,24.759,34.311,27.3361,77,5.1125,58.646,59.053,9.4356,11.28,24.798,29.5,51.215,10.94,13.17,2.57375,0.423837,7.7,2200,5750,0,8.73718,15.25,5914.5,6.62362,70.31,5.865,5.865,0,0,0,10.55,28.77,3200,38.0812,1.195,41.0301,1.386,52,1.1,-2.375
2026-09-07T08:31:20.240092+00:00,2.28292,897.225,108,27.32,72.68,0,5761.8,3.8864,53.35,7.63112,1599.6,23.44,29.04,230.938,4.688,4.287,1.325,83.89,16.11,0,5783.4,9.9282,53.55,20.6645,4356.84,71.88,86.18,714.482,10.94,13.68,1.335,8.715,40.54,50.75,5783.4,1.4986,53.55,4.62488,471.513,9.375,8.835,113.53,3.125,2.142,1.335,81.43,18.57,0,5783.4,10.813,53.55,22.0983,2307.81,40.62,45.26,2607.9,46.88,51.89,1.335,5.647,32.4,61.95,5783.4,1.0735,53.55,3.06481,300.269,4.688,5.556,114.516,3.125,2.148,1.335,14.46,64.01,21.54,5783.4,2.5064,53.55,5.80507,712.401,14.06,13.36,220.785,4.688,4.21,1.335,3.86,96.14,0,5783.4,1.8901,53.55,2.66571,204.084,3.125,3.697,122.184,3.125,2.22,1.335,2.977,97.02,0,5783.4,1.7938,53.55,1.20367,138.431,3.125,2.505,140.311,3.125,2.548,1.335,25.125,27.822,37.784,28.3632,124,5.2056,62.288,61.871,9.6299,11.512,27.711,32.25,55.022,15.62,17.35,2.85818,0.844864,12.4,2200,5750,0,8.89744,15.5,5857.08,6.63037,71.88,6.229,6.229,0,0,0,11.79,29.86,3200,38.1149,1.195,41.0549,1.36,52,1.1,-2.375
2026-09-07T08:31:21.257707+00:00,2.23772,922.625,108,29.93,70.07,0,5891.4,4.1969,54.55,8.53666,1752.88,40.62,31.68,353.692,4.688,6.791,1.39,86.19,13.81,0,5902.2,10.496,54.65,21.5835,4686.24,82.81,93.98,782.21,14.06,15.11,1.385,9.789,30.5,59.71,5026.09,1.4449,46.5379,5.14615,513.455,7.812,10,147.799,6.25,2.838,1.385,60.13,39.87,0,5902.2,7.9031,54.65,17.0972,2300.37,37.5,46.15,1543.91,28.12,30.51,1.385,8.688,20.24,71.08,5026.09,1.1302,46.5379,3.72735,470.137,9.375,9.125,118.094,3.125,2.26,1.385,15.55,60.9,23.54,5026.09,2.5157,46.5379,5.86674,823.526,14.06,16.24,244.766,4.688,4.735,1.385,7.489,92.51,0,5902.2,2.2878,54.65,3.64877,406.658,7.812,7.887,123.654,3.125,2.307,1.385,5.997,94,0,5026.09,2.138,46.5379,2.126,289.969,6.25,5.637,204.652,4.688,3.883,1.385,31.25,27.459,37.532,26.0256,83,5.805,63.644,63.784,10.197,12.186,27.536,32,56.104,17.19,18.07,3.33846,0.943883,8.3,2200,5750,0,9.19872,15.75,5881.03,6.94832,82.81,6.364,6.364,0,0,0,11.72,27.4,3200,38.2282,1.195,41.0851,1.372,52,1.1,-2.375
2026-09-07T08:31:22.275873+00:00,2.23854,844.957,108,27.35,72.65,0,5875.2,4.3865,54.4,8.58568,1624.13,20.31,30.32,116.086,1.587,2.133,1.375,92.23,7.769,0,5880.6,12.788,54.45,26.4014,4503.68,78.12,89.49,1057.06,20.63,20.48,1.375,4.585,37.85,57.57,5007.7,1.0073,46.3676,4.01482,218.991,3.125,4.158,44.6213,0,0.8177,1.375,82.33,17.67,0,5880.6,8.8272,54.45,17.6345,1627.89,31.25,32.12,3272.19,50,64.22,1.375,2.381,16.51,81.11,5007.7,0.46398,46.3676,2.15465,115.796,1.562,2.178,21.6833,0,0.373,1.375,12.86,75.78,11.36,5880.6,2.7316,54.45,5.74636,683.207,12.5,13.28,66.0691,0,1.259,1.375,1.445,98.56,0,5880.6,1.7451,54.45,2.23982,78.549,0,1.377,29.1367,0,0.4598,1.375,0.6634,99.34,0,5880.6,1.6322,54.45,0.831533,31.5278,0,0.4969,28.6907,0,0.4525,1.375,27.875,28.263,38.899,28.0396,65.5,5.8486,65.197,65.156,10.285,12.293,28.266,32.25,57.625,13.69,16.47,5.26531,0.777013,6.55,2200,5750,0,9.20513,15.5,5891.16,7.45992,78.12,6.52,6.52,0,0,0,12.03,29.52,3200,38.401,1.195,41.0412,1.377,52,1.1,-2.375
2026-09-07T08:31:23.293286+00:00,2.87108,1207.02,108,41.63,58.37,0,5794.2,6.2045,53.65,13.6061,2437,46.88,46.15,424.488,7.812,8.155,1.345,89.98,10.02,0,5745.6,12.852,53.2,28.3481,4527.79,76.19,89.88,1121.07,18.46,21.91,1.32,15.87,73.03,11.1,5027.4,2.9426,46.55,8.63677,841.589,14.29,16.3,349.93,6.25,6.816,1.32,87.07,12.93,0,5745.6,10.519,53.2,23.8085,3352.35,62.5,66.69,2052.17,34.92,40.23,1.32,10.58,44.87,44.55,5027.4,1.8917,46.55,6.01728,544.489,9.524,10.53,337.847,6.25,6.578,1.32,25.24,73.65,1.109,5027.4,4.5984,46.55,10.6716,1398.05,25,27.26,351.29,6.25,6.853,1.32,9.975,90.02,0,5745.6,2.6804,53.2,5.10684,543.337,9.524,10.5,335.467,6.349,6.463,1.32,6.763,93.24,0,5745.6,2.3179,53.2,3.28808,348.386,6.349,6.692,347.01,6.349,6.664,1.32,31.25,36.111,48.628,30.3344,114.5,5.8724,74.479,74.446,10.09,12.059,36.105,33.625,67.146,21.43,23.61,1.79063,0.634574,11.45,2200,5750,0,9.16667,15.5,5825.81,8.02142,76.19,7.448,7.448,0,0,0,15.36,31.93,3200,38.4208,1.195,41.1253,1.352,52,1.1,-2.375
2026-09-07T08:31:24.310957+00:00,2.6435,1006.45,108,46.48,53.52,0,5842.8,6.8883,54.1,14.8816,2721.72,34.92,49.92,318.358,1.562,5.96,1.355,86.1,13.9,0,5864.4,12.246,54.3,27.4107,1862.21,31.25,43.22,3372.36,58.73,66.25,1.365,10.47,72.79,16.74,5039.72,2.2447,46.6641,7.30549,537.941,7.812,10.22,65.179,0,1.125,1.365,86.66,13.34,0,5864.4,8.8631,54.3,20.2065,754.34,11.11,14.51,4394.3,73.44,86.26,1.365,7.049,53.77,39.18,5039.72,1.419,46.6641,4.50827,343.607,4.688,6.466,60.1934,1.562,1.028,1.365,20.91,79.09,0,5039.72,3.9076,46.6641,8.71693,1158.22,17.46,22.44,64.0437,0,1.108,1.365,5.053,94.95,0,5864.4,2.0706,54.3,3.64867,268.399,4.688,4.954,53.5628,0,0.8159,1.365,1.635,98.36,0,5864.4,1.6677,54.3,1.65393,62.6344,0,0.9522,66.166,0,1.054,1.365,21.75,32.449,43.722,29.456,78,5.8635,69.608,69.824,10.082,12.049,32.48,33.875,62.221,15.45,19.77,2.07563,0.58409,7.8,2200,5750,0,8.96154,15.75,5823.77,7.76077,73.44,6.961,6.961,0,0,0,13.82,31.01,3200,38.497,1.195,41.1162,1.349,52,1.1,-2.375
2026-09-07T08:31:25.329140+00:00,1.98109,734.568,108,21.85,78.15,0,5842.8,3.6101,54.1,7.06474,1279.18,20,22.81,84.8723,0,1.529,1.35,98.57,1.428,0,5864.4,12.124,54.3,25.1023,3781.07,64.62,74.17,2010.64,34.38,39.4,1.365,3.694,59.08,37.23,5864.4,1.2522,54.3,3.66836,191.592,1.538,3.448,18.7747,0,0.3345,1.365,62.15,37.85,0,5864.4,7.3978,54.3,15.4405,1815.71,32.31,35.27,1882.62,38.46,36.69,1.365,1.556,15.75,82.7,5039.72,0.31045,46.6641,1.59294,75.7993,3.077,1.358,6.3014,0,0.09253,1.365,8.035,71.1,20.87,5864.4,1.8374,54.3,3.65097,439.662,3.077,8.012,11.9202,0,0.1986,1.365,1.323,98.68,0,5039.72,1.5716,46.6641,1.77709,65.4252,4.615,1.139,25.233,0,0.3859,1.365,0.9332,99.07,0,5864.4,1.4918,54.3,0.237947,39.2585,1.538,0.4871,25.0232,0,0.3676,1.365,35.625,24.165,32.912,26.1942,65,5.7036,58.304,58.268,9.9257,11.863,24.147,32.875,51.048,12.73,14.11,0.973893,0.438148,6.5,2200,5750,0,9.03205,15.5,5867.95,6.27883,64.62,5.83,5.83,0,0,0,10.28,27.57,3200,38.3579,1.195,41.0398,1.362,52,1.1,-2.375
2026-09-07T08:31:26.347949+00:00,2.08062,768.467,108,29.01,70.99,0,5875.2,4.5058,54.4,8.83026,1700.47,18.75,31.31,81.3123,0,1.433,1.375,53,47,0,5864.4,5.8094,54.3,12.5415,2828.25,48.44,55.1,287.669,1.538,5.346,1.365,6.567,57.74,35.7,5039.72,1.5585,46.6641,4.65192,346.521,3.125,6.265,19.7263,0,0.3191,1.365,99.94,0.06379,0,5864.4,12.559,54.3,25.0634,2811.42,46.88,55.05,3080.3,53.12,60.36,1.365,3.217,35.31,61.47,5039.72,0.79087,46.6641,2.56356,164.097,0,2.913,10.3908,0,0.1386,1.365,13.03,85.52,1.448,5864.4,2.7679,54.3,6.48093,719.528,14.06,13.31,22.2858,0,0.3612,1.365,2.02,97.98,0,5864.4,1.702,54.3,2.26844,112.881,4.688,1.959,18.6246,0,0.2085,1.365,1.287,98.71,0,5864.4,1.6199,54.3,0.963235,62.3076,0,0.8533,29.6963,0,0.4061,1.365,28,25.084,34.322,25.748,56.5,5.271,58.957,58.987,9.652,11.536,25.085,31.875,51.656,11.91,14.71,1.27816,0.617746,5.65,2200,5750,0,8.90385,15.5,5880.69,6.26695,53.12,5.896,5.896,0,0,0,10.67,27.1,3200,38.2044,1.195,41.0548,1.369,52,1.1,-2.375
2026-09-07T08:31:27.367954+00:00,2.57162,986.3,108,39.56,60.44,0,5815.8,5.3495,53.85,10.8295,2332.09,32.81,42.69,217.759,3.125,3.814,1.355,75.99,24.01,0,5778,10.15,53.5,21.5222,3570.39,62.5,70.28,989.601,15.62,19.01,1.35,12.97,69.71,17.32,5778,2.5077,53.5,6.65881,734.955,9.375,13.74,74.7226,3.125,1.19,1.35,90.03,9.97,0,5778,9.8675,53.5,20.4686,4742.52,81.25,93.31,634.116,12.5,12.08,1.35,8.013,61.61,30.37,5810.4,1.7913,53.8,4.45172,400.921,3.125,7.338,114.758,1.562,1.954,1.35,22.1,69.56,8.339,5810.4,3.6776,53.8,7.60753,1213.86,17.19,22.95,135.647,4.688,2.355,1.35,5.192,94.81,0,5810.4,2.0944,53.8,3.29553,269.922,3.125,4.81,98.4791,3.125,1.517,1.35,3.313,96.69,0,5810.4,1.8866,53.8,1.58209,137.098,3.125,2.152,113.964,1.562,1.689,1.35,26.5,30.098,41.195,27.0029,122.5,5.2184,65.85,65.571,9.6729,11.562,30.02,32,58.497,16.11,18.8,3.24417,1.39732,12.25,2200,5750,0,8.85256,15.5,5874.48,7.35317,81.25,6.585,6.585,0,0,0,12.77,28.42,3200,38.3184,1.195,41.0848,1.37,52,1.1,-2.375
2026-09-07T08:31:28.386470+00:00,2.37819,919.451,108,37.82,62.18,0,5913,5.165,54.75,10.8923,2225.22,29.69,40.23,284.987,4.688,5.33,1.39,74.72,25.28,0,5896.8,8.376,54.6,17.2407,4041.66,64.06,79.21,474.057,12.5,9.079,1.385,14.33,74.02,11.65,5896.8,2.714,54.6,7.36472,789.488,14.06,15.18,79.7648,1.562,1.539,1.385,68,32,0,5896.8,8.5812,54.6,18.0498,3734.71,62.5,73.23,401.469,9.375,7.639,1.385,9.316,75.73,14.95,5896.8,2.1678,54.6,5.23884,481.066,17.19,9.21,89.3711,1.562,1.724,1.385,22.35,72.88,4.77,5896.8,3.6443,54.6,7.63892,1208.19,28.12,23.35,134.241,1.562,2.595,1.385,6.863,93.14,0,5896.8,2.1899,54.6,3.77019,357.323,9.375,6.719,101.309,1.562,1.786,1.385,4.41,95.59,0,5896.8,1.9691,54.6,1.88428,137.275,3.125,2.459,171.093,6.25,3.119,1.385,19.375,29.077,39.658,23.9958,123,5.264,64.563,64.857,9.7415,11.644,29.137,31.125,57.092,16.7,17.65,2.71831,0.78826,12.3,2200,5750,0,8.78205,15,5867.51,7.05241,64.06,6.456,6.456,0,0,0,12.4,25.26,3200,38.2106,1.195,41.1294,1.366,52,1.1,-2.375
2026-09-07T08:31:29.405640+00:00,1.27552,516.668,108,20.81,79.19,0,5907.6,3.6251,54.7,6.68769,1236.93,12.5,19.55,303.435,7.812,5.774,1.39,40.49,59.51,0,5886,4.8535,54.5,7.98903,2073.51,29.69,40.51,438.787,4.688,8.401,1.39,5.662,82.91,11.43,5012.3,2.0335,46.4102,4.68544,288.226,6.25,5.575,84.0525,1.562,1.621,1.39,39.16,60.84,0,5886,5.7901,54.5,9.84771,2000.72,34.38,38.99,397.139,4.688,7.563,1.39,4.021,80.26,15.72,5012.3,1.768,46.4102,3.50935,205.02,1.562,3.975,66.5509,1.562,1.277,1.39,10,84.27,5.722,5012.3,2.4971,46.4102,3.7257,512.773,9.375,9.891,111.273,1.562,2.158,1.39,4.461,95.54,0,5886,2.159,54.5,2.93719,197.002,1.562,3.649,122.144,3.125,2.138,1.39,2.941,97.06,0,5886,1.9921,54.5,1.00212,83.0516,1.562,1.434,146.072,1.562,2.656,1.39,18.375,23.368,32.458,16.3781,84,5.2582,57.11,57.132,9.6937,11.586,23.374,29.125,49.828,7.715,9.699,1.08678,0.338593,8.4,2200,5750,0,8.76282,15,5918.78,4.9499,34.38,5.711,5.711,0,0,0,9.946,17.24,3200,38.1994,1.195,41.0608,1.39,52,1.1,-2.3125
2026-09-07T08:31:30.426034+00:00,1.60495,694.452,108,24.76,75.24,0,5907.6,3.9265,54.7,7.57331,1464.19,23.44,24.84,363.078,6.25,6.96,1.39,37.87,62.13,0,5880.6,5.4257,54.45,9.84117,1724.63,26.56,33.59,965.969,15.62,18.87,1.39,10.5,76.9,12.61,5880.6,2.4408,54.45,5.91046,488.342,10.94,9.56,256.702,6.25,5.011,1.39,47.57,52.43,0,5880.6,6.0237,54.45,10.8848,1451.33,18.75,28.21,1566.42,28.12,30.72,1.39,9.112,75.11,15.78,5880.6,2.2382,54.45,4.83979,462.227,6.25,9.046,240.166,6.25,4.683,1.39,15.24,79.1,5.666,5880.6,3.0546,54.45,5.22359,814.645,15.62,15.93,210.002,4.688,4.097,1.39,9.419,90.58,0,5880.6,2.5563,54.45,3.96592,495.681,9.375,9.567,153.424,1.562,2.809,1.39,6.027,93.97,0,5880.6,2.2249,54.45,1.78659,231.673,4.688,4.356,222.736,1.562,4.168,1.39,19.375,26.071,36.004,17.416,109.5,5.2501,60.784,60.897,9.703,11.597,26.126,27.625,53.376,11.62,13.27,1.91658,0.590054,10.95,2200,5750,0,8.58333,15,5902.97,5.33011,28.12,6.078,6.078,0,0,0,11.12,18.33,3200,38.171,1.195,41.0654,1.385,52,1.1,-2.3125
2026-09-07T08:31:31.444328+00:00,1.33349,538.309,108,19.62,80.38,0,5902.2,3.5121,54.65,6.18888,1168.77,10.94,18.47,304.647,11.11,5.831,1.395,32.85,67.15,0,5896.8,4.7772,54.6,7.49209,1112.76,20.63,21.72,939.556,12.7,18.16,1.395,8.036,79.87,12.1,5021.49,2.2677,46.4953,4.89395,278.028,4.762,5.408,232.896,6.349,4.537,1.395,38.7,61.3,0,5896.8,5.1429,54.6,8.16792,833.857,17.46,16.23,1533.64,25.4,29.81,1.395,5.331,77.07,17.6,5021.49,1.8186,46.4953,3.51142,202.128,6.349,3.915,143.549,1.587,2.771,1.395,9.369,87.32,3.31,5021.49,2.5222,46.4953,3.70683,475.191,11.11,9.225,120.376,1.587,2.333,1.395,4.699,95.3,0,5896.8,2.1729,54.6,2.83158,206.086,4.762,3.84,130.951,1.562,2.332,1.395,14.74,85.26,0,5896.8,3.1514,54.6,3.30786,114.342,1.587,1.938,816.168,14.29,15.82,1.395,16.875,21.479,29.866,16.2378,75,5.2509,54.351,54.21,9.614,11.49,21.457,26,47.132,9.511,10.15,0.755776,0.351828,7.5,2200,5750,0,8.73718,14.75,5913.55,4.64646,25.4,5.435,5.435,0,0,0,9.131,17.09,3200,38.1747,1.195,41.0552,1.392,52,1.1,-2.3125
2026-09-07T08:31:32.210211+00:00,1.30298,537.962,108,22.5,77.5,0,5891.4,3.7824,54.55,6.83461,1346.51,23.44,22.44,312.765,6.154,5.931,1.385,35.5,64.5,0,5896.8,5.0974,54.6,8.33609,1458.59,24.62,28.45,789.791,13.85,15.31,1.39,7.615,85.57,6.81,5021.49,2.3257,46.4953,5.11821,372.327,9.231,7.269,131.358,4.615,2.544,1.39,38.26,61.74,0,5896.8,5.4414,54.6,9.1481,762.133,12.31,14.78,1625.07,27.69,31.7,1.39,5.43,81.8,12.78,5021.49,1.9257,46.4953,3.83659,272.721,3.077,5.305,93.7239,3.077,1.791,1.39,11.16,86.5,2.341,5896.8,2.6911,54.6,3.93874,564.608,12.31,11.05,151.579,4.615,2.945,1.39,5.97,94.03,0,5896.8,2.3359,54.6,3.26309,275.483,6.154,5.227,151.728,3.125,2.687,1.39,3.864,96.14,0,5896.8,2.1024,54.6,1.21332,105.933,3.077,1.852,193.074,3.077,3.564,1.39,16,21.453,29.794,15.9491,106.5,5.2273,54.277,54.435,9.5949,11.468,21.465,24.625,47.012,10.03,10.18,0.852037,0.378351,10.65,2200,5750,0,8.83974,15.5,5915.61,4.96097,27.69,5.428,5.428,0,0,0,9.134,16.79,3200,38.0988,1.195,41.0198,1.391,52,1.1,-2.3125
2026-09-07T08:31:33.227815+00:00,1.39377,578.784,108,22.52,77.48,0,5896.8,3.8199,54.6,7.13259,1351.4,17.19,22.79,320.706,3.175,6.069,1.39,34.6,65.4,0,5902.2,5.0058,54.65,8.64208,1275.81,17.19,24.84,959.114,14.06,18.71,1.385,8.577,84.35,7.072,5026.09,2.3345,46.5379,5.27948,417.518,9.524,8.194,149.234,3.175,2.895,1.385,44.64,55.36,0,5902.2,6.1398,54.65,10.5905,905.872,17.19,17.68,1906.23,30.16,37.36,1.385,6.625,80.97,12.41,5026.09,1.9826,46.5379,4.00696,315.132,6.349,6.167,119.862,1.587,2.298,1.385,12.22,85.36,2.416,5026.09,2.7744,46.5379,4.3936,612.467,12.7,12.11,167.329,3.175,3.25,1.385,5.58,94.42,0,5902.2,2.2303,54.65,3.13879,288.967,3.175,5.51,120.282,1.562,2.159,1.385,4.611,95.39,0,5026.09,2.1238,46.5379,1.38588,122.198,1.562,2.153,228.417,3.125,4.274,1.385,17.375,25.606,35.438,16.6898,109,5.2629,60.067,59.942,9.6921,11.584,25.599,23.75,52.811,9.056,11.03,1.08657,0.401409,10.9,2200,5750,0,8.58333,14.75,5909.91,5.10425,30.16,6.007,6.007,0,0,0,10.89,17.57,3200,38.1569,1.195,41.0405,1.386,52,1.1,-2.3125
2026-09-07T08:31:34.245122+00:00,1.27341,526.354,108,20.61,79.39,0,5902.2,3.5432,54.65,6.2845,1243.43,9.375,21.62,236.774,4.615,4.525,1.385,31.14,68.86,0,5896.8,4.8621,54.6,8.19251,1387.44,25,26.96,615.71,9.375,11.93,1.385,6.415,84.76,8.822,5021.49,2.0972,46.4953,4.58581,322.633,1.538,6.385,105.668,0,2.033,1.385,42.73,57.27,0,5896.8,6.0269,54.6,10.1056,469.475,7.812,9.047,2215.31,35.38,43.34,1.385,5.669,81.22,13.11,5021.49,1.9146,46.4953,3.62005,269.529,3.077,5.275,109.409,0,2.091,1.385,10.63,87.26,2.105,5021.49,2.6338,46.4953,3.99394,545.686,7.692,10.8,147.849,1.538,2.864,1.385,5.836,94.16,0,5896.8,2.272,54.6,3.01137,274.296,3.077,5.267,147.854,0,2.591,1.385,4.301,95.7,0,5896.8,2.1375,54.6,1.33259,116.458,0,2.082,214.146,1.562,4.013,1.385,15.5,25.103,34.851,16.2184,80,5.2336,59.303,59.258,9.6323,11.513,25.071,22.625,52.121,6.878,10.05,0.644468,0.274966,8,2200,5750,0,8.82692,14.5,5916.19,4.80131,35.38,5.93,5.93,0,0,0,10.67,17.07,3200,38.1573,1.195,41.0524,1.39,52,1.1,-2.3125
2026-09-07T08:31:35.262106+00:00,1.23874,516.113,108,20.1,79.9,0,5902.2,3.5384,54.65,6.27048,1204.65,9.375,20.21,255.82,3.125,4.898,1.39,30.47,69.53,0,5896.8,4.8464,54.6,8.18982,1250.66,15.62,24.27,736.237,9.375,14.26,1.385,6.519,85.23,8.251,5896.8,2.1144,54.6,4.55427,315.168,1.562,6.215,127.199,3.125,2.465,1.385,41.35,58.65,0,5896.8,5.6548,54.6,9.37148,515.29,1.562,9.954,2092.34,37.5,40.81,1.385,5.268,81.59,13.15,5896.8,1.8838,54.6,3.5152,266.428,1.562,5.224,93.9532,1.562,1.795,1.385,10.53,86.93,2.541,5896.8,2.624,54.6,3.93141,560.221,7.812,11.06,125.601,4.688,2.442,1.385,5.418,94.58,0,5896.8,2.2636,54.6,2.94849,271.936,3.125,5.187,123.07,1.562,2.208,1.385,4.22,95.78,0,5896.8,2.1174,54.6,1.28216,111.28,1.562,1.941,207.952,1.562,3.847,1.385,18.875,21.331,29.619,16.0267,107,5.2482,54.128,54.208,9.6118,11.489,21.337,21.75,46.88,6.543,9.798,0.694773,0.285151,10.7,2200,5750,0,8.69872,15.25,5917.3,4.7843,37.5,5.413,5.413,0,0,0,9.08,16.87,3200,38.1829,1.195,41.0754,1.391,52,1.1,-2.3125
2026-09-07T08:31:36.279994+00:00,1.21517,493.516,108,19.72,80.28,0,5907.6,3.4685,54.7,6.05115,1174.75,14.06,19.81,232.916,3.175,4.41,1.39,33.68,66.32,0,5913,4.9723,54.75,8.69835,1170.23,14.06,22.82,939.289,12.5,18.26,1.395,4.695,84.12,11.19,5035.29,1.8785,46.623,4.13052,240.14,7.937,4.715,76.1635,1.587,1.479,1.395,45.16,54.84,0,5913,6.4124,54.75,11.1286,511.446,7.812,9.878,2261.67,40.62,44.2,1.395,3.563,79.37,17.07,5030.69,1.643,46.5805,3.00038,169.673,3.175,3.335,81.6272,1.587,1.561,1.395,7.955,88.68,3.368,5907.6,2.3707,54.7,3.65321,419.601,6.25,8.094,97.6898,1.587,1.887,1.395,3.671,96.33,0,5907.6,2.0493,54.7,2.48658,181.926,3.125,3.397,98.2827,1.562,1.727,1.395,3.077,96.92,0,5907.6,1.9705,54.7,0.989343,91.3802,1.562,1.572,149.458,3.125,2.7,1.395,20.25,20.89,29.009,16.7397,86,5.2366,53.553,53.529,9.6073,11.482,20.93,21.375,46.251,7.733,9.365,0.821723,0.297039,8.6,2200,5750,0,8.72436,15,5919.85,4.792,40.62,5.355,5.355,0,0,0,8.906,17.62,3200,38.1745,1.195,41.0532,1.39,52,1.1,-2.3125
2026-09-07T08:31:37.296780+00:00,1.28363,520.413,108,20.21,79.79,0,5902.2,3.5357,54.65,6.38177,1203.53,14.06,20.98,222.71,3.125,4.303,1.395,31.84,68.16,0,5907.6,5.0975,54.7,9.27633,1419.07,23.81,27.65,614.071,6.349,11.91,1.4,5.494,83.8,10.7,5030.69,1.9631,46.5805,4.46728,273.363,3.125,5.338,97.3931,1.562,1.888,1.4,48.98,51.02,0,5030.69,6.5494,46.5805,11.4588,468.552,3.175,9.046,2538.66,44.44,49.91,1.4,4.573,78.82,16.61,5030.69,1.7491,46.5805,3.39719,222.792,6.25,4.354,87.4031,0,1.707,1.4,9.681,86.47,3.85,5030.69,2.5139,46.5805,4.05053,504.077,11.11,9.876,107.394,0,2.091,1.4,4.411,95.59,0,5030.69,2.1098,46.5805,2.73521,216.624,3.125,4.084,104.732,0,1.864,1.4,3.175,96.82,0,5907.6,1.9712,54.7,1.11723,95.5282,0,1.674,150.706,3.125,2.754,1.4,16.5,22.033,30.558,17.2919,101,5.2555,55.139,55.218,9.6572,11.542,22.026,21.375,47.881,7.704,9.964,0.973378,0.400592,10.1,2200,5750,0,8.39103,15.25,5916.56,5.06194,44.44,5.514,5.514,0,0,0,9.373,18.2,3200,38.1003,1.195,41.0552,1.389,52,1.1,-2.3125
2026-09-07T08:31:38.316047+00:00,1.60375,683.895,108,24.37,75.63,0,5907.6,3.8956,54.7,7.58594,1441.05,9.375,25.09,301.145,4.615,5.736,1.395,33.77,66.23,0,5902.2,5.419,54.65,10.1902,1600.37,23.08,31.17,674.793,10.77,13.04,1.38,9.433,80.42,10.14,5902.2,2.3718,54.65,5.82564,492.39,7.692,9.589,198.59,1.538,3.87,1.38,55.49,44.51,0,5902.2,6.5544,54.65,11.8254,872.796,9.231,16.96,2668.64,44.62,52.27,1.38,8.968,75.66,15.37,5902.2,2.2127,54.65,4.8151,459.141,7.692,8.978,168.597,3.077,3.281,1.38,14.16,81.63,4.205,5902.2,2.9463,54.65,5.17287,751.696,7.692,14.61,230.514,1.538,4.491,1.38,7.984,92.02,0,5902.2,2.4725,54.65,3.90315,420.646,7.812,8.104,177.318,0,3.289,1.38,6.202,93.8,0,5902.2,2.2838,54.65,1.984,210.391,1.538,3.96,274.252,3.125,5.13,1.38,17.375,23.836,32.939,17.5776,103,5.2182,57.395,57.242,9.6178,11.496,23.751,21.625,50.175,8.962,13.1,1.95619,0.586765,10.3,2200,5750,0,8.74359,15.25,5908.86,5.58296,44.62,5.739,5.739,0,0,0,10.11,18.5,3200,38.2083,1.195,41.0704,1.387,52,1.1,-2.3125
2026-09-07T08:31:39.331818+00:00,1.68678,720.71,108,26.22,73.78,0,5869.8,3.995,54.35,7.69918,1557.83,18.75,25.26,421.392,4.688,8.117,1.37,40.8,59.2,0,5875.2,5.8731,54.4,10.9913,1732.3,26.56,33.83,1005,17.19,19.5,1.375,10.64,82.47,6.894,5875.2,2.5622,54.4,6.04133,554.725,7.812,10.88,154.971,4.688,3.017,1.375,52.17,47.83,0,5875.2,6.847,54.4,12.7556,1086.18,17.19,21.16,2353.21,35.94,46,1.375,8.655,79.28,12.07,5869.8,2.2799,54.35,4.85052,447.127,6.25,8.749,156.117,4.688,3.032,1.38,14.98,83.42,1.597,5869.8,3.0845,54.35,5.5497,731.36,7.812,14.34,251.167,4.688,4.911,1.38,8.821,91.18,0,5869.8,2.5545,54.35,3.99026,450.095,4.688,8.69,163.049,3.125,2.98,1.38,6.392,93.61,0,5869.8,2.3088,54.35,2.13499,200.318,3.125,3.681,266.51,4.688,5.008,1.38,18.875,24.015,33.23,18.0159,116,5.2058,57.849,57.898,9.6084,11.484,24.068,21.875,50.44,10.74,13.7,1.92059,0.720441,11.6,2200,5750,0,8.71154,15.5,5908.12,5.65622,35.94,5.785,5.785,0,0,0,10.24,18.96,3200,38.2048,1.195,41.0999,1.388,52,1.1,-2.3125
2026-09-07T08:31:40.350106+00:00,1.29703,532.294,108,20.24,79.76,0,5902.2,3.6063,54.65,6.68438,1217.35,14.06,21.35,223.219,3.125,4.256,1.38,38.83,61.17,0,5896.8,5.0611,54.6,8.78363,1812.06,28.12,35.31,649.47,9.375,12.57,1.385,7.529,83.38,9.088,5896.8,2.192,54.6,4.93025,362.059,4.688,7.096,126.135,1.562,2.434,1.385,37.97,62.03,0,5902.2,6.0591,54.65,10.8146,1406.27,18.75,27.14,986.364,15.62,19.34,1.39,5.302,82.45,12.25,5902.2,1.9304,54.65,3.7905,260.738,1.562,5.036,99.3411,0,1.902,1.39,10.49,86.85,2.654,5902.2,2.6167,54.65,4.32263,558.045,6.25,10.88,119.332,0,2.311,1.39,5.302,94.7,0,5902.2,2.2329,54.65,3.06788,267.274,1.562,5.035,121.255,1.562,2.136,1.39,4.041,95.96,0,5902.2,2.1011,54.65,1.542,108.118,0,1.901,199.683,1.562,3.688,1.39,19.75,21.167,29.377,16.7475,111,5.2729,54.019,54.143,9.6913,11.583,21.176,21.375,46.76,6.738,10.15,0.881169,0.353855,11.1,2200,5750,0,8.70513,15,5914.64,5.07638,28.12,5.402,5.402,0,0,0,9.011,17.63,3200,38.124,1.195,41.05,1.39,52,1.1,-2.3125
2026-09-07T08:31:41.367237+00:00,1.48127,611.923,108,22.81,77.19,0,5907.6,3.7161,54.7,6.89077,1368.61,18.75,22.62,350.054,6.25,6.678,1.39,34.15,65.85,0,5902.2,5.3334,54.65,10.0464,1170.4,15.62,23.04,1007.63,15.62,19.45,1.39,8.312,86.3,5.386,5902.2,2.3562,54.65,5.33246,419.383,10.94,8.299,138.374,3.125,2.685,1.39,53.05,46.95,0,5896.8,7.1565,54.6,12.9641,2137.55,34.38,42,1154.82,15.62,22.53,1.385,6.443,84.97,8.584,5896.8,2.1041,54.6,4.16829,329.761,3.125,6.554,109.154,3.125,2.098,1.385,12.33,87.22,0.4531,5896.8,2.783,54.6,4.88589,631.48,4.688,12.72,153.873,4.688,2.997,1.385,6.213,93.79,0,5896.8,2.332,54.6,3.34222,328.084,4.688,6.382,125.451,3.125,2.272,1.385,4.823,95.18,0,5896.8,2.1991,54.6,1.80631,124.737,3.125,2.211,241.387,3.125,4.53,1.385,19.375,23.94,33.213,17.8161,110.5,5.2383,57.83,57.702,9.6972,11.59,23.936,21.5,50.565,9.375,11.69,1.22579,0.470695,11.05,2200,5750,0,8.75,15.25,5912.68,5.44307,34.38,5.783,5.783,0,0,0,10.19,18.75,3200,38.1421,1.195,41.0641,1.389,52,1.1,-2.3125
2026-09-07T08:31:42.384367+00:00,1.16881,470.079,108,18.11,81.89,0,5907.6,3.3822,54.7,6.06112,1082.91,12.5,19.24,161.614,3.125,3.064,1.395,27.52,72.48,0,5907.6,4.4509,54.7,7.84507,985.956,14.06,19.23,743.433,9.375,14.41,1.39,5.069,81.31,13.62,5030.69,1.8663,46.5805,4.20516,250.2,3.125,4.931,83.878,1.562,1.619,1.39,46.32,53.68,0,5902.2,6.3211,54.65,10.7767,1737.54,26.56,33.77,1112.78,17.19,21.81,1.39,4.268,78.41,17.33,5902.2,1.6963,54.65,3.19627,210.397,4.688,4.081,75.9442,1.562,1.444,1.39,8.302,85.74,5.954,5902.2,2.2986,54.65,3.63727,426.26,7.812,8.339,98.2467,1.562,1.888,1.39,4.178,95.82,0,5902.2,2.1057,54.65,2.66283,215.671,4.688,4.025,91.7642,1.562,1.607,1.39,3.122,96.88,0,5902.2,1.9912,54.65,1.15694,85.9139,1.562,1.506,158.759,3.125,2.856,1.39,19.75,20.62,28.661,16.5848,78.5,5.2535,53.27,53.401,9.6633,11.549,20.645,21,45.989,7.129,8.99,0.796142,0.301316,7.85,2200,5750,0,8.92949,15.25,5920.76,4.82352,26.56,5.327,5.327,0,0,0,8.785,17.46,3200,38.0932,1.195,41.0852,1.391,52,1.1,-2.3125
2026-09-07T08:31:43.401764+00:00,1.18916,482.008,108,18.54,81.46,0,5896.8,3.3953,54.6,5.97719,1106.31,17.46,19.01,209.63,6.349,4.011,1.39,31.36,68.64,0,5907.6,4.5574,54.7,7.88899,1248.17,23.81,24.36,722.754,11.11,13.96,1.395,5.04,83.66,11.3,5030.69,1.9015,46.5805,4.12815,262.029,7.937,5.148,79.874,3.175,1.548,1.395,44.92,55.08,0,5030.69,6.2836,46.5805,10.87,2546.17,46.03,50,203.366,9.524,3.913,1.395,3.834,79.74,16.43,5030.69,1.6832,46.5805,3.06615,179.875,4.762,3.562,88.3906,3.175,1.718,1.395,7.932,87.36,4.705,5030.69,2.3148,46.5805,3.625,395.07,9.524,7.768,115.347,4.762,2.254,1.395,4.163,95.84,0,5907.6,2.0734,54.7,2.54662,185.607,4.762,3.525,123.35,4.762,2.215,1.395,3.129,96.87,0,5907.6,1.9544,54.7,1.06376,97.6602,3.175,1.744,148.54,4.762,2.731,1.395,15,21.239,29.514,16.5784,87.5,5.2316,54.035,54.015,9.6119,11.488,21.25,20.5,46.758,10.32,9.217,0.962763,0.375179,8.75,2200,5750,0,8.66667,15.25,5921.25,4.74597,46.03,5.404,5.404,0,0,0,9.043,17.45,3200,38.1109,1.195,41.0806,1.391,52,1.1,-2.3125
2026-09-07T08:31:44.419056+00:00,1.21727,489.044,108,18.71,81.29,0,5907.6,3.3595,54.7,5.92507,1116.48,15.38,19.79,190.586,3.125,3.64,1.39,32,68,0,5907.6,4.236,54.7,7.33641,1325.58,21.54,25.87,672.019,10.94,13,1.395,4.554,82.14,13.3,5030.69,1.8309,46.5805,4.07542,225.798,6.25,4.431,84.2379,1.562,1.633,1.395,47.57,52.43,0,5030.69,7.0766,46.5805,12.3609,2714.16,47.69,53.1,178.714,3.125,3.449,1.395,3.967,77.1,18.93,5030.69,1.6609,46.5805,3.06506,193.586,4.688,3.8,78.5554,3.125,1.521,1.395,8.388,82.05,9.562,5030.69,2.2726,46.5805,3.66608,430.165,7.812,8.417,104.814,3.125,2.034,1.395,3.491,96.51,0,5907.6,2.0073,54.7,2.46441,178.216,3.125,3.362,90.1229,3.125,1.606,1.395,3.053,96.95,0,5030.69,1.9417,46.5805,0.939186,97.9799,3.077,1.675,143.692,3.077,2.633,1.395,18.375,20.221,28.09,17.3316,99.5,5.2353,52.553,52.562,9.5874,11.459,20.213,21.125,45.308,8.798,9.372,0.846526,0.343259,9.95,2200,5750,0,8.75641,15.25,5919.68,4.84765,47.69,5.255,5.255,0,0,0,8.601,18.24,3200,38.0599,1.195,41.0549,1.39,52,1.1,-2.25
2026-09-07T08:31:45.438083+00:00,1.21907,494.441,108,18.77,81.23,0,5902.2,3.4677,54.65,6.27054,1119.34,20.31,19.72,175.462,1.562,3.34,1.39,35.57,64.43,0,5902.2,4.6131,54.65,7.65015,1504.73,25,29.06,734.167,12.31,14.18,1.385,5.32,82.75,11.93,5902.2,1.9619,54.65,4.40127,265.243,4.615,5.141,95.8864,0,1.848,1.385,41.99,58.01,0,5902.2,6.2792,54.65,10.8593,2148.25,34.38,41.96,445.346,6.154,8.58,1.385,4.099,79.64,16.26,5902.2,1.7278,54.65,3.29806,193.006,4.688,3.733,90.8686,0,1.754,1.385,9.038,87.87,3.089,5902.2,2.5312,54.65,3.85819,486.012,10.77,9.382,97.4874,1.562,1.878,1.385,4.037,95.96,0,5902.2,2.1042,54.65,2.75934,204.439,1.538,3.836,103.237,0,1.837,1.385,3.096,96.9,0,5902.2,1.9726,54.65,1.00411,104.105,0,1.744,143.475,1.562,2.597,1.385,20.25,20.918,29.078,16.4854,76,5.2026,53.445,53.332,9.5187,11.378,20.924,20.625,46.179,7.778,9.412,0.922448,0.355531,7.6,2200,5750,0,8.72436,15.5,5920.42,4.93489,34.38,5.345,5.345,0,0,0,8.904,17.35,3200,38.0847,1.195,41.0349,1.392,52,1.1,-2.3125
2026-09-07T08:31:46.201920+00:00,1.29309,526.138,108,19.76,80.24,0,5896.8,3.5218,54.6,6.46671,1185.47,14.29,19.81,254.661,10.94,4.836,1.39,26.53,73.47,0,5026.09,4.6589,46.5379,8.27425,931.953,19.05,18.46,740.114,15.87,14.23,1.395,6.125,85.3,8.576,5026.09,2.0923,46.5379,4.71131,316.38,3.175,6.257,92.1748,1.562,1.762,1.395,54.25,45.75,0,5026.09,6.7714,46.5379,11.385,1926.08,33.33,37.66,1416.94,28.57,27.68,1.395,5.094,81.56,13.35,5026.09,1.8671,46.5379,3.66972,253.426,3.125,4.991,87.015,1.562,1.646,1.395,8.86,88.49,2.646,5026.09,2.4251,46.5379,3.74095,462.896,11.11,9.245,104.719,3.125,2.016,1.395,4.844,95.16,0,5026.09,2.189,46.5379,3.02688,236.388,3.175,4.476,117.272,3.175,2.027,1.395,3.851,96.15,0,5902.2,2.0727,54.65,1.1397,102.086,3.175,1.776,190.63,4.762,3.517,1.395,17.875,21.398,29.729,16.8338,99,5.162,53.97,54.072,9.4781,11.33,21.386,20.5,46.736,10,10.02,0.882306,0.349331,9.9,2200,5750,0,8.67949,15.25,5917.37,5.0995,33.33,5.397,5.397,0,0,0,9.1,17.72,3200,38.1709,1.195,41.1005,1.391,52,1.1,-2.3125
2026-09-07T08:31:47.219745+00:00,1.23952,501.207,108,19.54,80.46,0,5907.6,3.4901,54.7,6.34254,1164.84,7.692,19.89,217.889,4.615,4.156,1.385,30.65,69.35,0,5907.6,4.9236,54.7,8.99108,1361.41,18.46,26.51,559.459,6.154,10.72,1.39,5.063,84.52,10.42,5907.6,1.9567,54.7,4.458,255.218,1.538,5.003,86.2046,0,1.672,1.39,49.07,50.93,0,5907.6,6.4495,54.7,11.2319,1827.73,27.69,35.53,1176.85,20,23.01,1.38,4.139,78.33,17.53,5907.6,1.7025,54.7,3.34775,195.638,1.538,3.824,92.0091,1.538,1.777,1.38,8.708,88.49,2.798,5907.6,2.4713,54.7,4.00582,470.088,4.615,9.151,87.8788,0,1.699,1.38,3.658,96.34,0,5907.6,2.048,54.7,2.67294,183.317,3.077,3.444,95.6225,3.077,1.696,1.38,3.132,96.87,0,5907.6,1.9749,54.7,1.20763,90.114,1.538,1.547,155.041,3.077,2.75,1.38,24.625,20.967,29.129,17.0564,92,5.1994,53.508,53.411,9.5468,11.411,20.966,20.625,46.259,6.538,9.524,0.849628,0.329799,9.2,2200,5750,0,8.53846,15,5920.1,5.08214,27.69,5.351,5.351,0,0,0,8.922,17.95,3200,38.1288,1.195,41.0595,1.391,52,1.1,-2.3125
2026-09-07T08:31:48.238528+00:00,1.1793,473.415,108,17.82,82.18,0,5913,3.303,54.75,5.91596,1062.86,12.5,18,205.446,7.937,3.879,1.39,30.05,69.95,0,5907.6,4.8835,54.7,8.6647,1368.42,18.75,26.66,501.576,10.94,9.516,1.395,4.758,82.57,12.67,5030.69,1.8354,46.5805,4.16157,237.875,1.587,4.609,74.9982,1.587,1.454,1.395,47.27,52.73,0,5907.6,6.0077,54.7,10.2585,1499.64,31.25,29.39,1381.63,15.87,27,1.395,3.729,79.7,16.57,5030.69,1.6638,46.5805,3.20078,172.551,3.175,3.386,76.0894,3.175,1.476,1.395,7.894,87.48,4.63,5030.69,2.2898,46.5805,3.51791,413.663,12.5,8.058,92.3067,3.175,1.808,1.395,3.72,96.28,0,5907.6,2.0385,54.7,2.6007,180.253,3.125,3.402,94.5111,1.562,1.667,1.39,2.687,97.31,0,5907.6,1.9253,54.7,1.03094,81.4971,1.562,1.419,131.318,1.562,2.374,1.39,18.375,19.842,27.579,16.7414,76,5.197,51.961,52.017,9.5251,11.385,19.858,20.625,44.68,8.141,9.006,0.865948,0.295909,7.6,2200,5750,0,8.64744,15.25,5920.92,4.88377,31.25,5.196,5.196,0,0,0,8.45,17.62,3200,38.1052,1.195,41.0251,1.391,52,1.1,-2.25
2026-09-07T08:31:49.257143+00:00,1.1924,481.131,108,18.61,81.39,0,5907.6,3.4926,54.7,6.27267,1107.89,18.75,18.99,197.736,1.562,3.768,1.395,42.16,57.84,0,5902.2,4.9499,54.65,8.09456,2003.86,28.12,38.85,615.649,9.375,11.95,1.39,4.647,83.09,12.27,5896.8,1.8532,54.6,4.19451,230.887,6.25,4.488,83.9916,0,1.603,1.385,34.88,65.12,0,5896.8,5.8218,54.6,10.2843,950.521,9.375,18.4,1196.05,21.54,23.36,1.385,3.8,78.9,17.3,5896.8,1.6429,54.6,3.08454,179.604,4.688,3.476,80.7581,1.562,1.542,1.385,8.269,86.59,5.139,5896.8,2.3806,54.6,3.68424,426.603,14.06,8.301,97.895,0,1.877,1.385,4.039,95.96,0,5896.8,2.0533,54.6,2.58141,197.938,3.125,3.671,102.403,1.562,1.819,1.385,2.829,97.17,0,5896.8,1.9356,54.6,0.994113,96.5965,0,1.666,129.711,1.562,2.384,1.385,19.375,20.413,28.371,16.3775,88,5.258,52.916,52.943,9.6175,11.495,20.424,20.25,45.65,7.596,9.134,0.793059,0.313893,8.8,2200,5750,0,8.69872,15,5921.01,4.80912,28.12,5.292,5.292,0,0,0,8.691,17.24,3200,38.1212,1.195,41.0852,1.391,52,1.1,-2.3125
2026-09-07T08:31:50.275524+00:00,1.46137,592.173,108,22.91,77.09,0,5913,3.7998,54.75,7.00125,1358.46,23.44,23.47,249.064,3.125,4.732,1.4,39.02,60.98,0,5864.4,5.3994,54.3,9.47735,1719.36,31.25,33.98,698.327,7.812,13.48,1.37,9.695,80.58,9.727,5864.4,2.4367,54.3,5.37087,526.512,4.615,10.29,89.9205,3.125,1.764,1.37,45.77,54.23,0,5864.4,6.0511,54.3,10.4941,1250.15,21.88,24.35,1601.05,34.38,31.33,1.37,6.517,78.89,14.59,5864.4,2.0047,54.3,3.89264,339.65,4.615,6.64,97.9799,0,1.912,1.37,13.51,82.29,4.205,5837.4,2.8996,54.05,4.51939,729.266,14.06,14.01,159.23,3.125,3.124,1.365,4.865,95.14,0,5837.4,2.1713,54.05,2.88976,258.808,3.125,4.641,110.701,1.562,2.019,1.365,3.856,96.14,0,5837.4,2.012,54.05,1.13664,115.803,1.562,2.129,170.483,3.125,3.128,1.365,22.625,22.713,31.455,17.0115,118.5,5.2347,55.828,54.852,9.6659,11.553,22.525,20.5,48.766,10.05,11.31,1.74275,0.659633,11.85,2200,5750,0,8.87821,15.5,5913.59,5.04692,34.38,5.583,5.583,0,0,0,9.585,17.91,3200,38.1401,1.195,41.0771,1.388,52,1.1,-2.3125
2026-09-07T08:31:51.296095+00:00,1.16431,465.786,108,17.97,82.03,0,5907.6,3.2785,54.7,5.90355,1068.97,15.62,18.82,182.509,3.077,3.525,1.39,33.5,66.5,0,5902.2,4.2234,54.65,7.09297,1487.72,32.81,29.09,585.78,4.688,11.32,1.39,5.665,79.47,14.87,5902.2,1.8367,54.65,4.20569,265.169,6.25,5.19,107.264,1.538,2.082,1.39,38.45,61.55,0,5902.2,6.0426,54.65,10.5431,781.255,7.812,15.12,1594.99,28.12,31.24,1.39,4.321,77.31,18.37,5902.2,1.6464,54.65,3.1363,208.444,3.125,4.085,70.8629,3.077,1.364,1.39,9.167,83,7.836,5902.2,2.2936,54.65,3.76204,445.129,9.375,8.897,114.515,3.077,2.22,1.39,4.337,95.66,0,5902.2,2.0467,54.65,2.55114,198.069,1.562,4.02,103.025,1.562,1.797,1.39,3.016,96.98,0,5902.2,1.9134,54.65,0.984484,101.753,1.562,1.752,137.125,1.562,2.485,1.39,21.75,19.705,27.33,16.552,80,5.2578,52.131,53.148,9.677,11.566,19.837,20.25,44.679,7.802,8.939,0.962307,0.45601,8,2200,5750,0,8.76923,14.75,5918.19,4.64958,32.81,5.213,5.213,0,0,0,8.441,17.42,3200,38.143,1.195,41.0477,1.39,52,1.1,-2.25
2026-09-07T08:31:52.313215+00:00,1.1372,460.988,108,18.89,81.11,0,5907.6,3.4658,54.7,6.0476,1126.03,3.125,19.4,201.964,6.25,3.803,1.395,33.73,66.27,0,5902.2,4.577,54.65,7.48998,1563.92,23.44,30.38,532.57,6.25,10.25,1.385,5.02,83.73,11.25,5902.2,1.8904,54.65,4.11047,244.186,3.125,4.736,90.4469,0,1.738,1.385,36.01,63.99,0,5902.2,5.5197,54.65,9.42498,921.487,12.5,17.75,1316.41,20.31,25.8,1.385,3.76,79.97,16.27,5902.2,1.6555,54.65,2.99211,176.503,1.562,3.417,82.3926,0,1.587,1.385,9.816,87.5,2.682,5902.2,2.491,54.65,3.64817,487.889,14.06,9.505,124.043,0,2.412,1.385,3.622,96.38,0,5902.2,2.0051,54.65,2.39429,189.203,1.562,3.548,89.6093,0,1.564,1.385,2.868,97.13,0,5902.2,1.9146,54.65,0.862851,91.9258,0,1.582,137.23,1.562,2.447,1.385,23.125,19.871,27.613,16.0852,84,5.2139,52.104,52.125,9.5862,11.458,19.904,20,44.806,5.859,8.744,0.763923,0.306446,8.4,2200,5750,0,8.62821,15,5922.21,4.60233,23.44,5.21,5.21,0,0,0,8.47,16.93,3200,38.0952,1.195,41.0261,1.391,52,1.1,-2.25
2026-09-07T08:31:53.331848+00:00,1.19297,479.902,108,18.73,81.27,0,5902.2,3.4113,54.65,5.96065,1115.44,15.87,19.01,195.675,3.175,3.726,1.395,40.12,59.88,0,5030.69,4.8686,46.5805,8.21115,1957.19,36.51,38.37,506.229,6.349,9.639,1.395,4.93,85.13,9.941,5030.69,1.9341,46.5805,4.15426,245.103,7.937,4.795,84.0672,3.175,1.64,1.395,36.93,63.07,0,5030.69,5.9486,46.5805,10.4137,711.908,7.937,13.87,1573.26,28.57,30.56,1.395,3.473,80.26,16.27,5030.69,1.6838,46.5805,3.01905,171.352,6.349,3.368,69.3667,3.175,1.339,1.395,8.137,89.36,2.499,5030.69,2.4048,46.5805,3.69084,434.702,7.937,8.494,83.3706,3.175,1.626,1.395,4.092,95.91,0,5907.6,2.0827,54.7,2.50277,186.414,4.762,3.522,114.664,3.175,1.977,1.395,2.889,97.11,0,5030.69,1.9671,46.5805,1.09246,87.5877,3.175,1.524,142.1,3.175,2.604,1.395,17.375,19.831,27.555,16.4573,120.5,5.2276,52.085,52.009,9.6382,11.519,19.837,19.875,44.825,9.028,9.13,0.834615,0.312782,12.05,2200,5750,0,8.54487,14.75,5921.63,4.70598,36.51,5.208,5.208,0,0,0,8.441,17.32,3200,38.1211,1.195,41.0545,1.391,52,1.1,-2.25
2026-09-07T08:31:54.350943+00:00,1.36968,547.806,108,22.73,77.27,0,5902.2,3.8013,54.65,6.94447,1349.98,18.46,22.77,256.963,3.077,4.866,1.39,42.93,57.07,0,5902.2,5.9041,54.65,10.8339,1977.76,27.69,38.67,642.837,10.77,12.4,1.395,5.733,84.29,9.972,5026.09,2.0055,46.5379,4.62414,296.439,3.077,5.732,78.4168,0,1.516,1.395,45.05,54.95,0,5026.09,6.5698,46.5379,12.0239,986.243,13.85,19.17,1777.96,33.85,34.71,1.395,4.016,79.78,16.21,5026.09,1.7083,46.5379,3.37512,195.452,1.538,3.793,74.8755,0,1.438,1.395,9.483,88.16,2.362,5026.09,2.4912,46.5379,4.15079,505.605,6.154,9.7,91.6494,1.538,1.77,1.395,4.025,95.97,0,5902.2,2.0732,54.65,2.7036,194.954,0,3.676,101.478,0,1.765,1.395,3.002,97,0,5902.2,1.9388,54.65,1.14425,90.986,0,1.601,143.298,1.538,2.587,1.395,18.875,21.705,30.047,17.9105,113,5.2594,54.618,54.545,9.6656,11.552,21.687,21.125,47.385,7.596,10.38,0.909068,0.339848,11.3,2200,5750,0,8.59615,15.25,5910.98,5.18238,33.85,5.462,5.462,0,0,0,9.229,18.85,3200,38.1826,1.195,41.0592,1.386,52,1.1,-2.25
2026-09-07T08:31:55.370696+00:00,1.31549,525.4,108,21.42,78.58,0,5913,3.6519,54.75,6.61499,1273.33,14.06,22.24,200.813,3.125,3.815,1.39,37.63,62.37,0,5880.6,5.117,54.45,9.43193,1354.34,21.88,26.49,982.914,14.06,19.12,1.39,5.327,82.61,12.06,5880.6,1.903,54.45,4.33684,273.331,3.125,5.323,76.2666,0,1.475,1.39,47.63,52.37,0,5880.6,7.302,54.45,13.3599,890.33,15.62,17.31,2021.05,34.38,39.57,1.39,4.032,78.34,17.63,5007.7,1.6519,46.3676,3.17655,195.337,1.562,3.815,78.7588,0,1.518,1.39,8.747,85.01,6.247,5880.6,2.3131,54.45,4.0274,447.034,3.125,8.666,100.035,3.125,1.935,1.39,3.895,96.1,0,5880.6,2.0264,54.45,2.55068,184.768,0,3.474,102.243,0,1.811,1.39,2.867,97.13,0,5880.6,1.9146,54.45,1.07232,85.263,0,1.491,140.58,0,2.549,1.39,18.875,21.29,29.536,17.8105,119.5,5.2387,54.001,53.842,9.6126,11.489,21.259,21.75,46.788,7.129,10.04,0.93636,0.342786,11.95,2200,5750,0,8.73718,15,5915.22,5.10723,34.38,5.4,5.4,0,0,0,9.046,18.75,3200,38.1401,1.195,41.0651,1.389,52,1.1,-2.25
2026-09-07T08:31:56.389170+00:00,1.27054,510.657,108,22.19,77.81,0,5907.6,3.777,54.7,6.73601,1320.35,12.5,22.92,219.644,3.125,4.194,1.39,38.13,61.87,0,5869.8,5.1835,54.35,9.35614,1568.48,28.12,30.67,771.242,6.25,14.94,1.38,4.933,83.48,11.59,5044.36,1.8978,46.707,4.24276,236.758,6.25,4.604,88.4772,0,1.71,1.38,42.7,57.3,0,5869.8,6.7472,54.35,12.0589,604.84,10.94,11.64,2036.4,29.69,39.62,1.38,3.441,80.08,16.48,5049,1.6205,46.75,2.998,168.074,1.562,3.248,67.5099,0,1.286,1.375,9.242,87.56,3.199,5875.2,2.4414,54.4,3.99313,448.103,7.812,8.649,136.714,1.562,2.648,1.375,3.543,96.46,0,5875.2,2.008,54.4,2.36926,175.041,1.562,3.293,97.4185,0,1.695,1.375,2.875,97.13,0,5875.2,1.9268,54.4,1.0246,85.1002,0,1.481,146.361,1.562,2.617,1.375,21.25,21.385,29.691,17.2714,111.5,5.2522,54.281,54.491,9.6126,11.49,21.434,21.625,46.958,6.934,9.701,0.86001,0.365599,11.15,2200,5750,0,8.69231,15,5918.82,4.91908,29.69,5.428,5.428,0,0,0,9.121,18.18,3200,38.1548,1.195,41.0599,1.39,52,1.1,-2.25
2026-09-07T08:31:57.409508+00:00,1.30684,519.733,108,20.99,79.01,0,5907.6,3.5954,54.7,6.52355,1248.71,10.94,21.77,200.526,1.562,3.835,1.395,33.39,66.61,0,5891.4,5.4329,54.55,10.1433,1177.5,15.62,22.95,877.026,12.5,17.01,1.39,5.027,83.05,11.92,5016.9,1.889,46.4527,4.36573,259.901,1.562,5.058,71.5397,3.125,1.376,1.39,51.34,48.66,0,5891.4,6.889,54.55,12.195,649.735,9.375,12.59,2482.24,42.19,48.89,1.39,3.743,77.76,18.49,5016.9,1.6174,46.4527,3.15869,181.864,1.562,3.562,67.4038,1.562,1.302,1.39,9.562,86.87,3.568,5891.4,2.5022,54.55,4.05398,509.938,4.688,9.968,86.723,1.562,1.691,1.39,3.832,96.17,0,5891.4,2.0134,54.55,2.56513,188.672,1.562,3.557,93.5113,3.125,1.714,1.39,2.805,97.19,0,5891.4,1.9082,54.55,0.912199,83.659,1.562,1.447,136.777,1.562,2.501,1.39,19.75,21.721,30.14,17.7286,70.5,5.2384,54.548,54.416,9.6162,11.494,21.647,21.875,47.396,7.129,9.951,0.96491,0.326179,7.05,2200,5750,0,8.69231,14.75,5916.63,5.16733,42.19,5.455,5.455,0,0,0,9.211,18.66,3200,38.1643,1.195,41.0551,1.389,52,1.1,-2.25
2026-09-07T08:31:58.428417+00:00,1.18192,470.457,108,19.69,80.31,0,5907.6,3.5359,54.7,6.23027,1170.19,18.75,20.89,164.031,4.688,3.159,1.39,33.03,66.97,0,5907.6,4.5996,54.7,7.96816,1407.82,14.06,27.52,620.209,10.94,12,1.395,4.408,83.12,12.47,5907.6,1.7902,54.7,3.96291,217.423,4.688,4.223,71.9046,1.562,1.381,1.395,43.33,56.67,0,5907.6,6.5297,54.7,11.422,1929.35,31.25,37.63,725.956,14.06,14.17,1.395,3.208,79.02,17.77,5030.69,1.5507,46.5805,2.83317,150.464,3.125,2.917,66.157,1.562,1.268,1.395,8.391,86.38,5.229,5907.6,2.3122,54.7,3.628,438.413,9.375,8.524,87.0232,1.562,1.675,1.395,3.483,96.52,0,5907.6,1.972,54.7,2.29258,172.758,3.125,3.267,93.3959,3.125,1.653,1.395,2.647,97.35,0,5907.6,1.8576,54.7,0.823177,83.0747,1.562,1.421,129.137,3.125,2.344,1.395,16,20.881,29.006,16.7732,113.5,5.2467,53.595,53.712,9.6334,11.515,20.919,21.375,46.292,7.91,9.003,0.752969,0.317916,11.35,2200,5750,0,8.69872,15,5920.94,4.75025,31.25,5.36,5.36,0,0,0,8.902,17.66,3200,38.1548,1.195,41.0649,1.391,52,1.1,-2.25
2026-09-07T08:31:59.445461+00:00,1.23231,496.189,108,20.59,79.41,0,5907.6,3.4885,54.7,6.125,1224.57,20.31,21.93,181.068,4.688,3.472,1.39,28.05,71.95,0,5859,4.4887,54.25,8.09532,660.957,12.5,12.83,1089.63,17.19,21.2,1.36,4.402,82.67,12.93,5859,1.7653,54.25,3.98422,218.518,0,4.268,75.6387,0,1.453,1.36,52.74,47.26,0,5859,7.4101,54.25,12.9215,2264.87,39.06,44.27,999.342,14.06,19.54,1.36,3.697,77.1,19.2,5859,1.5661,54.25,2.89291,164.448,0,3.214,84.5646,1.562,1.632,1.36,7.903,86.93,5.165,5859,2.2813,54.25,3.63151,413.779,7.812,8.043,97.582,0,1.837,1.36,3.174,96.83,0,5859,1.9159,54.25,2.26916,158.968,0,3.007,88.5986,0,1.548,1.36,2.677,97.32,0,5859,1.8533,54.25,0.754885,86.738,0,1.497,129.752,0,2.392,1.36,23.625,20.941,29.062,17.5557,79.5,5.2441,53.476,53.266,9.5784,11.448,20.905,21.75,46.279,7.324,9.508,0.811762,0.309311,7.95,2200,5750,0,8.66667,15.5,5918.48,4.86899,39.06,5.348,5.348,0,0,0,8.896,18.48,3200,38.1663,1.195,41.0561,1.389,52,1.1,-2.25
2026-09-07T08:32:00.211116+00:00,1.25118,502.279,108,19.65,80.35,0,5913,3.4713,54.75,6.1536,1168.95,15.62,19.54,246.442,4.688,4.75,1.39,36.99,63.01,0,5880.6,5.1246,54.45,9.36426,1638.1,28.12,32.02,637.772,6.25,12.34,1.385,5.45,80.28,14.27,5880.6,1.8826,54.45,4.20355,244.432,4.688,4.768,111.164,3.125,2.15,1.385,44.41,55.59,0,5880.6,6.7026,54.45,12.023,2351.5,39.06,46.02,354.292,6.25,6.88,1.385,3.433,78.14,18.43,5007.7,1.6002,46.3676,2.93919,162.508,3.125,3.162,75.4114,3.125,1.447,1.385,9.105,84.48,6.418,5880.6,2.3363,54.45,3.94793,481.714,10.94,9.364,83.687,1.562,1.663,1.385,3.264,96.74,0,5880.6,1.9466,54.45,2.29333,167.169,4.688,3.126,88.5434,3.125,1.588,1.385,2.821,97.18,0,5880.6,1.874,54.45,0.96004,91.0923,4.688,1.611,133.689,1.562,2.411,1.385,15.5,23.655,32.803,17.503,117,5.2614,57.37,57.192,9.6646,11.551,23.632,21.875,50.142,8.789,9.554,0.92843,0.366733,11.7,2200,5750,0,8.64103,15.25,5917.91,4.92857,39.06,5.737,5.737,0,0,0,10.06,18.42,3200,38.1788,1.195,41.049,1.388,52,1.1,-2.25
2026-09-07T08:32:01.229722+00:00,1.19722,480.93,108,20.03,79.97,0,5913,3.5717,54.75,6.30329,1190.75,17.19,20.66,204.828,1.562,3.935,1.385,34.9,65.1,0,5913,4.7009,54.75,8.374,1410.85,18.75,27.57,743.416,9.375,14.41,1.39,4.76,83.35,11.89,5035.29,1.8405,46.623,4.06883,246.381,4.688,4.801,71.8284,0,1.386,1.39,42.31,57.69,0,5869.8,6.7186,54.35,11.9005,2072.13,35.94,40.02,533.287,4.688,10.46,1.38,3.647,77.61,18.75,5044.36,1.5738,46.707,2.89957,170.27,1.562,3.324,77.7445,0,1.46,1.38,8.272,86.65,5.076,5044.36,2.2763,46.707,3.76053,410.322,7.812,7.998,106.514,0,2.063,1.38,3.155,96.85,0,5869.8,1.9411,54.35,2.2317,150.238,1.562,2.795,93.2433,0,1.656,1.38,2.646,97.35,0,5869.8,1.8804,54.35,0.953235,91.4289,0,1.559,121.639,1.562,2.223,1.38,20.25,26.112,36.25,17.1245,72,5.2476,60.921,61.166,9.6735,11.563,26.18,21.75,53.585,6.543,9.146,0.731169,0.292868,7.2,2200,5750,0,8.91667,15.5,5920.47,4.76367,35.94,6.092,6.092,0,0,0,11.14,18.03,3200,38.1615,1.195,41.0361,1.389,52,1.1,-2.25
2026-09-07T08:32:02.248633+00:00,1.24528,495.194,108,20.08,79.92,0,5902.2,3.522,54.65,6.21014,1193.91,20.31,21.17,187.182,3.125,3.577,1.39,37.42,62.58,0,5030.69,4.8109,46.5805,8.51547,1731.69,25.4,33.83,580.973,11.11,11.24,1.395,4.217,82.41,13.37,5030.69,1.7949,46.5805,4.0342,214.014,4.762,4.15,69.0982,1.587,1.327,1.395,43.7,56.3,0,5907.6,6.7256,54.7,12.2251,2374.6,35.94,46.83,260.806,3.175,5.026,1.395,3.674,77.22,19.11,5030.69,1.6083,46.5805,2.97586,174.443,7.937,3.391,72.1194,3.175,1.421,1.395,8.882,83.29,7.827,5030.69,2.3475,46.5805,3.91612,451.694,12.7,8.743,107.042,3.175,2.07,1.395,3.801,96.2,0,5030.69,2.017,46.5805,2.43423,188.986,3.175,3.509,97.5706,1.587,1.75,1.395,2.757,97.24,0,5907.6,1.9062,54.7,1.02012,85.0818,0,1.492,133.895,3.125,2.407,1.395,18.875,23.935,33.231,17.2767,78,5.2549,57.846,58.014,9.6398,11.522,23.973,21.625,50.533,8.767,9.496,0.898514,0.306773,7.8,2200,5750,0,8.65385,15,5918.55,4.87689,35.94,5.785,5.785,0,0,0,10.2,18.19,3200,38.161,1.195,41.0402,1.39,52,1.1,-2.25
2026-09-07T08:32:03.266091+00:00,1.28972,514.708,108,20.14,79.86,0,5902.2,3.5924,54.65,6.4515,1195.87,18.75,20.55,235.12,7.937,4.502,1.39,36.63,63.37,0,5030.69,5.2258,46.5805,9.399,1690.46,31.25,33.04,557.72,10.94,10.78,1.39,5.59,78.74,15.67,5030.69,1.852,46.5805,4.34525,263.009,6.25,5.128,101.405,4.688,1.964,1.39,43.85,56.1,0.05162,5907.6,6.2618,54.7,11.1481,1712.51,34.38,33.44,961.099,17.19,18.8,1.39,4.182,78.89,16.93,5030.69,1.6709,46.5805,3.17825,196.688,6.25,3.79,79.1782,1.562,1.53,1.39,9.093,83.53,7.381,5030.69,2.3802,46.5805,3.99675,474.55,15.62,9.237,95.2696,1.562,1.846,1.39,4.129,95.87,0,5907.6,2.0586,54.7,2.60563,182.495,4.615,3.378,118.807,1.538,2.161,1.39,5.358,94.64,0,5030.69,2.094,46.5805,1.38613,109.831,1.587,1.937,261.316,7.812,4.924,1.39,23.125,21.057,29.185,17.4326,82.5,5.1972,53.516,53.38,9.5203,11.379,21.041,21.875,46.281,10.75,9.813,0.920523,0.353757,8.25,2200,5750,0,8.71154,14.75,5913.24,4.94413,34.38,5.352,5.352,0,0,0,8.953,18.35,3200,38.218,1.195,41.05,1.388,52,1.1,-2.25
2026-09-07T08:32:04.284359+00:00,1.19248,479.007,108,18.69,81.31,0,5907.6,3.5035,54.7,6.18071,1112.77,25,18.88,212.878,6.154,4.064,1.38,36.79,63.21,0,5896.8,4.7987,54.6,8.39773,1660.9,33.85,32.44,616.06,13.85,11.94,1.39,4.682,80.7,14.62,5021.49,1.8009,46.4953,4.03384,213.184,9.231,4.152,96.6962,6.154,1.874,1.39,41.11,58.89,0,5021.49,6.3486,46.4953,11.2223,2254.03,43.75,44.07,252.389,6.154,4.89,1.39,3.484,77.53,18.99,5021.49,1.6229,46.4953,2.99407,155.254,7.692,3.02,84.8323,6.154,1.636,1.39,8.21,83.91,7.882,5021.49,2.2844,46.4953,3.69293,422.749,10.77,8.221,97.3165,4.615,1.88,1.39,3.567,96.43,0,5021.49,1.9905,46.4953,2.38451,174.116,7.812,3.225,94.2534,6.25,1.649,1.39,2.713,97.29,0,5896.8,1.8924,54.6,0.998518,85.217,6.154,1.486,131.481,7.812,2.405,1.39,17.375,20.85,28.957,16.8769,113.5,5.2417,53.443,53.581,9.6243,11.503,20.828,21.625,46.226,12.59,9.115,0.806919,0.303261,11.35,2200,5750,0,8.76923,15,5919.75,4.7663,43.75,5.344,5.344,0,0,0,8.863,17.77,3200,38.1798,1.195,41.0247,1.39,52,1.1,-2.25
2026-09-07T08:32:05.303245+00:00,1.23046,490.456,108,18.7,81.3,0,5896.8,3.4096,54.6,6.04567,1113.6,12.5,19.78,177.034,0,3.368,1.39,38.16,61.84,0,5902.2,4.658,54.65,8.24174,1499.98,26.56,29.31,838.282,14.06,16.29,1.39,4.082,80.19,15.73,5026.09,1.731,46.5379,3.94257,199.665,3.125,3.913,78.7408,0,1.515,1.39,43.84,56.16,0,5902.2,7.2633,54.65,13.2073,2436.45,43.75,47.68,241.333,3.125,4.665,1.39,3.712,75.24,21.05,5026.09,1.5874,46.5379,2.97372,176.985,3.125,3.453,74.6567,0,1.436,1.39,8.009,83.43,8.557,5026.09,2.3098,46.5379,3.97948,407.499,7.812,7.963,99.9973,1.562,1.936,1.39,3.802,96.2,0,5902.2,1.994,54.65,2.41441,166.045,3.125,3.1,117.972,3.125,2.114,1.39,2.735,97.27,0,5902.2,1.8801,54.65,0.932307,89.5946,1.562,1.535,129.465,1.562,2.357,1.39,18.375,21.34,29.617,17.8244,109,5.2605,54.179,54.077,9.6469,11.53,21.338,22.125,46.933,7.812,9.401,0.763377,0.31091,10.9,2200,5750,0,8.85897,15.25,5916.69,4.88839,43.75,5.418,5.418,0,0,0,9.08,18.76,3200,38.1662,1.195,41.048,1.389,52,1.1,-2.25
2026-09-07T08:32:06.322787+00:00,1.24926,500.002,108,19.86,80.14,0,5902.2,3.5005,54.65,6.4,1182.28,14.06,20.79,198.031,1.562,3.769,1.385,30.91,69.09,0,5869.8,4.7789,54.35,8.8125,1196.23,15.62,23.3,710.587,7.812,13.76,1.38,5.282,81.16,13.56,5044.36,1.8872,46.707,4.42938,241.217,0,4.72,102.997,0,1.996,1.38,50.17,49.83,0,5869.8,7.0048,54.35,12.4016,1420.1,17.19,27.77,1666.84,29.69,32.65,1.38,3.509,76.9,19.59,5044.36,1.5892,46.707,3.23013,165.503,3.125,3.231,73.7268,0,1.418,1.38,8.649,84.44,6.914,5044.36,2.3672,46.707,3.99363,437.214,1.562,8.52,106.122,1.562,2.06,1.38,3.66,96.34,0,5869.8,2.0208,54.35,2.6795,172.627,0,3.251,100.527,1.562,1.793,1.38,2.883,97.12,0,5869.8,1.9078,54.35,1.01488,96.6676,0,1.639,129.358,1.562,2.352,1.38,21.75,21.209,29.451,17.4329,72.5,5.2322,53.947,53.982,9.5868,11.458,21.229,22.125,46.665,5.957,9.563,0.892857,0.330303,7.25,2200,5750,0,9.01282,15.5,5917.65,5.16888,29.69,5.395,5.395,0,0,0,9.034,18.35,3200,38.14,1.195,41.062,1.39,52,1.1,-2.25
2026-09-07T08:32:07.341366+00:00,1.66209,706.335,108,26.37,73.63,0,5907.6,4.1156,54.7,7.73608,1556.75,21.88,26.45,368.663,4.688,7.072,1.39,36.95,63.05,0,5896.8,5.49,54.6,10.4402,1426.83,35.94,27.84,1051.5,10.94,20.45,1.39,9.896,79.97,10.14,5896.8,2.3371,54.6,5.5568,510.055,14.06,9.971,171.517,3.125,3.341,1.39,54.61,45.39,0,5896.8,7.2075,54.6,13.4402,706.362,15.62,13.72,2805.44,42.19,54.96,1.39,8.612,75.02,16.37,5896.8,2.0808,54.6,4.37864,436.555,10.94,8.541,161.297,4.688,3.135,1.39,15.34,81.44,3.226,5891.4,3.028,54.55,5.54526,838.697,17.19,16.38,186.941,4.688,3.647,1.39,9.145,90.86,0,5891.4,2.4735,54.55,3.66625,453.69,10.94,8.695,203.33,4.688,3.808,1.39,5.284,94.72,0,5891.4,2.1256,54.55,1.76128,198.262,4.688,3.677,225.48,3.125,4.234,1.39,21.25,24.245,33.412,18.0951,121,5.263,58.083,57.968,9.6815,11.571,24.227,22.375,50.772,13.09,13.49,1.97454,0.564997,12.1,2200,5750,0,8.57051,15.5,5902.95,5.43092,42.19,5.808,5.808,0,0,0,10.31,19.05,3200,38.2307,1.195,41.0752,1.384,52,1.1,-2.25
2026-09-07T08:32:08.358650+00:00,1.29833,520.635,108,21.44,78.56,0,5913,3.752,54.75,6.87613,1274.44,12.5,21.81,227.653,3.125,4.369,1.39,27.25,72.75,0,5907.6,4.9526,54.7,9.16445,1282.93,14.06,24.93,411.843,6.25,7.954,1.39,5.559,83.58,10.86,5030.69,2.022,46.5805,4.66996,278.551,3.125,5.426,86.8178,1.562,1.679,1.39,53.93,46.07,0,5907.6,6.6387,54.7,11.5391,776.622,10.94,15.11,2509.42,39.06,49.28,1.39,4.441,81.2,14.36,5030.69,1.7978,46.5805,3.5,200.407,6.25,3.875,103.302,4.688,1.999,1.39,10.01,86.66,3.329,5030.69,2.5524,46.5805,4.15531,526.406,3.125,10.24,106.084,1.562,2.052,1.39,4.215,95.79,0,5907.6,2.1028,54.7,2.79897,208.504,6.25,3.883,102.408,1.562,1.851,1.39,2.987,97.01,0,5907.6,1.9521,54.7,1.12763,97.9845,1.562,1.684,136.797,1.562,2.495,1.39,20.75,22.198,30.832,17.0104,115.5,5.2453,55.375,55.492,9.6192,11.497,22.212,21.875,48.098,7.324,9.915,0.917317,0.385495,11.55,2200,5750,0,8.60897,15,5918.44,5.09995,39.06,5.537,5.537,0,0,0,9.452,17.91,3200,38.1804,1.195,41.0751,1.391,52,1.1,-2.25
2026-09-07T08:32:09.377063+00:00,1.28895,515.897,108,20.87,79.13,0,5907.6,3.551,54.7,6.4568,1239.82,9.375,21.22,234.079,4.688,4.474,1.39,32.35,67.65,0,5049,4.7339,46.75,8.68613,1714.16,17.19,33.47,289.422,4.688,5.564,1.39,5.329,82.23,12.44,5049,1.9132,46.75,4.40787,261.209,1.562,5.107,87.2134,3.125,1.688,1.39,48.99,51.01,0,5875.2,7.0446,54.4,12.5205,870.438,9.375,16.93,2109.9,35.94,41.33,1.39,4.396,78.08,17.52,5049,1.6634,46.75,3.23879,210.772,3.125,4.123,83.846,1.562,1.61,1.39,9.603,84.78,5.621,5049,2.4058,46.75,4.01643,500.444,9.375,9.729,103.305,3.125,1.995,1.39,4.278,95.72,0,5875.2,2.0686,54.4,2.64841,210.778,1.562,3.967,101.81,1.562,1.789,1.39,3.079,96.92,0,5875.2,1.92,54.4,1.05341,101.071,1.562,1.694,136.084,1.562,2.485,1.39,18.375,21.126,29.282,17.5008,106,5.2566,53.888,53.879,9.6541,11.538,21.137,21.75,46.603,6.836,9.824,1.03501,0.409714,10.6,2200,5750,0,8.73718,15.25,5914.64,4.99029,35.94,5.389,5.389,0,0,0,8.995,18.42,3200,38.1683,1.195,41.0448,1.388,52,1.1,-2.25
2026-09-07T08:32:10.395469+00:00,1.23276,495.36,108,20.88,79.12,0,5907.6,3.6687,54.7,6.56168,1241.41,12.5,21.47,215.711,6.349,4.13,1.39,29.58,70.42,0,5913,4.5248,54.75,8.03386,1401.85,18.75,27.29,443.695,6.25,8.579,1.4,4.67,82.35,12.98,5035.29,1.8555,46.623,4.27782,228.081,3.175,4.447,83.0987,0,1.605,1.4,49.09,50.91,0,5913,6.7844,54.75,11.8528,624.09,15.62,12.11,2383.6,35.94,46.38,1.4,3.956,78.06,17.98,5021.49,1.6313,46.4953,3.14136,178.787,0,3.477,83.3585,1.587,1.606,1.39,8.614,87.08,4.31,5896.8,2.4469,54.6,3.95217,450.544,4.762,8.791,94.5985,1.587,1.834,1.39,3.806,96.19,0,5896.8,2.0442,54.6,2.57503,181.338,1.562,3.316,101.644,1.562,1.766,1.39,2.676,97.32,0,5896.8,1.9277,54.6,0.953928,82.6906,0,1.468,131.26,0,2.397,1.39,17.375,20.367,28.294,17.0358,79,5.2028,52.736,52.771,9.5806,11.451,20.387,21.5,45.468,6.853,9.417,0.715182,0.286476,7.9,2200,5750,0,8.61538,14.75,5919.07,4.94373,35.94,5.274,5.274,0,0,0,8.675,17.93,3200,38.1309,1.195,41.0403,1.39,52,1.1,-2.25
2026-09-07T08:32:11.414299+00:00,1.55853,623.064,108,24.77,75.23,0,5902.2,4.1155,54.65,7.60763,1472.43,21.88,25.09,290.09,9.375,5.414,1.4,46.08,53.92,0,5907.6,6.5114,54.7,12.0859,2522.65,46.88,49.29,320.395,4.688,6.073,1.39,5.676,86.01,8.31,5030.69,2.0785,46.5805,4.865,295.38,4.688,5.699,78.3653,3.125,1.49,1.39,54.44,45.56,0,5907.6,6.7333,54.7,12.2169,810.292,12.5,15.63,2542.07,37.5,49.46,1.39,4.719,81.83,13.45,5044.36,1.832,46.707,3.63313,231.417,4.688,4.538,75.4175,4.688,1.442,1.385,12.81,83.82,3.368,5044.36,2.9544,46.707,5.05275,664.203,9.375,12.98,122.177,3.125,2.368,1.385,4.291,95.71,0,5869.8,2.1263,54.35,2.8205,211.55,4.688,3.982,98.991,4.688,1.744,1.385,3.068,96.93,0,5869.8,2.0038,54.35,1.30663,91.307,4.688,1.615,142.296,4.688,2.636,1.385,23.125,23.056,32.016,18.3179,103,5.4045,56.911,56.88,9.7653,11.672,23.051,22.375,49.633,11.33,11.84,1.23326,0.537342,10.3,2200,5750,0,8.83974,15.25,5916.16,5.4855,46.88,5.691,5.691,0,0,0,9.809,19.28,3200,38.222,1.195,41.055,1.39,52,1.1,-2.25
2026-09-07T08:32:12.431823+00:00,1.25314,499.336,108,19.9,80.1,0,5907.6,3.5235,54.7,6.30489,1184.72,18.75,20.81,201.328,4.615,3.816,1.39,33.91,66.09,0,5030.44,4.6552,46.5781,8.21395,1889.6,35.94,36.92,206.391,3.125,3.925,1.38,5.626,79.82,14.56,5030.44,1.8951,46.5781,4.29553,282.939,1.538,5.53,83.7957,3.077,1.614,1.38,45.53,54.47,0,5853.6,6.9409,54.2,12.2001,724.973,12.5,14.07,2016.72,35.94,40.29,1.38,4.054,76.54,19.4,5030.44,1.6597,46.5781,3.13548,199.834,7.692,3.838,80.7557,1.538,1.546,1.38,9.698,82.04,8.266,5030.44,2.3998,46.5781,3.92028,513.21,3.077,9.893,98.3367,3.077,1.888,1.38,3.659,96.34,0,5853.6,2.0172,54.2,2.49513,172.588,1.562,3.216,101.553,1.562,1.73,1.38,2.935,97.07,0,5853.6,1.9396,54.2,1.01173,94.8213,3.125,1.663,137.816,3.125,2.519,1.38,25.125,20.438,28.375,17.3571,72.5,5.8442,54.081,54.063,10.091,12.059,20.412,22.125,46.863,8.765,9.579,0.799561,0.4204,7.25,2200,5750,0,8.73718,15.5,5918.11,4.89958,35.94,5.408,5.408,0,0,0,8.686,18.27,3200,38.2735,1.195,41.0399,1.39,52,1.1,-2.25
2026-09-07T08:32:13.450680+00:00,1.23533,492.871,108,20.11,79.89,0,5891.4,3.6461,54.55,6.4799,1197.14,20.31,21.48,153.161,0,2.949,1.38,37.89,62.11,0,5902.2,4.8938,54.65,8.42827,1858.57,26.56,36.34,498.173,9.524,9.648,1.385,4.976,82.58,12.44,5026.09,1.8449,46.5379,4.1657,245.906,3.175,4.791,81.0293,0,1.566,1.385,41.03,58.97,0,5902.2,6.3211,54.65,11.1837,856.541,9.375,16.65,1663.87,31.75,32.58,1.385,3.547,78.89,17.56,5026.09,1.6268,46.5379,3.01859,167.698,1.587,3.263,79.2403,1.587,1.525,1.385,9.346,85.66,4.993,5026.09,2.4219,46.5379,3.87889,466.019,14.29,9.106,115.115,0,2.235,1.385,3.688,96.31,0,5026.09,2.0253,46.5379,2.44573,174.203,1.562,3.25,100.839,1.562,1.798,1.385,2.939,97.06,0,5902.2,1.925,54.65,0.972487,88.4066,1.562,1.541,140.034,3.125,2.551,1.385,21.75,20.205,28.059,16.9752,75.5,5.8385,53.783,53.792,10.058,12.02,20.218,21.625,46.501,7.873,9.456,0.968094,0.397029,7.55,2200,5750,0,9.17949,16,5919.13,4.83153,31.75,5.378,5.378,0,0,0,8.603,17.87,3200,38.3146,1.195,41.0905,1.39,52,1.1,-2.25
2026-09-07T08:32:14.213421+00:00,1.25582,500.107,108,20.34,79.66,0,5896.8,3.6155,54.6,6.40926,1211.15,17.46,21.3,190.438,1.562,3.62,1.39,30.89,69.11,0,5907.6,4.6179,54.7,8.3243,1541.8,19.05,30.09,375.369,4.688,7.218,1.39,5.118,80.51,14.37,5030.69,1.8227,46.5805,4.14044,237.837,0,4.638,97.0787,1.562,1.882,1.39,49.44,50.56,0,5907.6,6.7968,54.7,11.7551,503.305,6.349,9.723,2501.57,37.5,49.04,1.39,3.779,77.39,18.83,5030.69,1.6211,46.5805,3.05961,171.11,3.125,3.324,82.7537,0,1.597,1.39,9.339,82.67,7.994,5907.6,2.4019,54.7,3.96247,490.103,9.375,9.54,94.4113,0,1.829,1.39,3.74,96.26,0,5907.6,2.0217,54.7,2.48456,179.857,0,3.364,97.0147,0,1.713,1.39,2.925,97.08,0,5907.6,1.9299,54.7,1.07455,88.4663,0,1.543,139.439,0,2.486,1.39,14.5,21.579,29.962,16.9584,73.5,5.8428,55.639,55.49,10.078,12.043,21.545,21.25,48.432,6.292,9.557,0.882364,0.33113,7.35,2200,5750,0,9.1859,15.25,5919.53,4.86145,37.5,5.564,5.564,0,0,0,9.168,17.85,3200,38.3253,1.195,41.0452,1.39,52,1.1,-2.25
2026-09-07T08:32:15.231255+00:00,1.53388,614.112,108,22.29,77.71,0,5896.8,3.7751,54.6,6.98286,1325.02,20,22.04,259.482,9.231,4.934,1.39,50.24,49.76,0,5886,6.5116,54.5,12.2007,2696.77,43.08,52.74,373.151,9.231,7.159,1.39,6.016,91.13,2.853,5886,2.2218,54.5,4.94354,298.76,7.692,5.793,101.433,4.615,1.971,1.39,51.63,48.37,0,5886,7.6688,54.5,14.4901,2355.8,32.31,45.91,829.379,13.85,16.1,1.385,4.523,86.3,9.176,5886,1.9307,54.5,3.71635,229.875,7.692,4.464,76.5389,4.615,1.477,1.385,11,88.94,0.05678,5886,2.7843,54.5,4.9142,570.298,12.31,11.01,124.668,4.615,2.427,1.385,4.59,95.41,0,5886,2.1676,54.5,2.88794,220.804,7.692,4.053,116.417,4.615,2.015,1.385,3.097,96.9,0,5886,2.0246,54.5,1.37475,101.075,4.615,1.761,146.324,6.154,2.642,1.385,23.625,26.23,36.352,19.7011,104.5,5.5824,61.655,61.456,9.9342,11.873,26.224,23.125,54.367,12.02,11.66,1.28735,0.691483,10.45,2200,5750,0,9.02564,15.5,5910.82,5.61465,43.08,6.166,6.166,0,0,0,11.16,20.74,3200,38.3974,1.195,41.0385,1.387,52.0345,1.1,-2.1875
2026-09-07T08:32:16.253083+00:00,1.63946,651.835,108,22.21,77.79,0,5896.8,3.7578,54.6,7.3273,1319.2,14.29,23.12,218.923,3.175,4.165,1.39,47.66,52.34,0,5896.8,7.1957,54.6,14.9214,2495.16,44.44,48.8,437.517,4.762,8.458,1.385,5.351,89.01,5.643,5021.49,2.0331,46.4953,4.99038,265.905,3.175,5.173,93.3714,1.587,1.814,1.385,67.51,32.49,0,5896.8,8.7727,54.6,17.187,3777.44,60.32,74.08,347.749,3.175,6.738,1.385,4.211,84.3,11.49,5021.49,1.8043,46.4953,3.7853,195.752,4.762,3.792,94.7544,1.587,1.835,1.385,9.664,88.7,1.634,5021.49,2.5434,46.4953,5.05073,497.306,7.937,9.63,118.113,3.175,2.298,1.385,4.128,95.87,0,5896.8,2.0431,54.6,2.91612,199.35,3.175,3.748,112.698,3.175,2.079,1.385,3.205,96.74,0.05052,5896.8,1.9259,54.6,1.34742,114.883,1.587,2.028,141.234,1.587,2.631,1.385,18.875,24.982,34.529,22.8245,120,5.2781,59.131,59.407,9.6485,11.532,24.968,25.625,51.867,10.12,12.52,1.17521,0.479445,12,2200,5750,0,8.85897,15.25,5901.61,6.25557,60.32,5.913,5.913,0,0,0,10.62,24.03,3200,38.2611,1.195,41.0455,1.383,52,1.1,-2.1875
2026-09-07T08:32:17.273472+00:00,1.62647,644.411,108,22.62,77.38,0,5891.4,3.7333,54.55,7.25723,1341.65,16.92,23.26,229.901,1.538,4.353,1.39,53.25,46.75,0,5880.6,7.3914,54.45,14.5466,2947.26,49.23,57.7,303.668,6.154,5.774,1.38,6.671,90.57,2.758,5007.7,2.2408,46.3676,5.2014,346.375,6.154,6.73,89.7735,1.538,1.746,1.38,56.68,43.32,0,5880.6,7.6541,54.45,14.7836,3051.28,41.54,59.76,410.178,6.154,7.882,1.38,4.772,83.83,11.4,5007.7,1.8605,46.3676,3.86391,230.031,3.077,4.474,90.6352,1.538,1.753,1.38,10.91,88.89,0.2029,5880.6,2.7181,54.45,4.95414,565.258,9.231,10.95,117.815,3.077,2.284,1.38,4.581,95.42,0,5880.6,2.0671,54.45,2.93843,200.907,3.077,3.716,135.334,4.615,2.5,1.38,3.172,96.83,0,5880.6,1.9386,54.45,1.29262,104.957,1.538,1.854,145.556,1.538,2.706,1.38,28,24.317,33.586,20.7058,70,5.2717,58.151,57.976,9.6598,11.545,24.276,25.75,50.93,9.808,12.34,1.19095,0.441347,7,2200,5750,0,9.09615,16,5903.08,6.08051,49.23,5.815,5.815,0,0,0,10.33,21.8,3200,38.2144,1.195,41.0847,1.383,52,1.1,-2.25
2026-09-07T08:32:18.292536+00:00,1.60912,640.487,108,21.59,78.41,0,5891.4,3.7122,54.55,7.30855,1281.44,12.5,22.12,251.461,1.587,4.814,1.39,46.04,53.96,0,5880.6,6.8638,54.45,13.9669,2462.23,35.94,48.12,362.195,6.349,6.97,1.38,5.806,86.81,7.384,5880.6,2.0465,54.45,5.09353,299.112,4.762,5.826,92.5374,0,1.799,1.38,65.88,34.12,0,5886,8.5152,54.5,16.4377,3668.68,57.14,71.91,321.078,4.762,6.239,1.38,4.215,84.92,10.86,5012.3,1.8286,46.4102,3.85293,209.944,3.175,4.083,85.1822,0,1.652,1.38,9.582,87.49,2.927,5012.3,2.4829,46.4102,4.82059,490.915,15.87,9.55,120.131,0,2.329,1.38,4.697,95.3,0,5886,2.0914,54.5,3.05454,224.331,3.175,4.2,127.056,3.175,2.281,1.38,3.096,96.9,0,5886,1.9212,54.5,1.25451,98.0795,0,1.75,153.418,3.175,2.854,1.38,24.125,24.641,34.07,21.9695,116.5,5.2359,58.67,58.825,9.6066,11.482,24.701,26,51.311,9.476,12.28,1.06612,0.446856,11.65,2200,5750,0,9.14103,16,5903.57,6.19396,57.14,5.867,5.867,0,0,0,10.51,23.13,3200,38.1404,1.195,41.0401,1.384,52,1.1,-2.25
2026-09-07T08:32:19.310566+00:00,1.65249,658.554,108,22.27,77.73,0,5902.2,3.5828,54.65,7.00815,1321.34,12.5,22.42,270.133,3.077,5.133,1.39,50.15,49.85,0,5896.8,6.0625,54.6,12.3912,2826.38,45.31,55.25,238.647,0,4.571,1.385,6.073,83.99,9.941,5896.8,1.9951,54.6,4.9769,307.198,1.538,5.986,96.3185,0,1.868,1.385,64.23,35.77,0,5896.8,9.7551,54.6,19.1251,3505.27,61.54,68.64,411.287,6.154,8.007,1.385,4.288,82.05,13.66,5896.8,1.7469,54.6,3.72579,197.628,0,3.85,99.3503,1.538,1.923,1.385,10.79,86.05,3.157,5896.8,2.6159,54.6,5.36166,566.107,4.615,10.99,116.663,0,2.27,1.385,4.253,95.75,0,5896.8,2.0344,54.6,2.9438,213.933,0,4.042,109.452,0,1.987,1.385,3.185,96.82,0,5896.8,1.9068,54.6,1.29274,106.341,0,1.884,150.81,0,2.776,1.385,20.25,24.292,33.547,22.4958,117,5.1817,57.885,57.857,9.4815,11.333,24.309,26.5,50.579,8.517,12.6,1.25185,0.423525,11.7,2200,5750,0,8.79487,15.75,5899.14,6.17515,61.54,5.789,5.789,0,0,0,10.34,23.68,3200,38.2184,1.195,41.08,1.382,52,1.1,-2.1875
2026-09-07T08:32:20.329594+00:00,1.50427,577.446,108,16,84,0,5913,3.0413,54.75,5.69835,949.124,9.375,17.02,111.148,1.562,2.06,1.395,82.12,17.88,0,5913,10.656,54.75,20.3499,4206.43,76.56,82.47,727.717,12.5,14.2,1.39,3.548,40.96,55.49,5035.29,1.0549,46.623,3.30642,185.122,1.562,3.582,42.8189,0,0.8187,1.39,36.08,63.33,0.5871,5913,4.6422,54.75,9.29614,1453.99,23.44,28.53,714.219,9.375,13.91,1.39,2.215,39.72,58.07,5035.29,0.88437,46.623,2.19333,94.9765,0,1.829,51.1314,0,0.9777,1.39,6.08,41.72,52.2,5035.29,1.3258,46.623,2.15371,315.473,3.125,6.115,55.71,1.562,1.071,1.39,2.734,97.27,0,5913,1.8218,54.75,2.25602,104.663,0,1.938,91.8877,0,1.602,1.39,1.644,98.36,0,5913,1.72,54.75,0.34679,61.0151,0,1.032,73.7068,0,1.337,1.39,21.75,21.178,29.347,23.0135,111,5.163,53.661,53.863,9.4737,11.324,21.202,27.5,46.351,8.691,11.16,1.12171,0.367212,11.1,2200,5750,0,8.67949,15.25,5914.34,5.8152,76.56,5.366,5.366,0,0,0,9.022,24.22,3200,38.1404,1.195,41.0301,1.387,52,1.1,-2.25
2026-09-07T08:32:21.348960+00:00,1.57837,587.136,108,11.49,88.51,0,5853.6,2.5347,54.2,4.66095,678.12,12.5,11.7,56.7518,3.125,1.039,1.37,49.82,49.24,0.9439,5039.72,7.9781,46.6641,16.9926,613.276,9.375,11.91,2327.48,39.06,45.53,1.375,1.575,19.35,79.08,5039.72,0.44079,46.6641,2.20992,79.9237,0,1.419,5.93769,0,0.09011,1.375,89.9,10.1,0,5864.4,10.479,54.3,20.3712,75.7791,0,1.407,5240.91,87.5,102.7,1.375,0.7757,7.513,91.71,5039.72,0.21325,46.6641,1.05762,36.8959,0,0.6667,6.64525,0,0.1048,1.375,3.153,41.87,54.97,5039.72,0.98588,46.6641,2.66796,167.237,1.562,2.995,11.4241,0,0.1978,1.375,0.8447,99.16,0,5864.4,1.5844,54.3,1.57139,25.0691,0,0.3791,37.47,0,0.4829,1.375,0.2804,99.72,0,5864.4,1.5071,54.3,0.053482,15.7118,0,0.2122,15.5446,0,0.2091,1.375,30.375,21.61,29.791,29.1637,53,5.1063,53.953,53.873,9.4083,11.246,21.608,29.875,46.653,9.57,11.31,1.32421,0.610586,5.3,2200,5750,0,8.50641,15.5,5899.97,5.89692,87.5,5.395,5.395,0,0,0,9.195,30.7,3200,38.1703,1.195,41.0401,1.378,52,1.1,-2.1875
2026-09-07T08:32:22.365205+00:00,1.96134,802.869,108,22.66,77.34,0,5896.8,3.394,54.6,6.44078,1326.6,17.46,22.61,309.853,4.762,5.933,1.395,80.05,19.95,0,5902.2,10.162,54.65,20.9468,3948.27,68.25,77.35,1069.3,15.87,20.87,1.395,8.265,42.97,48.77,5026.09,1.5026,46.5379,4.13092,405.57,7.937,7.832,132.638,3.175,2.567,1.395,57.31,42.69,0,5902.2,8.53,54.65,18.6962,695.888,9.524,13.48,2941.28,49.21,57.55,1.395,6.529,33.12,60.35,5026.09,1.1895,46.5379,2.79927,328.601,4.762,6.35,107.021,1.587,2.065,1.395,12.19,58.41,29.4,5026.09,2.1803,46.5379,4.97631,638.038,12.7,12.28,279.421,4.762,5.446,1.395,5.09,94.91,0,5902.2,1.9287,54.65,2.38357,260.186,7.937,4.954,100.378,1.587,1.789,1.395,4.036,95.96,0,5902.2,1.8057,54.65,1.12903,186.708,4.762,3.42,116.155,1.587,2.114,1.395,19.75,26.086,35.548,29.8676,100.5,5.1168,59.777,59.777,9.4496,11.297,26.073,32.375,52.473,13.49,15.41,1.77359,0.534237,10.05,2200,5750,0,9.02564,15.5,5863.67,6.08392,68.25,5.978,5.978,0,0,0,11.09,31.44,3200,38.2006,1.195,41.0504,1.366,52,1.1,-2.1875
2026-09-07T08:32:23.387133+00:00,1.25622,512.213,108,19.81,80.19,0,5896.8,3.4326,54.6,6.22575,1177.78,17.19,19.8,213.528,1.562,3.935,1.385,37.14,62.86,0,5880.6,5.4423,54.45,9.46638,1860.45,29.69,36.26,458.435,4.688,8.646,1.38,5.471,77.93,16.6,5007.7,1.879,46.3676,4.293,271.355,6.25,5.12,93.9007,3.125,1.713,1.38,44.13,55.87,0,5880.6,5.5305,54.45,9.32963,1737.65,28.12,33.83,1080.6,14.06,18.5,1.38,3.53,73.41,23.06,5035.08,1.5429,46.6211,3.11925,161.464,1.562,3.068,81.5239,1.562,1.504,1.365,8.419,83.92,7.657,5859,2.2937,54.25,3.43125,443.559,6.25,8.569,88.2866,3.125,1.647,1.365,4.302,95.7,0,5859,2.0766,54.25,2.66713,185.647,3.125,3.431,122.773,1.562,2.136,1.365,2.821,97.18,0,5859,1.9263,54.25,1.01025,91.7772,1.562,1.449,126.669,1.562,2.183,1.365,24.625,19.869,27.604,16.8452,75,5.2197,52.045,51.961,9.592,11.465,19.853,30.25,44.81,7.812,9.487,0.837317,0.343244,7.5,2200,5750,0,8.82692,15.5,5919.84,4.85225,29.69,5.205,5.205,0,0,0,8.448,17.73,3200,38.13,1.195,41.045,1.391,52,1.1,-2.1875
2026-09-07T08:32:24.406093+00:00,1.68883,705.178,108,23.43,76.57,0,5896.8,3.4854,54.6,6.47888,1397.78,12.31,23.2,344.507,7.692,6.238,1.395,52.3,47.7,0,5026.09,6.6072,46.5379,12.0755,2882.22,40,56.12,414.074,7.692,7.706,1.39,8.755,87.98,3.267,5026.09,2.34,46.5379,5.05107,454.013,6.154,8.572,166.298,0,2.931,1.39,51.98,48.02,0,5026.09,6.8919,46.5379,12.3382,745.59,10.77,14.2,2437.25,40,49.19,1.39,7.423,59.2,33.37,5026.09,1.7967,46.5379,3.65755,372.915,3.077,6.839,184.343,0,3.169,1.39,12.71,87.29,0,5026.09,2.7098,46.5379,4.47739,678.628,9.231,12.75,201.295,0,3.419,1.39,6.853,93.15,0,5902.2,2.2285,54.65,2.97403,346.089,3.077,6.128,199.431,0,3.127,1.385,5.432,94.57,0,5902.2,2.0625,54.65,1.26454,186.326,0,2.86,272.087,3.077,4.591,1.385,19.75,22.702,31.277,19.8448,119,5.1593,55.719,55.773,9.5482,11.413,22.746,28.75,48.364,8.942,13.19,1.35801,0.574613,11.9,2200,5750,0,8.86538,15.5,5896.6,5.35835,40,5.572,5.572,0,0,0,9.679,20.89,3200,38.1581,1.195,41.0646,1.379,52,1.1,-2.1875
2026-09-07T08:32:25.427097+00:00,1.82327,827.569,108,31.42,68.58,0,5891.4,4.3654,54.55,8.39402,1875.99,26.56,31.77,568.395,15.62,10.9,1.395,44.37,55.63,0,5896.8,5.9978,54.6,10.2008,2214.27,26.56,43.04,802.683,18.75,15.48,1.395,13.75,85.79,0.4573,5021.49,3.0664,46.4953,6.94695,718.237,12.7,14.22,309.976,6.25,5.974,1.395,39.83,60.17,0,5896.8,5.2893,54.6,9.3989,1408.33,23.44,27.38,1329.56,21.88,25.87,1.395,12.59,86.44,0.9711,5021.49,2.9433,46.4953,5.94394,611.042,11.11,12.06,338.158,9.375,6.501,1.395,17.86,82.07,0.06625,5896.8,3.4837,54.6,5.65078,922.988,14.06,18.29,361.561,6.25,7.119,1.395,12.52,87.48,0,5896.8,2.9322,54.6,4.70808,631.64,9.375,12.14,339.312,10.94,6.111,1.395,9.987,90.01,0,5896.8,2.619,54.6,2.47735,314.707,6.25,5.623,494.261,7.812,9.213,1.395,19.375,24.673,34.227,16.1943,113.5,5.2674,58.889,58.73,9.7327,11.632,24.658,27,51.654,14.18,15.73,0.967249,0.509031,11.35,2200,5750,0,8.67308,15.5,5903.53,5.54217,26.56,5.889,5.889,0,0,0,10.49,17.05,3200,38.2152,1.195,41.0551,1.389,52.005,1.1,-2.1875
2026-09-07T08:32:26.445621+00:00,1.87335,853.803,108,33.22,66.78,0,5907.6,4.522,54.7,8.68725,1978.39,38.1,33.36,602.712,19.05,11.6,1.385,49.68,50.32,0,5896.8,6.5622,54.6,11.2983,2010.23,28.57,38.95,1343.97,22.22,26.19,1.385,14.63,84.11,1.255,5021.49,3.1546,46.4953,7.13632,717.599,17.19,14.22,368.132,4.688,7.109,1.385,38.31,61.69,0,5896.8,5.3412,54.6,9.58086,1754.1,17.46,34.15,934.883,19.05,18.12,1.385,12.36,85.6,2.038,5021.49,2.8554,46.4953,5.82935,637.093,10.94,12.62,302.469,6.25,5.818,1.385,17.28,82.72,0,5896.8,3.3502,54.6,5.43901,895.871,15.87,17.79,359.011,7.812,6.949,1.385,12.16,87.84,0,5896.8,2.8695,54.6,4.6001,614.365,7.937,11.76,343.008,9.524,6.137,1.385,9.688,90.31,0,5896.8,2.6091,54.6,2.43184,328.154,6.349,5.849,470.857,6.349,8.879,1.385,17.875,25.142,34.879,16.7654,123,5.2724,59.495,59.46,9.7047,11.599,25.102,25.625,52.278,14.83,16.22,1.21564,0.588019,12.3,2200,5750,0,8.6859,15,5903.97,5.64852,38.1,5.95,5.95,0,0,0,10.68,17.65,3200,38.2264,1.195,41.1107,1.389,52,1.1,-2.1875
2026-09-07T08:32:27.209145+00:00,1.4831,653.944,108,24.42,75.58,0,5896.8,3.7748,54.6,6.98336,1462.06,18.46,24.64,396.694,6.154,7.665,1.39,45.01,54.99,0,5902.2,5.5758,54.65,9.25358,1295.51,15.38,25.15,1628.25,24.62,31.75,1.39,10.2,86.4,3.403,5026.09,2.5903,46.5379,5.63092,509.594,10.77,10.04,243.345,3.077,4.777,1.39,33.7,66.3,0,5026.09,5.0167,46.5379,8.8146,1271.34,15.38,24.73,943.305,15.38,18.22,1.39,8.219,85.13,6.646,5026.09,2.3193,46.5379,4.46906,417.52,6.154,8.214,211.923,1.538,4.157,1.39,13.04,86.66,0.2914,5026.09,2.9627,46.5379,4.58025,667.997,7.692,13.12,271.013,10.77,5.336,1.39,7.624,92.38,0,5902.2,2.4117,54.65,3.38868,379.681,3.077,7.267,242.908,3.077,4.518,1.39,6.094,93.91,0,5902.2,2.2482,54.65,1.71228,224.344,1.538,4.061,297.638,1.538,5.596,1.39,17.375,21.765,30.239,15.9,102.5,5.2683,54.826,54.743,9.6497,11.533,21.769,24.25,47.568,9.038,12.45,0.882298,0.412152,10.25,2200,5750,0,8.98077,15.25,5915.62,5.08099,24.62,5.483,5.483,0,0,0,9.264,16.74,3200,38.2465,1.195,41.074,1.391,52.0049,1.1,-2.1875
2026-09-07T08:32:28.228303+00:00,1.51456,662.534,108,26.35,73.65,0,5907.6,4.1485,54.7,7.84222,1572.41,26.56,26.09,433.798,14.06,8.315,1.395,38.33,61.67,0,5902.2,5.0353,54.65,8.42668,1721.21,32.81,33.63,776.317,14.06,15.01,1.39,11.15,83.03,5.824,5026.09,2.5737,46.5379,5.91016,555.962,12.5,10.89,249.24,9.375,4.888,1.39,38.44,61.56,0,5902.2,5.2051,54.65,8.94394,1248.92,18.75,24.31,1239.82,23.44,24.04,1.39,9.032,82.42,8.547,5026.09,2.3435,46.5379,4.76977,430.433,6.25,8.406,242.643,7.812,4.748,1.39,14.52,83.36,2.124,5026.09,2.9534,46.5379,4.59284,756.953,17.19,14.77,251.709,4.688,4.958,1.39,7.755,92.25,0,5902.2,2.4114,54.65,3.60911,377.293,7.812,7.25,242.831,6.25,4.541,1.39,5.868,94.13,0,5902.2,2.2116,54.65,1.66479,211.747,6.25,3.886,289.255,6.25,5.399,1.39,14.5,25.745,35.734,15.9532,75.5,5.2346,60.272,60.412,9.6474,11.531,25.736,23,53.023,13.38,12.57,0.974153,0.397929,7.55,2200,5750,0,9.07692,14.5,5913.32,5.16416,32.81,6.027,6.027,0,0,0,10.95,16.79,3200,38.2202,1.195,41.1041,1.39,52,1.1,-2.1875
2026-09-07T08:32:29.246423+00:00,1.4255,614.064,108,23.04,76.96,0,5896.8,3.7535,54.6,6.70508,1377.61,20.31,24.6,282.95,3.125,5.492,1.395,43.77,56.23,0,5902.2,5.3403,54.65,8.52265,1264.37,17.19,24.68,1525.28,28.12,29.85,1.39,9.558,82.98,7.46,5026.09,2.3387,46.5379,5.0458,481.829,7.812,9.482,204.16,1.562,4.027,1.39,32.24,67.76,0,5902.2,4.7814,54.65,8.01739,1326.87,18.75,25.79,808.006,7.812,15.71,1.39,7.468,81.15,11.38,5026.09,2.0515,46.5379,3.8969,376.077,4.688,7.387,181.42,3.125,3.568,1.39,13.58,84.13,2.296,5902.2,2.8381,54.65,4.07032,695.914,12.5,13.73,241.345,3.125,4.756,1.39,7.306,92.69,0,5902.2,2.3579,54.65,3.17993,380.572,3.125,7.369,203.063,3.125,3.801,1.39,5.593,94.41,0,5902.2,2.1603,54.65,1.35248,202.946,1.562,3.746,272.628,1.562,5.12,1.39,16.875,24.903,34.603,15.7055,69,5.2713,59.217,59.32,9.6819,11.572,24.903,22,51.974,8.594,11.82,0.752127,0.307919,6.9,2200,5750,0,8.8141,15,5916.6,4.754,28.12,5.922,5.922,0,0,0,10.6,16.53,3200,38.1952,1.195,41.0701,1.391,52.01,1.1,-2.1875
2026-09-07T08:32:30.264675+00:00,1.53513,679.287,108,25.62,74.38,0,5886,3.9644,54.5,7.13383,1530.37,21.88,25.12,447.814,6.25,8.483,1.39,35.48,64.52,0,5886,5.3815,54.5,9.03771,1632.35,23.44,31.67,742.607,9.375,14.3,1.39,10.22,86.34,3.437,5012.3,2.6129,46.4102,5.55071,529.948,9.375,10.38,232.597,3.175,4.526,1.39,44.72,55.28,0,5012.3,5.2929,46.4102,8.76652,2291.9,31.25,44.73,587.881,6.25,11.3,1.39,8.436,84.35,7.216,5012.3,2.3151,46.4102,4.32909,417.977,6.349,8.167,232.252,3.175,4.489,1.39,13.98,85.4,0.6188,5012.3,2.9727,46.4102,4.43908,746.201,14.06,14.59,246.472,1.587,4.793,1.39,8.534,91.47,0,5886,2.4929,54.5,3.41763,426.388,6.25,8.001,252.049,3.125,4.617,1.39,6.52,93.48,0,5886,2.2805,54.5,1.61983,234.101,3.125,4.186,317.695,3.175,5.75,1.39,16.5,22.702,31.548,15.8279,97,5.2725,56.204,56.203,9.6655,11.553,22.734,21.25,48.9,9.49,12.82,0.972191,0.422105,9.7,2200,5750,0,8.73077,15,5914.46,4.89985,31.25,5.62,5.62,0,0,0,9.674,16.66,3200,38.2129,1.195,41.0605,1.392,52,1.1,-2.1875
2026-09-07T08:32:31.285566+00:00,1.60013,707.027,108,26.76,73.24,0,5896.8,3.954,54.6,7.41362,1599.58,23.81,27.25,416.891,9.524,8.042,1.39,37.74,62.26,0,5886,5.5714,54.5,9.48445,1658.83,25.4,32.25,863.487,17.46,16.76,1.39,11.52,85.31,3.163,5886,2.717,54.5,6.06219,618.276,11.11,12.1,227.994,4.688,4.469,1.39,43.24,56.76,0,5886,5.4589,54.5,9.38716,2351.94,38.1,45.93,478.734,7.937,9.299,1.39,9.743,85.3,4.955,5886,2.4959,54.5,4.95048,480.367,9.375,9.387,252.681,7.812,4.927,1.39,15.56,83,1.435,5886,3.1114,54.5,4.79777,812.906,17.46,15.91,278.725,4.688,5.463,1.39,8.609,91.39,0,5886,2.5177,54.5,3.77445,448.476,11.11,8.577,247.46,7.937,4.649,1.39,6.828,93.17,0,5886,2.3097,54.5,1.7095,246.534,3.175,4.486,329.55,4.688,6.204,1.39,17.375,23.57,32.719,16.2182,95,5.2349,57.194,57.16,9.6464,11.529,23.527,20.625,50.006,12.77,13.48,0.826242,0.387973,9.5,2200,5750,0,8.96154,15.25,5911.52,5.26617,38.1,5.719,5.719,0,0,0,10.01,17.07,3200,38.2658,1.195,41.0802,1.39,52,1.1,-2.1875
2026-09-07T08:32:32.302547+00:00,1.81256,786.185,108,29.1,70.9,0,5896.8,3.978,54.6,7.55826,1732.04,21.54,28.65,483.309,10.77,9.253,1.39,50.17,49.83,0,5896.8,6.7005,54.6,12.8151,2546.96,40,49.64,725.909,7.812,14.07,1.39,11.19,77.76,11.05,5021.49,2.5721,46.4953,5.93887,539.417,7.692,10.5,283.396,4.688,5.494,1.39,52.92,47.08,0,5896.8,7.7565,54.6,15.0551,2234.32,38.46,43.62,1136.21,18.75,22.17,1.39,8.791,76.94,14.27,5021.49,2.2607,46.4953,4.6139,446.144,10.94,8.704,221.207,4.688,4.259,1.39,13.76,76.37,9.868,5896.8,2.7452,54.6,5.11814,695.774,7.692,13.53,278.016,7.812,5.393,1.39,8.416,91.58,0,5896.8,2.4452,54.6,3.64122,408.517,9.231,7.765,267.813,4.615,4.804,1.39,6.909,93.09,0,5896.8,2.2645,54.6,1.85816,260.689,4.688,4.684,319.252,4.615,5.88,1.39,16.5,27.503,37.97,20.9061,108.5,5.2762,62.731,62.644,9.7779,11.687,27.498,24.375,55.46,12.75,14.9,1.23664,0.543559,10.85,2200,5750,0,9.07051,15.25,5895.73,5.78693,40,6.273,6.273,0,0,0,11.7,22.01,3200,38.2994,1.195,41.0768,1.382,52,1.1,-2.1875
2026-09-07T08:32:33.324242+00:00,1.65779,707.669,108,24.62,75.38,0,5869.8,3.8871,54.35,7.485,1475.8,28.12,25.02,389.772,6.349,7.525,1.385,44.89,55.11,0,5886,6.5045,54.5,11.8801,2397.2,34.38,46.89,467.347,6.25,9.098,1.385,11.3,85.86,2.842,5012.3,2.7332,46.4102,6.152,579.551,11.11,11.4,204.807,1.562,4.035,1.385,49.51,50.49,0,5886,6.1349,54.5,11.06,2398.11,39.68,46.94,747.959,7.812,14.66,1.385,8.219,87.43,4.351,5012.3,2.3359,46.4102,4.714,403.468,6.25,7.942,208.184,3.125,4.099,1.385,13.67,85.74,0.5907,5012.3,2.8778,46.4102,4.62288,711.943,11.11,14.01,222.916,1.562,4.393,1.385,7.539,92.46,0,5886,2.3991,54.5,3.602,383.262,3.125,7.409,222.167,1.562,4.193,1.385,6.028,93.97,0,5886,2.1964,54.5,1.53138,207.866,1.562,3.933,302.347,1.562,5.7,1.385,16.875,26.311,36.51,17.7341,75.5,5.2712,61.208,61.225,9.6913,11.583,26.342,23.625,53.891,10.32,13.58,1.12398,0.384964,7.55,2200,5750,0,8.72436,15.25,5910.75,5.68063,39.68,6.121,6.121,0,0,0,11.21,18.67,3200,38.327,1.195,41.063,1.389,52,1.1,-2.1875
2026-09-07T08:32:34.342422+00:00,1.74091,741.53,108,27.11,72.89,0,5886,4.1457,54.5,8.0255,1617.03,17.19,27.85,366.272,10.77,7.115,1.385,55.48,44.52,0,5902.2,6.8911,54.65,12.371,2886.6,53.97,56.53,637.107,10.94,12.36,1.395,11.83,85.84,2.331,5026.09,2.7363,46.5379,6.24275,595.926,15.62,11.76,232.347,7.812,4.594,1.395,43.34,56.66,0,5902.2,6.2306,54.65,11.7124,1206.86,21.88,23.46,1581.57,26.56,30.81,1.395,8.522,87.43,4.043,5026.09,2.3583,46.5379,4.809,410.477,10.94,8.105,225.234,7.812,4.44,1.395,13.7,85.11,1.188,5902.2,2.8426,54.65,4.73825,715.822,18.75,14.02,234.887,6.25,4.638,1.395,8.177,91.82,0,5902.2,2.4135,54.65,3.70238,394.623,9.524,7.626,251.013,7.812,4.705,1.395,5.93,94.07,0,5902.2,2.1869,54.65,1.59,209.13,7.692,3.937,299.572,6.25,5.736,1.395,16.875,24.83,34.353,18.0336,116,5.2365,58.947,59.123,9.6388,11.52,24.858,23.5,51.633,14.99,14.23,1.184,0.435234,11.6,2200,5750,0,8.89744,15.25,5903.25,5.82238,53.97,5.895,5.895,0,0,0,10.58,18.98,3200,38.325,1.195,41.059,1.385,52,1.1,-2.1875
2026-09-07T08:32:35.360703+00:00,1.49757,655.937,108,23.29,76.71,0,5902.2,3.782,54.65,7.08103,1392.82,20.31,23.07,394.245,12.5,7.612,1.39,43.72,56.29,0,5896.8,5.6761,54.6,9.60091,1351.57,18.46,26.36,1503.42,29.23,29.34,1.39,10.16,86.89,2.946,5021.49,2.5703,46.4953,5.71702,532.266,12.31,10.47,207.979,6.154,4.116,1.39,37.18,62.82,0,5896.8,5.2161,54.6,9.1418,982.121,15.38,19.05,1433.3,16.92,27.87,1.39,8.29,86.48,5.232,5021.49,2.3116,46.4953,4.5998,419.903,6.154,8.268,200.424,4.615,3.96,1.39,13.48,86.05,0.4666,5021.49,2.9103,46.4953,4.50371,724.576,10.77,14.23,224.086,4.615,4.441,1.39,7.727,92.27,0,5896.8,2.4035,54.6,3.53249,376.992,6.154,7.261,247.051,9.375,4.711,1.39,5.908,94.09,0,5896.8,2.2039,54.6,1.62216,204.883,4.688,3.817,299.347,3.125,5.651,1.39,16.5,21.833,30.293,16.2666,70,5.2627,54.89,54.799,9.6974,11.59,21.81,22.5,47.672,11.3,12.51,0.870083,0.303743,7,2200,5750,0,8.96154,15.25,5911.75,5.19911,29.23,5.489,5.489,0,0,0,9.281,17.12,3200,38.3261,1.195,41.0988,1.389,52,1.1,-2.1875
2026-09-07T08:32:36.380169+00:00,1.76921,723.854,108,25.71,74.29,0,5902.2,3.9079,54.65,7.42553,1527.91,20.31,25.77,316.568,7.812,6.1,1.385,65.92,34.08,0,5875.2,8.8479,54.4,17.1289,3609.41,62.5,70.71,438.633,9.375,8.441,1.385,7.464,73.29,19.24,5875.2,2.0788,54.4,4.98916,389.068,6.25,7.532,146.692,1.562,2.887,1.385,51.35,48.65,0,5875.2,6.2565,54.4,11.8824,2134.06,37.5,41.71,1065.08,18.75,20.68,1.385,5.897,64.39,29.72,5891.4,1.7025,54.55,3.63609,300.626,7.812,5.812,136.491,3.125,2.689,1.39,11.65,77.8,10.55,5891.4,2.5649,54.55,4.17011,625.518,9.375,12.03,159.004,1.562,3.128,1.39,5.11,94.89,0,5891.4,2.1389,54.55,2.97404,260.108,4.688,4.988,146.238,3.125,2.677,1.39,3.819,96.18,0,5891.4,2.0017,54.55,1.15713,137.184,3.125,2.517,189.055,3.125,3.6,1.39,25.5,23.615,32.698,21.6276,68,5.1985,57.187,56.806,9.6101,11.486,23.572,26.875,49.903,12.5,13.83,1.97152,0.69683,6.8,2200,5750,0,9.01282,16.5,5902.72,5.937,62.5,5.719,5.719,0,0,0,10.03,22.77,3200,38.247,1.195,41.0554,1.385,52,1.1,-2.1875
2026-09-07T08:32:37.397456+00:00,1.79555,786.872,108,30.9,69.1,0,5891.4,4.4081,54.55,8.75967,1843.58,25.4,31.07,485.26,7.937,9.277,1.385,46.98,53.02,0,5896.8,6.494,54.6,11.7431,2315.1,28.57,44.97,775.257,14.29,14.98,1.395,14.01,85.88,0.1107,5896.8,3.1523,54.6,7.28266,673.138,14.29,13.11,319.713,9.524,6.201,1.395,42.97,57.03,0,5896.8,5.5882,54.6,10.4235,1799.28,36.51,35.11,1030.13,12.7,20.01,1.395,10.67,89.14,0.1847,5896.8,2.7807,54.6,5.81671,506.037,9.524,9.889,280.38,4.762,5.354,1.395,16.43,83.5,0.07241,5896.8,3.3043,54.6,5.60565,820.171,19.05,15.92,326.179,6.349,6.309,1.385,10.22,89.78,0,5896.8,2.729,54.6,4.46407,509.63,15.87,9.548,285.302,4.762,5.119,1.385,7.37,92.63,0,5896.8,2.4149,54.6,2.24937,267.076,4.762,4.753,353.726,7.937,6.403,1.385,24.625,24.938,34.623,17.0074,115.5,5.2508,59.256,59.696,9.6538,11.539,24.967,25.5,51.937,13.89,14.88,1.24882,0.588179,11.55,2200,5750,0,9.05128,15.5,5907.22,5.96683,36.51,5.926,5.926,0,0,0,10.62,17.9,3200,38.2563,1.195,41.0854,1.39,52,1.1,-2.1875
2026-09-07T08:32:38.415571+00:00,1.62761,715.052,108,26.94,73.06,0,5891.4,3.9993,54.55,7.77092,1607.66,17.19,25.86,485.056,10.94,9.259,1.385,44.73,55.27,0,5902.2,6.1328,54.65,10.9965,1882.83,28.12,36.63,1028.07,15.62,19.95,1.39,11.5,87.01,1.49,5026.09,2.845,46.5379,6.44151,555.085,9.375,10.85,267.428,4.688,5.235,1.39,43.44,56.56,0,5902.2,5.7825,54.65,10.5386,1590.34,20.31,30.99,1279.44,15.62,24.8,1.39,7.902,87.49,4.609,5026.09,2.3604,46.5379,4.9375,369.605,4.688,7.205,219.576,7.812,4.33,1.39,13.83,86.03,0.1421,5026.09,2.997,46.5379,4.92811,672.453,9.375,13.02,301.632,6.25,5.908,1.39,8.349,91.65,0,5902.2,2.5333,54.65,3.97758,401.857,9.375,7.533,261.158,6.25,4.82,1.39,6.074,93.93,0,5902.2,2.2694,54.65,1.85984,224.47,4.688,4.066,294.169,4.688,5.5,1.39,19.375,22.959,31.883,17.0327,110.5,5.2595,56.559,56.504,9.6759,11.565,22.99,24.375,49.233,10.94,13.5,1.22444,0.496211,11.05,2200,5750,0,8.65385,15,5911.27,5.67948,28.12,5.656,5.656,0,0,0,9.783,17.93,3200,38.2826,1.195,41.1303,1.391,52,1.1,-2.125
2026-09-07T08:32:39.433742+00:00,1.42585,616.565,108,22.06,77.94,0,5902.2,3.6429,54.65,6.74544,1319.77,12.31,22.15,358.111,7.692,6.899,1.395,43.28,56.72,0,5886,5.5213,54.5,9.38893,1239.36,13.85,24.25,1521.48,29.23,29.73,1.39,8.675,86.25,5.074,5012.3,2.3921,46.4102,5.2712,427.214,3.077,8.369,206.532,1.538,4.07,1.39,38.5,61.5,0,5886,5.4456,54.5,9.53156,770.156,9.231,14.94,1704.62,24.62,33.35,1.39,7.16,85.53,7.311,5012.3,2.1365,46.4102,4.0948,341.24,6.154,6.686,201.986,1.538,3.976,1.39,11.61,87.31,1.076,5886,2.6911,54.5,4.09541,599.679,12.31,11.69,208.859,0,4.123,1.39,6.274,93.73,0,5886,2.2471,54.5,3.10663,328.072,1.538,6.267,193.599,1.538,3.628,1.39,5.024,94.98,0,5886,2.0967,54.5,1.32138,186.279,1.538,3.505,258.094,1.538,4.891,1.39,19.75,20.534,28.53,16.6651,117,5.2355,52.953,52.926,9.6087,11.484,20.489,23.375,45.773,7.981,11.78,0.731355,0.27752,11.7,2200,5750,0,8.76923,15,5916.35,5.09554,29.23,5.295,5.295,0,0,0,8.719,17.54,3200,38.2061,1.195,41.1341,1.391,52,1.1,-2.1875
2026-09-07T08:32:40.450845+00:00,1.31711,536.015,108,20.36,79.64,0,5907.6,3.6203,54.7,6.73264,1213.18,20.31,20.97,216.749,4.688,4.148,1.39,35.16,64.84,0,5896.8,5.6331,54.6,10.0511,1574.79,25,30.68,634.996,12.5,12.2,1.385,6.711,87.06,6.232,5896.8,2.2386,54.6,4.95854,328.619,6.25,6.389,109.593,4.688,2.146,1.385,47.03,52.97,0,5896.8,5.6024,54.6,9.6034,658.678,9.375,12.76,2255.8,43.75,44.02,1.385,5.074,81.25,13.68,5896.8,1.8383,54.6,3.62338,234.598,7.812,4.571,107.046,4.688,2.087,1.385,9.557,89.6,0.8387,5896.8,2.5321,54.6,3.78996,499.186,6.25,9.698,118.687,6.25,2.33,1.385,4.491,95.51,0,5896.8,2.1016,54.6,2.80557,226.632,4.688,4.235,119.936,3.125,2.173,1.385,3.333,96.67,0,5896.8,1.9875,54.6,1.13886,117.941,4.688,2.083,159.812,3.125,2.971,1.385,16.875,20.136,27.97,17.0099,67.5,5.2567,52.536,52.535,9.6196,11.497,20.156,22.875,45.25,10.45,10.22,0.874245,0.318796,6.75,2200,5750,0,8.91026,15.5,5917.91,5.04033,43.75,5.254,5.254,0,0,0,8.577,17.91,3200,38.2048,1.195,41.1349,1.39,52,1.1,-2.125
2026-09-07T08:32:41.212992+00:00,1.29352,519.477,108,19.89,80.11,0,5907.6,3.4746,54.7,6.31344,1188.3,9.375,20.71,193.148,0,3.671,1.395,44.12,55.88,0,5902.2,5.7668,54.65,9.84097,2017.97,28.12,39.46,718.659,10.94,13.92,1.39,6.075,89.53,4.394,5902.2,2.2172,54.65,4.81707,311.48,6.25,6.076,83.4594,0,1.625,1.39,38.93,61.07,0,5902.2,5.4825,54.65,9.51527,1330.94,17.19,25.89,1063.03,14.06,20.73,1.39,4.297,87.22,8.482,5902.2,1.9246,54.65,3.60048,216.287,3.125,4.235,77.997,0,1.512,1.39,8.851,90.44,0.7121,5902.2,2.5092,54.65,3.7002,440.337,1.562,8.57,127.55,0,2.425,1.39,4.368,95.63,0,5902.2,2.105,54.65,2.76852,209.629,4.688,3.964,108.359,0,1.863,1.385,2.815,97.18,0,5902.2,1.9596,54.65,1.04017,84.2173,0,1.458,140.279,1.562,2.579,1.385,18.5,20.775,28.867,16.6676,70,5.2155,53.302,53.187,9.5783,11.448,20.767,22,46.052,6.055,9.918,0.945955,0.380054,7,2200,5750,0,8.88462,15,5920.25,5.00913,28.12,5.33,5.33,0,0,0,8.837,17.54,3200,38.2042,1.195,41.0691,1.391,52,1.1,-2.125
2026-09-07T08:32:42.230119+00:00,1.69578,682.31,108,25.55,74.45,0,5902.2,4.0214,54.65,7.87299,1521.61,23.44,26.16,273.634,1.562,5.154,1.39,60.74,39.26,0,5896.8,7.4438,54.6,13.8225,2889.94,40.62,56.32,884.589,12.5,17.23,1.385,9.35,85.78,4.867,5021.49,2.5864,46.4953,5.999,479.67,3.125,9.421,108.535,0,2.131,1.385,49.61,50.39,0,5896.8,6.4159,54.6,12.2847,2022.15,28.12,39.39,1094.86,14.06,21.44,1.385,4.867,86.71,8.426,5021.49,2.0262,46.4953,4.25439,238.363,6.25,4.672,86.8711,1.562,1.689,1.385,11,88.43,0.5726,5021.49,2.748,46.4953,4.76655,568.874,7.812,11.08,119.707,0,2.405,1.385,5.129,94.87,0,5896.8,2.247,54.6,3.34892,237.493,1.562,4.512,133.663,1.562,2.373,1.385,3.325,96.67,0,5896.8,2.0482,54.6,1.49198,92.7826,0,1.658,164.215,1.562,3.071,1.385,19.375,24.401,33.854,18.8704,86,5.1639,58.343,58.427,9.5938,11.467,24.4,22.375,51.001,8.984,13.04,2.11071,0.535787,8.6,2200,5750,0,8.92308,15.75,5911.86,5.99373,40.62,5.834,5.834,0,0,0,10.38,19.86,3200,38.331,1.195,41.1003,1.389,52,1.1,-2.125
2026-09-07T08:32:43.248212+00:00,1.82342,775.062,108,31.06,68.94,0,5886,4.4597,54.5,8.81857,1829.55,25,31.36,471.881,7.812,9.095,1.385,46.47,53.53,0,5907.6,6.2355,54.7,12.0638,2281.94,37.5,45.01,760.55,9.375,14.65,1.39,11.9,85.16,2.94,5907.6,2.6849,54.7,6.55543,569.017,14.06,11.03,235.889,3.125,4.578,1.39,49.23,50.77,0,5902.2,6.5809,54.65,12.7799,2352,32.81,45.78,860.702,12.5,16.63,1.395,9.557,81.48,8.959,5026.09,2.3444,46.5379,5.18043,500.965,12.5,9.755,166.578,4.688,3.218,1.395,17.07,82.53,0.4033,5902.2,3.2289,54.65,6.01476,898.674,14.06,17.41,232.341,3.125,4.498,1.395,9.531,90.47,0,5902.2,2.5602,54.65,4.16504,481.037,9.375,9.121,191.645,6.25,3.552,1.395,7.521,92.48,0,5896.8,2.3357,54.6,2.39189,312.387,6.25,5.897,255.838,4.688,4.76,1.385,17.375,26.494,36.455,18.4853,83.5,5.2528,61.298,61.411,9.7495,11.653,26.537,22.75,53.886,12.7,14.77,2.21101,0.600251,8.35,2200,5750,0,9.01282,15.25,5897.78,5.88413,37.5,6.13,6.13,0,0,0,11.29,19.46,3200,38.3954,1.195,41.1301,1.382,52.005,1.1,-2.125
2026-09-07T08:32:44.265298+00:00,1.56105,621.93,108,22.67,77.33,0,5869.8,3.6219,54.35,6.86652,1347.2,18.75,23.05,247.722,7.812,4.739,1.37,57.76,42.24,0,5869.8,7.7299,54.35,14.7385,2225.7,37.5,43.1,1341.51,21.88,26.31,1.365,6.245,88.14,5.615,5044.36,2.1666,46.707,5.02058,297.945,7.812,5.79,105.567,3.125,2.052,1.365,47.37,52.63,0,5869.8,6.84,54.35,13.4485,2065.85,40.62,40.44,832.203,15.62,16.25,1.365,5.413,84.17,10.42,5044.36,1.9408,46.707,3.87762,252.52,7.812,4.927,100.084,3.125,1.941,1.365,9.415,87.98,2.608,5869.8,2.4893,54.35,4.48253,467.52,6.25,9.074,122.397,3.125,2.392,1.365,4.446,95.55,0,5869.8,2.1028,54.35,2.98104,202.978,4.688,3.929,119.312,1.562,2.149,1.365,2.791,97.21,0,5044.36,1.8799,46.707,1.24601,89.2134,4.688,1.581,133.155,4.688,2.441,1.365,25.5,24.081,33.28,20.5159,76.5,5.2704,57.815,57.381,9.6599,11.545,24.026,24.375,50.623,11.82,11.88,0.99242,0.382657,7.65,2200,5750,0,8.87821,15.25,5904.19,5.75075,40.62,5.781,5.781,0,0,0,10.22,21.6,3200,38.2844,1.195,41.0948,1.383,52,1.1,-2.125
2026-09-07T08:32:45.282176+00:00,1.67578,666.566,108,23.41,76.59,0,5886,3.7254,54.5,7.28825,1388.68,12.5,22.99,297.837,4.688,5.662,1.375,61.58,38.42,0,5869.8,7.6616,54.35,15.0656,3203.4,50,62.42,537.799,9.375,10.43,1.375,7.4,86.5,6.097,5869.8,2.2658,54.35,5.40438,385.331,7.812,7.449,90.0484,3.125,1.708,1.375,53.14,46.86,0,5869.8,8.1376,54.35,16.3878,2991.59,43.75,58.68,245.287,3.125,4.34,1.375,4.737,87.23,8.035,5869.8,1.8883,54.35,3.963,228.032,4.688,4.441,90.8485,3.125,1.753,1.375,9.695,87.76,2.546,5869.8,2.4548,54.35,4.79238,498.845,7.812,9.66,113.525,3.125,2.172,1.375,4.823,95.18,0,5869.8,2.1185,54.35,3.05688,220.568,4.688,4.121,142.776,1.562,2.455,1.375,2.796,97.2,0,5869.8,1.8855,54.35,1.307,91.4372,1.562,1.628,139.05,3.125,2.589,1.375,27,25.513,35.21,22.0126,112.5,5.2549,59.846,60.07,9.6638,11.55,25.536,25.5,52.54,10.25,12.66,1.17644,0.427022,11.25,2200,5750,0,9.01923,15.75,5898.93,6.21513,50,5.985,5.985,0,0,0,10.87,23.17,3200,38.391,1.195,41.107,1.381,52,1.1,-2.125
2026-09-07T08:32:46.301590+00:00,1.66941,659.598,108,23.6,76.4,0,5886,3.7777,54.5,7.43371,1400.94,17.19,23.93,261.948,3.175,4.965,1.385,63.26,36.74,0,5880.6,7.9881,54.45,15.8503,2279.78,38.1,45.53,1551.53,25.4,29.96,1.38,6.873,89.42,3.704,5880.6,2.2586,54.45,5.40025,337.083,3.175,6.606,101.761,1.587,2.015,1.38,51.88,48.12,0,5880.6,7.6183,54.45,15.3301,2053.96,25.4,40.11,1090.93,17.46,21.51,1.38,4.419,88.08,7.497,5007.7,1.9046,46.3676,3.97083,211.217,1.587,4.118,89.0543,1.587,1.745,1.38,8.851,89.91,1.235,5880.6,2.3856,54.45,4.53106,460.083,3.175,8.84,108.728,4.762,2.14,1.38,4.989,95.01,0,5880.6,2.0774,54.45,3.02891,231.199,1.587,4.395,128.677,1.587,2.426,1.38,3.071,96.93,0,5880.6,1.8944,54.45,1.24242,99.3698,1.587,1.769,147.307,1.562,2.756,1.38,23.625,25.609,35.318,22.1353,121,5.2709,59.856,59.888,9.6644,11.551,25.548,25.875,52.667,9.307,12.68,1.04211,0.385191,12.1,2200,5750,0,9.20513,16.25,5898.42,6.22462,38.1,5.986,5.986,0,0,0,10.87,23.3,3200,38.3939,1.195,41.1061,1.38,52.0051,1.1,-2.125
2026-09-07T08:32:47.319628+00:00,1.68212,669.979,108,23.29,76.71,0,5896.8,3.7362,54.6,7.31994,1380.38,23.81,23.08,286.246,4.688,5.472,1.39,62.31,37.69,0,5886,8.4238,54.5,16.604,2937.39,42.19,57.21,885.404,17.19,17.31,1.385,7.265,90.27,2.461,5886,2.2221,54.5,5.21972,356.952,3.125,6.929,106.17,0,2.053,1.385,51.11,48.89,0,5886,6.9268,54.5,13.9318,793.277,15.62,15.12,2333.25,42.19,45.97,1.385,4.774,88.71,6.514,5886,1.8972,54.5,3.81832,243.3,7.812,4.718,83.0437,0,1.598,1.385,11.9,87.17,0.9238,5886,2.7104,54.5,5.01226,611.175,7.812,11.87,127.552,0,2.466,1.385,4.337,95.66,0,5886,2.0212,54.5,2.82232,215.05,1.562,4.028,106.911,1.562,1.939,1.385,3.224,96.78,0,5886,1.8904,54.5,1.31119,92.9646,0,1.644,160.599,1.587,2.906,1.385,21.75,24.58,33.892,21.728,110.5,5.2582,58.551,58.649,9.6204,11.499,24.652,26,51.175,10.57,12.77,1.20921,0.416468,11.05,2200,5750,0,9,15.5,5899.13,6.08734,42.19,5.855,5.855,0,0,0,10.49,22.87,3200,38.4154,1.195,41.1191,1.38,52,1.1,-2.125
2026-09-07T08:32:48.338255+00:00,1.64733,651.399,108,22.83,77.17,0,5891.4,3.6502,54.55,7.0673,1354.69,15.38,23.3,239.623,1.562,4.525,1.385,59.15,40.85,0,5886,7.6232,54.5,15.195,2035.7,33.85,40.25,1590.02,20.31,30.96,1.385,6.881,88.68,4.443,5012.3,2.2043,46.4102,5.21112,349.473,7.812,6.825,85.7763,0,1.674,1.385,53.05,46.95,0,5012.3,7.6008,46.4102,15.1699,734.685,9.231,14.44,2497.17,39.06,48.76,1.385,5.105,87.75,7.145,5012.3,1.9348,46.4102,3.92498,249.228,3.125,4.888,82.1341,0,1.603,1.385,10.33,87.97,1.702,5012.3,2.5306,46.4102,4.83425,553.868,6.25,10.78,93.1224,1.562,1.818,1.385,4.215,95.78,0,5012.3,1.9927,46.4102,2.83487,198.764,1.538,3.774,109.893,0,1.999,1.385,3.179,96.82,0,5886,1.8883,54.5,1.33425,97.0925,0,1.725,151.142,3.077,2.757,1.385,22.625,24.304,33.533,21.426,118,5.2629,58.143,58.077,9.6553,11.54,24.312,25.875,50.862,8.923,12.51,1.01787,0.368452,11.8,2200,5750,0,8.89103,15.25,5900.51,6.04075,39.06,5.814,5.814,0,0,0,10.35,22.55,3200,38.4088,1.195,41.1695,1.381,52,1.1,-2.125
2026-09-07T08:32:49.357235+00:00,1.92243,761.431,108,27.77,72.23,0,5848.2,4.1495,54.15,8.34356,1643.81,23.44,28.71,256.077,3.077,4.782,1.37,63.16,36.84,0,5869.8,7.9307,54.35,16.2321,2293.04,48.44,44.8,1647.42,24.62,32.15,1.375,9.268,86.51,4.223,5044.36,2.4541,46.707,6.0548,495.187,12.31,9.544,87.6628,1.538,1.699,1.375,62,38,0,5869.8,8.575,54.35,17.463,801.948,12.5,15.48,2994.35,52.31,58.51,1.375,6.926,83.85,9.221,5044.36,2.1071,46.707,4.63096,351.836,9.231,6.786,87.4926,0,1.684,1.375,13.84,86.08,0.08629,5044.36,2.9255,46.707,6.01752,713.313,15.38,13.77,139.978,1.538,2.711,1.375,5.38,94.62,0,5869.8,2.2016,54.35,3.47776,291.182,9.375,5.547,89.6309,0,1.621,1.375,3.895,96.11,0,5869.8,1.9959,54.35,1.80877,119.199,3.125,2.071,170.782,1.562,3.18,1.375,24.125,26.774,36.898,23.0334,118.5,5.2588,61.497,61.443,9.6717,11.56,26.75,26.75,54.242,13.65,14.57,1.29291,0.447596,11.85,2200,5750,0,8.9359,15,5893.18,6.55219,52.31,6.15,6.15,0,0,0,11.38,24.25,3200,38.4026,1.195,41.1203,1.379,52,1.1,-2.0625
2026-09-07T08:32:50.374098+00:00,1.69422,671.647,108,22.24,77.76,0,5896.8,3.5686,54.6,7.23131,1319.08,12.7,22.55,250.164,3.175,4.699,1.38,60.07,39.93,0,5875.2,8.7917,54.4,17.9138,2709.34,34.92,52.98,979.721,15.87,19.01,1.375,7.221,86.81,5.973,5875.2,2.1964,54.4,5.3649,364.857,3.175,7.053,102.856,0,1.924,1.375,57.11,42.89,0,5875.2,7.1044,54.4,14.397,901.019,15.87,17.31,2561.95,39.68,50.32,1.375,5.168,85.2,9.631,5049,1.8768,46.75,3.99116,256.783,1.587,4.972,88.4683,0,1.642,1.375,10.31,86.29,3.396,5875.2,2.4862,54.4,4.84924,543.215,1.587,10.48,109.555,0,2.043,1.375,4.388,95.61,0,5875.2,2.0023,54.4,2.97399,214.536,0,3.975,109.162,0,1.914,1.375,2.916,97.08,0,5875.2,1.8388,54.4,1.38384,93.2884,0,1.598,142.351,0,2.56,1.375,20.75,25.261,34.803,22.9827,115,5.2695,59.4,59.528,9.6513,11.535,25.26,27.25,52.135,8.036,12.81,1.00124,0.349914,11.5,2200,5750,0,8.89744,15.75,5896.53,6.36515,39.68,5.94,5.94,0,0,0,10.75,24.19,3200,38.3798,1.195,41.0859,1.379,52,1.1,-2.125
2026-09-07T08:32:51.392766+00:00,1.4166,562.807,108,21.24,78.76,0,5907.6,3.5197,54.7,6.77242,1262.56,16.92,21.47,221.517,3.077,4.179,1.395,55.29,44.71,0,5907.6,6.8523,54.7,12.5984,2841.38,50.77,55.68,524.068,7.692,10.1,1.395,6.929,90.55,2.526,5030.69,2.3546,46.5805,5.29348,356.972,4.615,6.945,80.7044,1.538,1.565,1.395,36.41,63.59,0,5907.6,5.6788,54.7,10.991,1293.1,20,25.03,953.811,15.38,18.56,1.395,4.041,86.69,9.27,5030.69,1.8462,46.5805,3.73712,200.024,3.077,3.895,71.2889,0,1.374,1.395,10.63,89.23,0.1403,5030.69,2.664,46.5805,4.53766,561.915,7.692,10.89,99.928,1.538,1.933,1.395,4.281,95.72,0,5030.69,2.0885,46.5805,2.94723,202.358,4.615,3.766,112.695,1.538,1.938,1.395,2.838,97.16,0,5907.6,1.9228,54.7,1.36484,84.9511,0,1.446,137.633,1.538,2.457,1.395,23.125,21.995,30.489,18.072,76.5,5.2497,55.046,55.014,9.6028,11.478,22.035,26,47.742,8.75,10.7,0.823021,0.313092,7.65,2200,5750,0,8.87179,15.5,5912.24,5.54002,50.77,5.505,5.505,0,0,0,9.377,19.02,3200,38.3449,1.195,41.1209,1.388,52,1.1,-2.125
2026-09-07T08:32:52.412339+00:00,1.4035,562.882,108,23.18,76.82,0,5902.2,3.7579,54.65,7.07797,1379.05,25,23.98,210.942,7.937,4.006,1.39,44.39,55.61,0,5907.6,6.4558,54.7,12.017,1817.72,36.51,35.5,997.595,18.75,19.42,1.395,6.251,88.49,5.264,5030.69,2.218,46.5805,5.06841,326.592,17.46,6.334,75.4086,4.762,1.461,1.395,45.78,54.22,0,5907.6,5.8071,54.7,10.7906,1314.36,20.63,25.69,1495.96,30.16,29.32,1.395,3.852,86.05,10.1,5030.69,1.8303,46.5805,3.67379,189.014,7.937,3.672,71.9192,3.175,1.402,1.395,9.813,89.27,0.9157,5030.69,2.6097,46.5805,4.44706,511.008,15.87,9.839,97.2643,4.762,1.899,1.395,4.253,95.75,0,5907.6,2.0941,54.7,2.90128,216.456,3.175,4.075,84.5787,4.762,1.59,1.395,2.822,97.18,0,5907.6,1.9465,54.7,1.47095,83.6098,3.125,1.449,134.628,6.25,2.41,1.395,19.75,22.187,30.806,17.5565,74.5,5.2511,55.365,55.438,9.662,11.548,22.167,24.875,48.13,13.14,10.75,0.930957,0.331662,7.45,2200,5750,0,8.96154,15.75,5916.3,5.44756,36.51,5.536,5.536,0,0,0,9.433,18.48,3200,38.3813,1.195,41.0654,1.39,52.0101,1.1,-2.125
2026-09-07T08:32:53.430522+00:00,1.40727,568.944,108,23.02,76.98,0,5902.2,3.8118,54.65,7.16942,1368.44,26.98,23.45,231.8,1.562,4.424,1.395,51.96,48.04,0,5896.8,6.3154,54.6,11.3725,2551.57,39.06,49.95,732.053,11.11,14.22,1.395,6.54,89.28,4.175,5021.49,2.2775,46.4953,5.20546,331.15,10.94,6.44,89.2927,0,1.747,1.395,37.83,62.17,0,5896.8,6.1736,54.6,11.5833,1945.81,32.81,37.89,390.764,9.375,7.513,1.395,4.745,87.63,7.627,5021.49,1.9803,46.4953,3.88076,227.776,3.125,4.445,90.9436,1.562,1.769,1.395,9.635,89,1.37,5896.8,2.5463,54.6,4.3043,493.664,14.06,9.505,117.109,1.562,2.285,1.395,3.816,96.18,0,5896.8,2.061,54.6,2.85598,191.675,4.688,3.58,94.1854,1.562,1.662,1.395,3.177,96.82,0,5896.8,1.9626,54.6,1.32958,101.697,0,1.788,145.172,3.175,2.628,1.395,19.375,22.388,31.084,18.1485,76.5,5.2436,55.554,55.492,9.6154,11.493,22.36,24.125,48.345,10.1,10.83,0.796203,0.313438,7.65,2200,5750,0,8.87821,14.75,5916.2,5.41554,39.06,5.555,5.555,0,0,0,9.515,19.1,3200,38.4304,1.195,41.1001,1.39,52.045,1.1,-2.0625
2026-09-07T08:32:54.448575+00:00,1.54348,627.909,108,23.82,76.18,0,5907.6,3.8203,54.7,7.46167,1415.11,20,25.06,199.937,3.077,3.819,1.395,52.52,47.48,0,5902.2,6.4883,54.65,12.0875,1464.39,24.62,28.56,1899.85,32.31,37.18,1.385,7.881,89.25,2.873,5902.2,2.4239,54.65,5.64874,405.678,7.692,7.891,100.847,4.615,1.969,1.385,45.72,54.28,0,5902.2,6.7382,54.65,12.8133,2090.47,40,40.76,813.344,13.85,15.83,1.385,4.907,87.75,7.345,5902.2,1.9745,54.65,4.1182,248.433,10.77,4.839,79.8138,1.538,1.556,1.385,11.39,88.16,0.453,5902.2,2.7,54.65,4.7458,606.255,12.31,11.73,113.416,1.538,2.212,1.385,5.089,94.91,0,5902.2,2.1957,54.65,3.2683,245.844,6.154,4.653,122.566,1.538,2.152,1.385,3.025,96.98,0,5902.2,1.9473,54.65,1.36053,98.4382,1.538,1.736,142.147,4.615,2.611,1.385,21.25,23.187,32.163,18.6894,84,5.2575,56.756,56.786,9.6306,11.51,23.201,23.875,49.456,11.63,12.03,1.21292,0.382046,8.4,2200,5750,0,8.65385,15,5911.21,5.77943,40,5.676,5.676,0,0,0,9.873,19.67,3200,38.4886,1.195,41.0841,1.389,52.0049,1.1,-2.125
2026-09-07T08:32:55.213320+00:00,1.37764,555.859,108,21.38,78.62,0,5907.6,3.6041,54.7,6.79004,1281.2,15.62,21.72,262.626,3.125,5.004,1.395,53.32,46.68,0,5896.8,6.5774,54.6,11.5223,1856.73,29.69,36.27,1411.47,18.75,27.63,1.385,8.024,84.23,7.749,5896.8,2.284,54.6,5.13947,403.998,4.688,7.95,102.276,3.125,1.977,1.385,32.08,67.92,0,5896.8,5.0636,54.6,9.21894,1307.15,17.19,25.43,714.867,9.375,13.91,1.385,4.827,83.75,11.42,5896.8,1.9007,54.6,3.7641,245.247,3.125,4.799,76.6056,0,1.463,1.385,9.744,86.31,3.943,5896.8,2.4849,54.6,3.8019,508.95,7.812,10.01,108.135,0,2.092,1.385,4.869,95.13,0,5896.8,2.152,54.6,2.98653,242.743,3.125,4.612,104.64,0,1.842,1.385,3.514,96.49,0,5896.8,2.007,54.6,1.28518,103.76,0,1.761,163.336,1.562,3.02,1.385,20.25,23.537,32.675,17.4491,89.5,5.2458,57.182,57.094,9.6497,11.533,23.507,23.375,49.978,7.324,10.59,0.788472,0.353042,8.95,2200,5750,0,8.76282,15.25,5916.02,5.26485,29.69,5.718,5.718,0,0,0,10,18.37,3200,38.3303,1.195,41.1008,1.389,52.01,1.1,-2.0625
2026-09-07T08:32:56.232669+00:00,1.42175,570.444,108,22.96,77.04,0,5907.6,3.6861,54.7,6.89202,1364.16,23.44,23.87,211.039,3.125,4.024,1.395,44.12,55.88,0,5902.2,5.8089,54.65,10.4736,1801.52,34.38,35.16,982.703,14.06,19.12,1.39,7.393,87.98,4.629,5902.2,2.2461,54.65,5.09309,379.821,3.125,7.389,97.878,3.125,1.912,1.39,43.29,56.71,0,5902.2,5.8747,54.65,10.6136,1447.61,14.06,28.16,1214.19,26.56,23.79,1.39,5.386,86.74,7.876,5902.2,1.9986,54.65,3.88126,257.031,4.688,5.024,93.1346,3.125,1.809,1.39,11.03,88,0.9697,5902.2,2.6441,54.65,4.32482,582.993,10.94,11.34,106.679,3.125,2.082,1.39,4.733,95.27,0,5902.2,2.1323,54.65,2.97948,237.736,6.25,4.487,100.851,1.562,1.801,1.39,3.269,96.73,0,5902.2,1.9678,54.65,1.28641,93.6871,1.562,1.596,156.063,1.562,2.876,1.39,18.875,25.884,35.841,17.5259,90,5.2614,60.502,60.529,9.6807,11.571,25.901,23.125,53.2,9.668,10.9,1.1537,0.383062,9,2200,5750,0,8.71154,15.25,5911.29,5.24287,34.38,6.05,6.05,0,0,0,11.02,18.45,3200,38.3954,1.195,41.0971,1.386,52,1.1,-2.0625
2026-09-07T08:32:57.249884+00:00,1.33494,533.87,108,19.71,80.29,0,5907.6,3.4549,54.7,6.46391,1174.98,14.06,20.06,196.421,1.562,3.705,1.39,42.6,57.4,0,5896.8,5.7141,54.6,10.2128,1721.45,21.88,33.54,932.201,14.06,18.05,1.39,6.305,90.17,3.52,5021.49,2.2751,46.4953,4.95867,329.573,6.25,6.452,75.844,0,1.484,1.39,44.24,55.76,0,5896.8,5.9372,54.6,10.6059,2328.84,35.94,45.46,375.764,6.25,7.098,1.39,4.119,83.98,11.9,5021.49,1.8537,46.4953,3.66384,213.256,0,4.169,63.8278,0,1.238,1.39,9.272,90.66,0.07151,5021.49,2.5774,46.4953,4.1491,498.786,4.688,9.673,88.774,0,1.737,1.39,4.11,95.89,0,5896.8,2.1156,54.6,2.91271,202.623,0,3.838,99.5636,0,1.762,1.39,3.137,96.86,0,5896.8,2.0074,54.6,1.35864,92.491,0,1.568,147.531,0,2.673,1.39,16,23.047,31.996,17.6043,72,5.2528,56.485,56.48,9.6031,11.478,23.039,23.375,49.252,6.543,10.16,0.734281,0.276347,7.2,2200,5750,0,8.8141,15.25,5915.82,5.17557,35.94,5.649,5.649,0,0,0,9.804,18.53,3200,38.2797,1.195,41.0879,1.39,52,1.1,-2.0625
2026-09-07T08:32:58.268941+00:00,1.22178,491.241,108,20.71,79.29,0,5907.6,3.6504,54.7,6.64153,1233.38,14.06,21.73,161.367,4.688,3.058,1.39,41.02,58.98,0,5896.8,4.8906,54.6,7.95015,1873.02,31.25,36.51,682.335,12.5,13.15,1.395,6.283,87.81,5.903,5896.8,2.2237,54.6,4.89341,332.632,1.562,6.449,72.8602,0,1.422,1.395,31.92,68.08,0,5896.8,4.8205,54.6,8.21606,1542.86,23.44,29.93,445.629,9.375,8.4,1.395,4.451,83.08,12.47,5021.49,1.87,46.4953,3.65293,227.912,6.25,4.443,70.1481,0,1.36,1.395,10.5,89.17,0.3341,5896.8,2.7386,54.6,4.15068,545.44,3.125,10.51,128.811,3.125,2.512,1.395,4.235,95.77,0,5902.2,2.1653,54.65,2.9112,207.135,0,3.862,102.851,0,1.81,1.395,3.069,96.93,0,5902.2,2.0249,54.65,1.42435,95.2874,0,1.582,138.187,0,2.492,1.39,17.875,19.897,27.668,15.9025,71,5.2578,52.216,52.138,9.6278,11.506,19.908,22.25,44.958,6.836,9.326,0.645591,0.255642,7.1,2200,5750,0,8.89744,15.5,5920.16,4.7981,31.25,5.222,5.222,0,0,0,8.472,16.74,3200,38.3367,1.195,41.0701,1.392,52,1.1,-2.125
2026-09-07T08:32:59.286367+00:00,1.22969,491.614,108,20.48,79.52,0,5907.6,3.5157,54.7,6.23214,1218.03,14.06,21.58,171.93,1.587,3.266,1.39,34.38,65.62,0,5913,4.7651,54.75,7.9258,1194.33,12.5,23.19,941.092,20.31,18.28,1.4,6.656,85.7,7.639,5035.29,2.1587,46.623,4.63669,348.541,3.125,6.793,79.9625,1.587,1.555,1.4,39.33,60.67,0,5913,4.7468,54.75,7.71076,2141.8,39.06,41.82,273.669,1.562,5.241,1.4,4.449,80.49,15.06,5035.29,1.7715,46.623,3.36657,212.247,3.175,4.131,84.6376,3.175,1.635,1.4,10.15,86.58,3.265,5035.29,2.5499,46.623,3.70661,539.03,7.812,10.42,103.936,1.587,2.019,1.4,4.561,95.44,0,5913,2.1371,54.75,2.74371,224.36,3.125,4.203,102.511,1.562,1.762,1.4,2.963,97.04,0,5913,1.9765,54.75,1.20297,83.5123,1.562,1.428,146.227,4.688,2.62,1.4,18.5,19.687,27.365,15.7904,72.5,5.1989,51.886,52.088,9.5883,11.46,19.744,21.375,44.544,7.53,9.371,1.01596,0.2976,7.25,2200,5737.95,0,8.89744,15,5920.63,4.60425,39.06,5.189,5.189,0,0,0,8.402,16.62,3200,38.332,1.195,41.1066,1.392,52.005,1.1,-2.0625
2026-09-07T08:33:00.304876+00:00,1.23785,497.281,108,22.63,77.37,0,5902.2,3.7291,54.65,6.63506,1347.74,26.98,22.91,233.808,3.125,4.379,1.39,27.83,72.17,0,5902.2,4.6204,54.65,7.79313,1054.78,17.46,20.38,675.437,11.11,12.96,1.395,7.084,86.58,6.332,5026.09,2.2577,46.5379,4.89235,375.24,4.762,7.291,76.4655,3.125,1.492,1.395,44.34,55.66,0,5902.2,5.0342,54.65,8.16788,603.633,11.11,11.6,2111.23,33.33,41.22,1.395,4.327,82.85,12.83,5026.09,1.8435,46.5379,3.51585,209.369,4.688,4.081,79.9471,3.125,1.553,1.395,10.04,88.9,1.055,5902.2,2.604,54.65,3.82734,538.048,9.524,10.4,96.2481,1.562,1.877,1.395,4.383,95.62,0,5902.2,2.1657,54.65,2.85878,221.614,3.175,4.173,94.2221,3.175,1.628,1.395,3.155,96.85,0,5902.2,2.0106,54.65,1.30269,85.8726,1.587,1.451,152.844,4.762,2.706,1.395,16.875,19.938,27.701,15.8473,87,5.2356,52.103,52.087,9.5765,11.446,19.911,20.625,44.906,8.913,9.381,0.604575,0.240131,8.7,2200,5746.95,0,8.96154,15.25,5918.98,4.65971,33.33,5.21,5.21,0,0,0,8.473,16.68,3200,38.3742,1.195,41.0855,1.391,52,1.1,-2.0625
2026-09-07T08:33:01.321588+00:00,1.19929,487.97,108,20.45,79.55,0,5907.6,3.5215,54.7,6.37389,1217.76,13.85,20.11,255.091,1.538,4.783,1.4,40.18,59.82,0,5902.2,4.8253,54.65,7.49765,1895.33,27.69,36.92,585.329,9.231,11.25,1.39,6.898,88.04,5.06,5902.2,2.2674,54.65,4.91399,375.458,4.615,7.296,76.5353,0,1.474,1.39,30.71,69.29,0,5902.2,4.5853,54.65,7.57302,1111.96,15.38,21.47,809.156,15.38,15.45,1.39,4.607,82.31,13.09,5902.2,1.8556,54.65,3.59814,235.049,3.077,4.563,73.2061,0,1.401,1.39,9.488,90.05,0.4614,5902.2,2.6479,54.65,3.76918,521.139,6.154,9.992,90.6354,1.538,1.755,1.39,4.307,95.69,0,5902.2,2.1591,54.65,2.9229,217.82,3.077,4.085,94.7279,0,1.625,1.39,3.283,96.72,0,5902.2,2.013,54.65,1.2323,95.6125,0,1.617,152.715,1.538,2.704,1.39,15.375,19.867,27.613,15.6104,85,5.2741,52.132,52.086,9.6243,11.503,19.855,20,44.917,6.442,9.156,0.547601,0.239662,8.5,2200,5712.99,0,9.03205,15.5,5919.31,4.68131,27.69,5.213,5.213,0,0,0,8.449,16.43,3200,38.4109,1.195,41.0901,1.392,52,1.1,-2.0625
2026-09-07T08:33:02.339478+00:00,1.18194,476.678,108,20.01,79.99,0,5907.6,3.5164,54.7,6.2621,1192.62,14.06,19.92,233.401,6.349,4.386,1.4,33.1,66.9,0,5907.6,4.6885,54.7,7.51613,1348.92,25,26.19,703.305,6.349,13.58,1.39,5.984,86.33,7.686,5030.69,2.0743,46.5805,4.49622,311.525,6.349,6.055,73.2379,3.175,1.423,1.39,38.47,61.53,0,5030.69,4.7001,46.5805,7.56666,1699.14,23.81,33.12,660.865,12.7,12.75,1.39,4.17,81.02,14.81,5030.69,1.763,46.5805,3.27079,200.012,3.175,3.921,82.0914,3.175,1.592,1.39,9.577,88.58,1.844,5030.69,2.5445,46.5805,3.6027,519.352,6.349,10.04,85.3069,3.175,1.663,1.39,3.859,96.14,0,5907.6,2.0711,54.7,2.60446,191.573,3.175,3.603,95.6965,3.125,1.657,1.39,3.02,96.98,0,5907.6,1.9519,54.7,1.03717,82.4269,3.125,1.408,147.384,3.125,2.607,1.39,15,19.538,27.156,15.7281,75,5.2254,51.64,51.688,9.5938,11.466,19.561,19.375,44.371,7.888,8.994,0.6288,0.243493,7.5,2200,5691.89,0,8.91026,15,5921.6,4.53541,25,5.164,5.164,0,0,0,8.324,16.56,3200,38.3942,1.195,41.0746,1.392,52,1.1,-2.0625
2026-09-07T08:33:03.358877+00:00,1.26818,512.469,108,21,79,0,5902.2,3.4778,54.65,6.26642,1249.92,11.11,20.93,258.588,4.688,4.855,1.39,34.5,65.5,0,5902.2,4.9333,54.65,8.18142,1581.32,20.63,30.8,568.54,6.25,10.97,1.39,7.141,86.9,5.957,5026.09,2.2193,46.5379,4.79526,377.506,9.375,7.347,76.9122,0,1.497,1.39,40.21,59.79,0,5902.2,4.9692,54.65,8.21201,570.835,10.94,10.98,1909.69,31.25,37.33,1.39,5.058,81.46,13.48,5026.09,1.8521,46.5379,3.58212,250.71,6.25,4.911,80.2209,0,1.557,1.39,10.62,87.37,2.007,5902.2,2.6299,54.65,3.88302,549.163,9.375,10.64,123.047,0,2.403,1.39,5.018,94.98,0,5902.2,2.1461,54.65,2.8429,249.871,4.688,4.748,106.508,0,1.883,1.39,3.261,96.74,0,5902.2,1.9674,54.65,1.17553,94.0174,0,1.611,152.655,4.762,2.749,1.39,16.5,20.627,28.585,16.1728,75.5,5.2003,53.022,52.904,9.6043,11.479,20.615,19.5,45.785,7.458,9.701,0.824549,0.338472,7.55,2200,5745.33,0,8.82051,15.5,5914.87,4.70687,31.25,5.302,5.302,0,0,0,8.772,17.02,3200,38.4102,1.195,41.0903,1.388,52,1.1,-2.0625
2026-09-07T08:33:04.378025+00:00,1.18461,479.015,108,20.72,79.28,0,5896.8,3.5553,54.6,6.4485,1233.4,17.19,20.71,231.144,6.25,4.387,1.385,41.54,58.46,0,5907.6,4.9536,54.7,7.84325,1843.4,32.81,35.93,719.93,12.5,13.9,1.395,5.715,86.89,7.399,5030.69,2.0975,46.5805,4.63063,295.039,6.25,5.743,79.7218,1.562,1.553,1.395,29,71,0,5907.6,4.3691,54.7,7.30513,888.322,18.75,17.14,918.652,15.62,17.77,1.395,4.739,80.81,14.45,5030.69,1.8136,46.5805,3.50175,236.377,1.562,4.62,76.6355,1.562,1.487,1.395,9.69,88.99,1.323,5030.69,2.5946,46.5805,3.69213,520.974,9.375,10.12,93.5281,1.562,1.833,1.395,4.084,95.92,0,5907.6,2.1001,54.7,2.79213,210.052,6.25,3.903,86.5703,1.562,1.499,1.395,2.979,97.02,0,5907.6,1.9741,54.7,1.21575,86.5727,1.562,1.483,143.915,4.688,2.574,1.395,18.375,22.468,31.232,15.6813,77.5,5.2016,55.608,55.499,9.5758,11.446,22.447,19,48.399,8.691,9.041,0.643005,0.25293,7.75,2200,5726.87,0,9.07051,15.5,5921.08,4.65338,32.81,5.561,5.561,0,0,0,9.552,16.51,3200,38.385,1.195,41.114,1.391,52,1.1,-2.0625
2026-09-07T08:33:05.395660+00:00,1.26669,507.081,108,20.71,79.29,0,5907.6,3.5934,54.7,6.58568,1234.91,15.38,21.79,174.229,1.538,3.314,1.39,42.88,57.12,0,5886,5.4324,54.5,9.19736,2143.2,32.31,41.89,509.783,6.154,9.819,1.385,5.984,89.89,4.13,5886,2.229,54.5,4.91309,318.787,3.077,6.199,71.8225,0,1.408,1.385,36.83,63.17,0,5886,5.3346,54.5,9.33296,1019.32,9.231,19.73,1251.92,21.54,24.41,1.385,4.263,85.19,10.55,5886,1.8489,54.5,3.60158,208.585,0,4.06,78.6522,0,1.53,1.385,8.892,89.59,1.514,5886,2.4842,54.5,3.83506,462.71,9.231,8.919,103.127,1.538,2.014,1.385,4.278,95.72,0,5886,2.1201,54.5,2.86575,208.58,1.538,3.903,105.428,0,1.813,1.385,2.837,97.16,0,5886,1.9634,54.5,1.25025,89.3189,0,1.562,132.924,0,2.42,1.385,17.875,23.359,32.463,16.5195,73,5.2654,57.025,57.137,9.6928,11.585,23.319,19.25,49.839,6.346,9.674,0.703771,0.276082,7.3,2200,5747.83,0,9.21154,15.5,5919.5,4.98595,32.31,5.702,5.702,0,0,0,9.923,17.39,3200,38.3225,1.195,41.0602,1.391,52,1.1,-2.0625
2026-09-07T08:33:06.414083+00:00,1.15123,464.682,108,19.33,80.67,0,5907.6,3.5195,54.7,6.21338,1154.69,17.19,19.65,204.902,7.937,3.856,1.395,39.42,60.58,0,5907.6,4.9305,54.7,7.85063,1825.06,21.88,35.58,604.469,7.812,11.64,1.39,6.148,83.44,10.41,5030.69,1.9931,46.5805,4.34646,318.954,3.175,6.222,74.905,1.587,1.463,1.39,30.21,69.79,0,5907.6,4.3806,54.7,7.22222,1156.25,18.75,22.43,720.345,10.94,13.82,1.39,4.043,80.14,15.82,5030.69,1.7038,46.5805,3.10391,203.4,4.762,3.968,74.2331,1.587,1.441,1.39,9.199,88.06,2.744,5907.6,2.4684,54.7,3.41389,484.698,6.25,9.416,102.339,3.175,1.999,1.39,4.014,95.99,0,5907.6,2.0794,54.7,2.54369,192.114,3.125,3.536,101.121,0,1.785,1.39,2.76,97.24,0,5907.6,1.9448,54.7,1.05972,88.6844,0,1.483,128.746,3.125,2.333,1.39,15.5,19.173,26.647,15.7233,76,5.2346,51.273,51.41,9.6288,11.508,19.258,18.875,43.913,6.955,8.789,0.679367,0.238879,7.6,2200,5747.74,0,8.73718,15.75,5921.3,4.49268,21.88,5.127,5.127,0,0,0,8.195,16.55,3200,38.3687,1.195,41.0808,1.392,52.0051,1.1,-2.0625
2026-09-07T08:33:07.431954+00:00,1.09119,439.176,108,17.99,82.01,0,5902.2,3.3247,54.65,5.88593,1074.84,6.349,18.45,187.645,3.125,3.569,1.385,38.72,61.28,0,5902.2,4.6467,54.65,6.9946,1273.88,15.87,24.82,1106.46,15.87,21.59,1.395,5.652,83.48,10.86,5026.09,1.9435,46.5379,4.25791,266.188,6.25,5.2,97.6914,1.562,1.903,1.395,27.38,72.62,0,5902.2,4.2369,54.65,6.69799,914.96,11.11,17.74,784.876,11.11,15.29,1.395,4.044,79.03,16.93,5026.09,1.6942,46.5379,3.10314,191.17,0,3.744,78.3119,0,1.518,1.395,8.795,87.09,4.115,5026.09,2.3555,46.5379,3.0848,449.559,9.524,8.74,106.47,0,2.074,1.395,3.881,96.12,0,5902.2,2.0548,54.65,2.56206,186.994,0,3.493,96.5059,0,1.646,1.395,2.657,97.34,0,5902.2,1.9199,54.65,0.91294,79.6671,0,1.375,131.599,0,2.392,1.395,16.875,18.028,25.072,15.593,70.5,5.2635,49.602,49.584,9.6513,11.535,18.014,18.5,42.397,5.049,8.347,0.451655,0.187545,7.05,2200,5636.95,0,9.12179,15.5,5922.23,4.40151,15.87,4.96,4.96,0,0,0,7.666,16.41,3200,38.4301,1.195,41.1095,1.392,52,1.1,-2.0625
2026-09-07T08:33:09.451550+00:00,1.28399,514.685,108,20.02,79.98,0,5904.9,3.5041,54.675,6.42127,1192.67,14.75,20.41,202.724,3.15,3.817,1.395,36.7,63.3,0,5904.9,5.6333,54.675,9.9362,1886.75,27.93,36.72,392.707,5.482,7.498,1.39,5.811,88.84,5.348,5028.39,2.1354,46.5592,4.75333,305.272,7.07,5.955,73.8314,0,1.437,1.39,45.61,54.39,0,5904.9,5.3471,54.675,9.03833,1862.3,27.93,36.35,934.487,15.65,18.09,1.39,4.347,84.63,11.03,5028.39,1.8754,46.5592,3.62615,215.535,2.357,4.204,75.2152,0,1.459,1.39,9.09,90.13,0.7805,5466.04,2.5174,50.6115,3.73063,474.883,8.584,9.216,102.794,0.7692,2.005,1.39,4.003,96,0,5904.9,2.1028,54.675,2.83468,201.319,1.55,3.721,92.7175,0.7692,1.639,1.39,2.817,97.18,0,5904.9,1.9614,54.675,1.13267,87.2207,0,1.478,134.542,0.7812,2.435,1.39,21.8125,20.36,28.288,16.747,76,5.2343,52.775,52.748,9.6016,11.476,20.365,19.25,45.521,7.299,9.778,0.744865,0.270699,7.6,2200,5701.36,0,8.84295,15.5,5919.03,5.02012,27.93,5.278,5.278,0,0,0,8.666,17.63,3200,38.3736,1.195,41.0897,1.391,52,1.1,-2.0625
2026-09-07T08:33:10.216269+00:00,1.33443,534.455,108,19.77,80.23,0,5896.8,3.5017,54.6,6.6003,1177.98,20.31,19.5,243.934,3.125,4.633,1.39,48.8,51.2,0,5907.6,5.6757,54.7,9.93455,1387.54,29.69,27.03,1616.63,24.62,31.62,1.395,6.84,88.29,4.87,5030.69,2.228,46.5805,4.98596,338.584,10.94,6.607,95.6784,3.125,1.868,1.395,37.21,62.79,0,5030.69,5.8091,46.5805,10.6063,693.52,18.75,13.39,1587.62,21.54,31.03,1.395,4.502,83.76,11.73,5030.69,1.8344,46.5805,3.65471,220.152,4.688,4.3,77.2301,0,1.501,1.395,9.873,89.46,0.6664,5030.69,2.5393,46.5805,4.13415,519.193,6.154,10.13,97.7976,1.562,1.906,1.395,3.477,96.52,0,5907.6,2.0185,54.7,2.75376,176.715,3.125,3.299,87.7084,1.562,1.591,1.395,2.97,97.03,0,5907.6,1.9278,54.7,1.30479,88.5416,0,1.511,142.458,0,2.55,1.395,15,21.303,29.548,17.3986,118,5.2614,54.12,54.174,9.651,11.534,21.301,20.375,46.87,9.324,10.15,0.81297,0.311836,11.8,2200,5750,0,8.99359,15.25,5916.52,5.14356,29.69,5.412,5.412,0,0,0,9.064,18.31,3200,38.3551,1.195,41.1515,1.389,52,1.1,-2.0625
2026-09-07T08:33:11.234775+00:00,1.37074,548.947,108,22.34,77.66,0,5907.6,3.6564,54.7,6.84097,1332.55,12.5,22.48,241.929,0,4.577,1.395,40.18,59.82,0,5896.8,5.9133,54.6,10.5199,2077.29,37.5,40.46,400.472,3.125,7.62,1.385,6.686,89.98,3.332,5896.8,2.3217,54.6,5.0974,344.842,6.154,6.654,87.2945,0,1.7,1.385,46.09,53.91,0,5896.8,5.4062,54.6,9.41584,2095.08,37.5,40.89,725.115,6.25,13.96,1.385,4.401,87.99,7.611,5896.8,1.9601,54.6,3.80198,219.094,3.077,4.251,77.8835,1.538,1.51,1.385,9.851,89.92,0.2281,5896.8,2.5956,54.6,4.07116,508.485,7.812,9.759,115.262,0,2.242,1.385,4.64,95.36,0,5896.8,2.1492,54.6,2.9703,213.947,3.125,3.958,117.835,0,2.097,1.385,2.882,97.12,0,5896.8,1.9833,54.6,1.36176,96.052,0,1.617,130.027,0,2.354,1.385,19.375,21.011,29.202,16.7072,70,5.2468,53.655,53.574,9.6116,11.488,20.969,20.125,46.461,7.411,10.38,0.820595,0.309156,7,2200,5750,0,8.78846,15.25,5919.1,5.19431,37.5,5.366,5.366,0,0,0,8.923,17.59,3200,38.3317,1.195,41.1614,1.391,52,1.1,-2.0625
2026-09-07T08:33:12.250450+00:00,1.43225,575.756,108,24.33,75.67,0,5907.6,3.9555,54.7,7.60104,1447.24,22.22,24.48,262.232,4.762,4.989,1.39,50.23,49.77,0,5896.8,5.9837,54.6,10.6289,1385.16,22.22,26.91,1687.4,30.16,32.95,1.385,7.133,90.73,2.14,5021.49,2.3746,46.4953,5.46387,362.67,3.175,7.009,100.361,1.587,1.966,1.385,38.99,61.01,0,5896.8,5.8462,54.6,10.8821,1612.23,28.57,31.32,796.669,15.87,15.38,1.385,5.081,89.31,5.611,5021.49,2.0757,46.4953,4.13666,238.979,1.587,4.656,104.43,0,2.038,1.385,9.918,89.47,0.6106,5896.8,2.6116,54.6,4.39845,528.866,9.524,10.16,110.959,3.175,2.169,1.385,4.49,95.51,0,5896.8,2.1502,54.6,3.14934,211.504,1.587,3.979,120.45,3.175,2.107,1.385,3.062,96.94,0,5896.8,1.9994,54.6,1.51826,98.7429,1.587,1.707,144.196,1.587,2.627,1.385,20.75,21.829,30.324,17.5019,79,5.2522,54.871,54.765,9.6608,11.546,21.802,20.625,47.647,9.425,10.9,0.869678,0.34268,7.9,2200,5750,0,8.83974,15.25,5916.54,5.47401,30.16,5.487,5.487,0,0,0,9.277,18.42,3200,38.4047,1.195,41.144,1.39,52.0051,1.1,-2.0625
2026-09-07T08:33:13.268429+00:00,1.36213,546.57,108,21.21,78.79,0,5896.8,3.5791,54.6,6.77071,1263.78,17.19,21.6,218.083,3.125,4.135,1.38,52.37,47.63,0,5902.2,6.0456,54.65,10.5085,2676.59,54.69,52.32,540.894,6.25,10.44,1.395,6.14,88.69,5.174,5902.2,2.2231,54.65,5.06911,329.577,3.125,6.408,70.8181,0,1.385,1.395,35.22,64.78,0,5902.2,5.6907,54.65,10.4033,1804.02,28.12,35.11,396.941,4.688,7.522,1.395,3.994,85.16,10.84,5026.09,1.843,46.5379,3.72842,197.595,1.562,3.854,73.143,0,1.426,1.395,10.58,88.17,1.252,5902.2,2.6528,54.65,4.21844,539.899,4.688,10.44,125.534,1.562,2.456,1.395,3.78,96.22,0,5902.2,2.0735,54.65,2.94099,195.906,1.562,3.677,84.8742,0,1.483,1.395,2.916,97.08,0,5902.2,1.9462,54.65,1.22068,91.2439,0,1.555,136.217,0,2.486,1.395,19.75,21.602,29.979,17.4466,73.5,5.2475,54.593,54.603,9.6677,11.555,21.635,21.125,47.306,7.91,10.39,0.734875,0.264312,7.35,2200,5750,0,8.83974,15.75,5916.24,5.3261,54.69,5.459,5.459,0,0,0,9.206,18.36,3200,38.4112,1.195,41.1048,1.389,52,1.1,-2.0625
2026-09-07T08:33:14.286047+00:00,1.54065,612.554,108,25.53,74.47,0,5902.2,4.0076,54.65,7.80395,1517.12,23.08,25.81,265.474,3.077,5.042,1.39,54.37,45.63,0,5026.09,6.177,46.5379,11.1585,2661.23,45.31,51.92,644.129,9.375,12.38,1.395,7.61,91.4,0.99,5026.09,2.4575,46.5379,5.78646,403.563,9.375,7.849,82.4923,0,1.615,1.395,42.65,57.35,0,5026.09,6.3103,46.5379,11.9003,1930.83,28.12,37.55,689.637,7.812,13.24,1.395,4.753,88.61,6.637,5026.09,2.0456,46.5379,4.33279,226.498,4.688,4.421,90.752,0,1.771,1.395,12.21,87.79,0,5026.09,2.9104,46.5379,5.0487,654.721,4.688,12.65,110.692,1.562,2.166,1.395,3.968,96.03,0,5902.2,2.149,54.65,3.29358,198.24,3.077,3.731,94.8995,0,1.713,1.395,2.973,97.03,0,5902.2,2.0048,54.65,1.56469,87.4918,0,1.493,143.091,3.125,2.591,1.395,17.375,24.688,34.259,17.6049,125.5,5.2674,58.944,58.966,9.7043,11.598,24.709,21.125,51.651,8.956,11.62,0.92157,0.332465,12.55,2200,5750,0,9.05128,15,5915.07,5.79995,45.31,5.894,5.894,0,0,0,10.51,18.53,3200,38.4955,1.195,41.1538,1.389,52,1.1,-2.0625
2026-09-07T08:33:15.302388+00:00,1.33623,534.778,108,21.98,78.02,0,5891.4,3.7856,54.55,7.2625,1309.09,18.75,22.59,219.383,3.175,4.15,1.395,50.82,49.18,0,5902.2,5.723,54.65,9.7075,1454,21.54,28.33,1661.85,23.44,32.49,1.39,6.657,90.16,3.186,5902.2,2.301,54.65,5.297,343.757,9.375,6.711,80.9506,0,1.577,1.39,32.58,67.42,0,5902.2,5.4111,54.65,9.81263,1573.05,24.62,30.59,455.407,9.375,8.743,1.39,4.664,85.05,10.28,5026.09,1.9081,46.5379,3.895,221.351,4.688,4.336,87.0944,0,1.698,1.39,9.582,89.97,0.4496,5902.2,2.569,54.65,4.00125,508.938,7.812,9.896,94.4805,0,1.85,1.39,4.295,95.71,0,5902.2,2.1041,54.65,3.02938,213.168,1.562,4.03,98.5463,0,1.703,1.39,3.046,96.95,0,5902.2,1.9585,54.65,1.21525,95.7113,0,1.66,139.666,1.538,2.55,1.39,15,24.043,33.376,17.1335,81,5.2459,57.909,57.997,9.6375,11.519,24.042,21.125,50.665,7.867,10.18,0.735888,0.270084,8.1,2200,5750,0,9.01923,15.5,5917.19,5.25825,24.62,5.791,5.791,0,0,0,10.23,18.04,3200,38.415,1.195,41.17,1.39,52.02,1.1,-2.0625
2026-09-07T08:33:16.322456+00:00,1.74177,729.079,108,25.8,74.2,0,5864.4,3.9916,54.3,7.75688,1526.7,25,26.15,309.562,4.688,5.912,1.37,54.09,45.91,0,5891.4,6.6684,54.55,11.963,1701.35,21.88,33.15,1830.08,27.69,35.78,1.39,12.51,84.11,3.381,5891.4,2.8101,54.55,6.35925,673.869,12.31,13.16,160.306,1.562,3.135,1.39,41.63,58.37,0,5891.4,5.5151,54.55,10.2755,1543.07,31.25,29.97,1102.24,15.38,21.43,1.39,9.602,81.34,9.059,5891.4,2.3745,54.55,4.92413,499.802,10.77,9.778,153.908,0,3.004,1.39,14.92,84.96,0.122,5891.4,2.9998,54.55,5.01738,751.049,16.92,14.58,279.306,3.125,5.464,1.39,9.351,90.65,0,5891.4,2.5369,54.55,3.904,484.712,10.94,9.251,157.868,0,2.913,1.39,6.276,93.72,0,5891.4,2.2519,54.55,2.00163,236.876,1.538,4.471,254.55,3.125,4.796,1.39,18.375,27.868,38.428,17.7729,100.5,5.2661,63.157,63.061,9.7438,11.646,27.84,21.75,55.866,11.64,13.93,1.8741,0.517718,10.05,2200,5750,0,9.10897,16,5903.34,5.44288,31.25,6.316,6.316,0,0,0,11.85,18.71,3200,38.439,1.195,41.171,1.384,52,1.1,-2.0625
2026-09-07T08:33:17.341810+00:00,1.36722,554.002,108,21.76,78.24,0,5880.6,3.5914,54.45,6.96229,1294.21,18.75,22.1,224.808,6.25,4.254,1.375,51.62,48.38,0,5902.2,6.6853,54.65,12.3318,2680.34,42.19,52.41,547.235,9.375,10.61,1.385,5.98,87.08,6.944,5026.09,2.1683,46.5379,5.16209,307.356,7.937,5.969,84.7001,0,1.653,1.385,35.7,64.3,0,5026.09,5.3338,46.5379,10.1944,1892.45,30.16,36.87,362.097,6.349,6.957,1.385,4.739,84.47,10.79,5026.09,1.9263,46.5379,4.0211,233.036,7.937,4.555,81.8841,0,1.599,1.385,9.796,86.64,3.568,5026.09,2.5699,46.5379,4.40047,520.572,11.11,10.05,95.857,0,1.867,1.385,4.076,95.92,0,5902.2,2.1346,54.65,3.18457,209.491,7.812,3.978,94.2567,0,1.675,1.385,3.049,96.95,0,5902.2,1.9647,54.65,1.53721,88.4365,0,1.529,147.298,3.125,2.648,1.385,16.875,24.403,33.838,18.3471,76.5,5.2452,58.38,58.368,9.6269,11.507,24.417,22.875,51.115,9.437,10.55,0.747028,0.273198,7.65,2200,5750,0,9.08333,15.75,5911.95,5.48414,42.19,5.838,5.838,0,0,0,10.39,19.31,3200,38.3896,1.195,41.2148,1.388,52,1.1,-2.0625
2026-09-07T08:33:18.361702+00:00,1.44998,580.582,108,23.34,76.66,0,5896.8,3.815,54.6,7.0583,1388.93,14.29,24.43,206.219,3.125,3.927,1.39,48.86,51.14,0,5896.8,6.038,54.6,10.721,1567.23,25.4,30.49,1487.82,25.4,29.05,1.395,8.097,89.56,2.348,5896.8,2.4719,54.6,5.35331,428.181,7.812,8.297,86.5662,0,1.672,1.395,38.76,61.24,0,5896.8,5.5873,54.6,10.2933,1680.4,21.88,32.65,704.651,10.94,13.64,1.395,5.108,87.89,6.998,5021.49,2.0488,46.4953,3.90935,246.78,4.688,4.779,94.4669,0,1.826,1.395,12.79,87.01,0.1953,5896.8,2.8673,54.6,4.71853,682.437,6.25,13.21,119.98,0,2.331,1.395,4.799,95.2,0,5896.8,2.2002,54.6,2.99975,231.007,3.175,4.377,113.949,0,1.976,1.395,3.231,96.77,0,5896.8,2.0229,54.6,1.57272,99.2836,0,1.73,151.417,1.587,2.738,1.395,18.875,22.716,31.558,17.2318,80.5,5.2539,56.112,56.133,9.6354,11.516,22.704,22.25,48.853,7.783,11.07,1.08067,0.446961,8.05,2200,5750,0,8.9359,15.25,5917.31,5.24448,25.4,5.611,5.611,0,0,0,9.661,18.14,3200,38.3611,1.195,41.1464,1.391,52.01,1.1,-2.0625
2026-09-07T08:33:19.379591+00:00,1.39394,562.772,108,22.53,77.47,0,5907.6,3.7008,54.7,6.96215,1346.43,12.31,22.18,282.934,1.538,5.349,1.39,47.42,52.58,0,5896.8,6.0098,54.6,10.7518,1639.18,23.08,31.89,1289.13,20,25.11,1.385,7.517,90.36,2.121,5896.8,2.4381,54.6,5.36033,397.967,9.231,7.773,81.4595,1.538,1.584,1.385,38.58,61.42,0,5896.8,5.5336,54.6,10.153,1427,21.54,27.75,960.432,13.85,18.65,1.385,4.774,87.25,7.979,5896.8,2.005,54.6,3.97707,232.606,3.077,4.577,89.3106,1.538,1.728,1.385,10.24,89.6,0.1578,5896.8,2.6763,54.6,4.48077,550.186,1.538,10.66,98.144,0,1.911,1.385,4.797,95.2,0,5896.8,2.2422,54.6,3.16913,242.197,1.538,4.619,102.077,0,1.809,1.385,3.536,96.46,0,5896.8,2.0587,54.6,1.66026,94.3401,0,1.609,170.966,3.077,3.086,1.385,17.375,22.07,30.667,17.1295,88.5,5.2378,55.149,55.139,9.6289,11.508,22.044,21.75,47.937,7.115,10.64,0.805477,0.335495,8.85,2200,5750,0,9.16667,16.25,5917.24,5.27687,23.08,5.515,5.515,0,0,0,9.381,18.03,3200,38.3402,1.195,41.0838,1.391,52.0641,1.1,-2.0625
2026-09-07T08:33:20.397310+00:00,1.54349,629.037,108,25,75,0,5896.8,3.9578,54.6,7.5952,1503.31,23.44,25.74,289.932,6.25,5.468,1.39,51.17,48.83,0,5902.2,6.6306,54.65,12.1066,1865.36,28.12,36.43,1306.61,21.88,25.54,1.39,9.795,89.24,0.9648,5026.09,2.6489,46.5379,5.95724,500.998,12.5,9.858,114.557,1.562,2.225,1.39,39.7,60.3,0,5902.2,5.7312,54.65,10.8687,1107.29,18.75,21.47,1443.58,17.19,27.41,1.39,6.464,90.73,2.81,5880.6,2.257,54.45,4.50553,335.211,9.375,6.565,90.7166,1.562,1.743,1.38,11.94,87.83,0.2277,5880.6,2.7911,54.45,4.875,620.693,10.94,12.21,131.588,3.125,2.555,1.38,5.832,94.17,0,5880.6,2.3078,54.45,3.41097,302.106,4.688,5.748,116.494,1.562,2.072,1.38,4.449,95.55,0,5880.6,2.1756,54.45,1.95875,130.507,1.562,2.256,205.642,6.25,3.851,1.38,22.25,23.119,32.099,17.7781,105.5,5.2558,56.782,56.862,9.6582,11.543,23.188,21.625,49.423,10.55,11.95,1.01312,0.397602,10.55,2200,5750,0,9.21795,16.25,5912.89,5.60915,28.12,5.678,5.678,0,0,0,9.867,18.71,3200,38.3451,1.195,41.161,1.39,52.2565,1.1,-2.0625
2026-09-07T08:33:21.414880+00:00,1.59688,643.38,108,24.03,75.97,0,5896.8,3.8416,54.6,7.314,1443.45,15.62,24.95,287.224,4.762,5.44,1.39,49.59,50.41,0,5902.2,6.507,54.65,12.2173,1879.08,25,36.7,1212.94,14.06,23.73,1.395,8.976,89.24,1.788,5026.09,2.4849,46.5379,5.58505,452.61,9.524,8.924,109.861,0,2.135,1.395,47.16,52.84,0,5026.09,6.4422,46.5379,12.3026,896.634,9.375,17.41,2034.08,31.75,40.54,1.395,6.298,89.54,4.167,5026.09,2.1629,46.5379,4.24549,308.306,1.587,6.094,99.1776,1.587,1.931,1.395,13.12,86.74,0.1445,5026.09,2.8704,46.5379,5.2113,657.231,9.524,12.99,154.167,1.587,2.999,1.395,6.369,93.63,0,5902.2,2.2794,54.65,3.27442,319.046,1.562,6.079,128.316,0,2.357,1.395,4.147,95.85,0,5902.2,2.0924,54.65,1.8978,105.628,0,1.905,206.336,0,3.894,1.395,21.75,23.349,32.387,18.4032,101,5.2408,56.946,56.922,9.6425,11.525,23.351,22,49.676,7.871,12.38,1.16153,0.399975,10.1,2200,5750,0,9.17308,16,5911.48,5.61911,31.75,5.695,5.695,0,0,0,9.937,19.37,3200,38.3707,1.195,41.1503,1.389,52.0451,1.1,-2.0625
2026-09-07T08:33:22.433785+00:00,1.54952,632.355,108,24.48,75.52,0,5891.4,3.8675,54.55,7.42319,1474.55,21.88,25.84,283.693,6.25,5.416,1.385,48.13,51.87,0,5896.8,6.6723,54.6,12.4227,1952.68,34.38,38.15,1054.07,17.46,20.61,1.39,8.554,88.23,3.217,5021.49,2.4367,46.4953,5.6063,422.814,12.5,8.404,134.952,6.25,2.625,1.39,43.25,56.75,0,5021.49,6.0006,46.4953,11.2427,705.369,7.937,13.65,2019.02,39.06,39.63,1.39,6.812,87.69,5.495,5021.49,2.1732,46.4953,4.37726,345.683,7.812,6.812,104.691,4.688,2.025,1.39,12.41,85.65,1.943,5021.49,2.7812,46.4953,4.88579,628.773,14.06,12.5,159.2,4.688,3.104,1.39,6.375,93.63,0,5896.8,2.2928,54.6,3.39608,327.804,7.937,6.255,131.011,6.349,2.403,1.39,4.931,95.07,0,5896.8,2.1536,54.6,1.88278,134.011,6.25,2.424,239.37,4.688,4.559,1.39,16.875,23.893,33.141,18.349,107.5,5.2619,57.624,57.423,9.6491,11.532,23.831,22.25,50.461,12.64,12.15,0.918745,0.338941,10.75,2200,5750,0,8.96795,15.5,5910.6,5.66867,39.06,5.762,5.762,0,0,0,10.14,19.31,3200,38.3624,1.195,41.1767,1.388,52.1867,1.1,-2.0625
2026-09-07T08:33:24.450849+00:00,1.53306,622.154,108,26.5,73.5,0,5899.5,4.1964,54.625,8.09523,1581.87,23.44,27.21,300.49,6.202,5.753,1.393,46.04,53.96,0,5899.5,6.0169,54.625,10.9645,1882.79,25.85,36.7,1007.08,19.44,19.69,1.388,8.643,88.64,2.714,5023.79,2.5346,46.5166,5.95491,437.838,8.534,8.594,115.601,1.55,2.251,1.388,43.24,56.76,0,5899.5,5.7398,54.625,10.6722,1265.55,21.66,24.59,1418.74,24.12,27.76,1.388,6.732,86.09,7.174,5023.79,2.1845,46.5166,4.51925,330.39,6.959,6.473,114.32,1.55,2.215,1.388,12.49,87.28,0.2362,5461.05,2.8316,50.5652,4.90132,630.739,12.39,12.33,153.964,3.101,2.999,1.388,5.583,94.42,0,5899.5,2.2745,54.625,3.43866,274.638,6.959,5.257,130.376,4.639,2.375,1.388,4.074,95.93,0,5899.5,2.1039,54.625,1.82627,119.69,2.344,2.067,190.384,4.689,3.539,1.388,20.75,26.562,36.865,17.436,92.5,5.253,61.497,61.565,9.673,11.561,26.576,21.8125,54.205,10.84,11.86,1.21339,0.386706,9.25,2200,5750,0,8.97115,15.625,5912.93,5.59112,31.81,6.15,6.15,0,0,0,11.31,18.35,3200,38.3742,1.195,41.2047,1.389,52.0705,1.1,-2.0625
2026-09-07T08:33:25.218833+00:00,1.31457,533.093,108,22.74,77.26,0,5907.6,3.694,54.7,6.68219,1354.85,23.44,22.44,268.964,3.125,5.087,1.395,43.62,56.38,0,5907.6,5.1518,54.7,8.63836,1098.23,10.94,21.27,1614.28,25,31.49,1.39,6.813,85.52,7.668,5030.69,2.1951,46.5805,4.8469,344.985,6.25,6.677,105.792,1.562,2.063,1.39,34.32,65.68,0,5907.6,5.182,54.7,9.26536,927.149,10.94,17.88,1185.45,20.31,22.92,1.39,5.263,81.82,12.92,5030.69,1.9396,46.5805,3.72478,264.032,4.688,5.143,85.4036,1.562,1.66,1.39,11.03,88.48,0.4885,5907.6,2.7163,54.7,4.31144,589.758,9.375,11.37,109.381,0,2.136,1.39,4.495,95.51,0,5907.6,2.1643,54.7,2.90035,208.979,3.125,3.909,124.636,3.125,2.223,1.39,3.171,96.83,0,5907.6,1.9984,54.7,1.48501,95.9144,1.562,1.66,151.679,3.125,2.671,1.39,19.375,20.738,28.788,16.5499,75,5.1923,53.201,53.377,9.525,11.385,20.786,21.125,45.884,8.008,10.04,0.797597,0.312439,7.5,2200,5750,0,9.08333,15.75,5916.97,4.87737,25,5.32,5.32,0,0,0,8.845,17.42,3200,38.3496,1.195,41.1099,1.391,52.005,1.1,-2.0625
2026-09-07T08:33:26.237136+00:00,1.14419,468.591,108,18.73,81.27,0,5896.8,3.3338,54.6,5.92024,1118.22,19.05,18.12,263.265,0,5.004,1.385,41.39,58.61,0,5907.6,4.9974,54.7,7.79461,1123.38,19.05,21.84,1436.69,23.81,28.08,1.4,6.417,84.84,8.749,5030.69,2.0953,46.5805,4.50088,320.717,3.175,6.293,100.34,0,1.951,1.4,26.27,73.73,0,5907.6,4.1608,54.7,6.95565,697.32,9.524,13.41,944.367,14.29,18.44,1.4,4.603,79.96,15.44,5030.69,1.7315,46.5805,3.28503,220.659,0,4.335,87.6246,0,1.693,1.4,9.578,85.96,4.458,5907.6,2.4586,54.7,3.51625,483.523,4.762,9.417,136.324,3.175,2.651,1.4,4.423,95.58,0,5907.6,2.1138,54.7,2.72354,210.11,0,3.978,114.009,0,1.975,1.4,3.015,96.98,0,5907.6,1.9526,54.7,1.21522,93.815,0,1.623,147.087,0,2.702,1.4,17.375,19.764,27.476,15.6182,78.5,5.235,51.921,51.876,9.6255,11.505,19.732,20.375,44.739,6.052,8.845,0.508478,0.216547,7.85,2200,5704.79,0,9.09615,15.75,5921.41,4.52067,23.81,5.192,5.192,0,0,0,8.397,16.44,3200,38.3125,1.195,41.123,1.392,52.0101,1.1,-2.0625
2026-09-07T08:33:27.256084+00:00,1.26767,510.981,108,21.05,78.95,0,5902.2,3.5498,54.65,6.42868,1256.41,17.19,21.16,220.383,10.94,4.202,1.395,40.15,59.85,0,5902.2,5.1337,54.65,8.5747,1162.37,23.44,22.45,1326.16,20.31,25.84,1.39,6.499,91.26,2.24,5902.2,2.2948,54.65,4.89752,323.038,9.375,6.29,110.753,1.562,2.166,1.39,37.04,62.96,0,5902.2,5.1125,54.65,8.86374,680.446,10.94,13.05,1595.5,23.44,31.02,1.39,4.269,83.69,12.04,5026.09,1.8371,46.5379,3.54304,211.421,6.25,4.128,77.5041,1.562,1.497,1.39,10.51,89.49,0,5902.2,2.7053,54.65,4.11111,530.177,10.94,10.26,132.304,4.688,2.589,1.39,4.313,95.69,0,5902.2,2.1288,54.65,2.79905,208.174,4.688,3.905,107.538,1.562,1.892,1.39,2.939,97.06,0,5902.2,2.0004,54.65,1.39014,87.9786,1.562,1.537,145.551,3.125,2.619,1.39,20.25,20.675,28.741,16.0787,68.5,5.2445,53.275,53.147,9.6677,11.554,20.653,19.875,46.064,9.473,9.663,0.661379,0.267041,6.85,2200,5742.33,0,8.91667,15.25,5920.74,4.79379,23.44,5.328,5.328,0,0,0,8.788,16.92,3200,38.3854,1.195,41.1241,1.391,52.01,1.1,-2.0625
2026-09-07T08:33:28.273865+00:00,1.4697,592.001,108,24.97,75.03,0,5902.2,3.9468,54.65,7.42552,1493.41,31.25,25.39,260.428,1.562,4.938,1.395,49.22,50.78,0,5896.8,6.2074,54.6,11.2061,1851.52,29.69,36.08,1200.89,23.44,23.4,1.385,8.344,88.36,3.299,5021.49,2.4824,46.4953,5.53555,422.979,10.94,8.263,104.908,3.125,2.043,1.385,39.37,60.63,0,5896.8,5.7562,54.6,10.7968,1353.88,23.44,26.3,1107.62,20.31,21.48,1.385,5.69,87.53,6.777,5021.49,2.0899,46.4953,4.13486,285.45,9.375,5.582,85.0637,1.562,1.647,1.385,11.04,88.32,0.6386,5896.8,2.7015,54.6,4.57934,572.419,14.06,11.11,121.202,1.562,2.352,1.385,4.611,95.39,0,5896.8,2.1995,54.6,3.15082,231.561,7.812,4.373,101.389,1.562,1.791,1.385,3.723,96.28,0,5896.8,2.0978,54.6,1.74052,110.927,1.562,1.886,168.361,3.125,3.105,1.385,18.875,22.635,31.434,17.4912,114.5,5.2481,55.991,55.857,9.6582,11.543,22.618,20.375,48.75,11.52,11.23,1.06232,0.376492,11.45,2200,5750,0,8.78846,15.5,5915.97,5.4138,31.25,5.599,5.599,0,0,0,9.625,18.41,3200,38.4371,1.195,41.1118,1.39,52.02,1.1,-2.0625
2026-09-07T08:33:29.293562+00:00,1.31706,530.662,108,22.2,77.8,0,5896.8,3.628,54.6,6.75723,1325.25,24.62,22.25,244.762,4.688,4.643,1.39,42.53,57.47,0,5907.6,5.8436,54.7,10.3669,2194.04,47.69,42.82,450.942,3.077,8.639,1.39,6.241,90.4,3.356,5030.69,2.2681,46.5805,5.10631,326.814,4.688,6.365,79.401,1.562,1.543,1.39,38.01,61.99,0,5907.6,5.0957,54.7,9.27031,1948.63,33.85,37.95,387.417,7.812,7.438,1.39,5.171,87.22,7.607,5030.69,2.0064,46.5805,3.95389,251.716,6.25,4.916,87.1562,1.562,1.692,1.39,10.37,89.5,0.1298,5030.69,2.7003,46.5805,4.40117,557.241,6.25,10.79,92.059,1.562,1.795,1.39,3.874,96.13,0,5907.6,2.1265,54.7,2.99688,194.893,1.538,3.684,98.2298,1.538,1.762,1.39,3.304,96.7,0,5030.69,2.0106,46.5805,1.58948,100.718,1.538,1.721,151.314,1.538,2.673,1.39,18.375,21.389,29.726,16.7339,84,5.2546,54.338,54.452,9.6518,11.535,21.424,20.25,47.041,9.36,10.04,0.745175,0.299804,8.4,2200,5750,0,9.08974,15.25,5918.83,5.1741,47.69,5.434,5.434,0,0,0,9.117,17.61,3200,38.4267,1.195,41.1236,1.391,52,1.1,-2
2026-09-07T08:33:30.310538+00:00,1.49101,598.751,108,22.48,77.52,0,5896.8,3.6675,54.6,6.95837,1342.59,23.81,23.37,234.23,4.688,4.421,1.385,50.43,49.57,0,5896.8,6.9238,54.6,12.9972,2727.3,50.79,53.33,388.216,6.349,7.498,1.39,7.689,88.23,4.085,5021.49,2.379,46.4953,5.3098,393.099,10.94,7.698,104.633,1.562,2.04,1.39,44.39,55.61,0,5896.8,5.79,54.6,10.8498,2385.45,41.27,46.6,359.664,7.812,6.972,1.39,5.219,86.34,8.439,5021.49,1.9572,46.4953,3.89393,244.536,6.25,4.793,105.787,1.562,2.056,1.39,10.48,87.07,2.451,5021.49,2.5793,46.4953,4.44559,536.392,15.62,10.53,127.715,1.562,2.49,1.39,5.073,94.93,0,5896.8,2.1664,54.6,3.05429,242.926,3.175,4.645,124.2,1.587,2.171,1.39,3.334,96.67,0,5896.8,2.011,54.6,1.6156,100.72,1.587,1.78,162.559,4.762,3.049,1.39,20.75,22.61,31.341,18.755,76,5.2171,55.801,55.74,9.6126,11.49,22.588,22,48.57,11.46,11.46,1.06206,0.380759,7.6,2200,5750,0,9.10897,15.75,5910.89,5.49173,50.79,5.58,5.58,0,0,0,9.612,19.74,3200,38.4684,1.195,41.1505,1.388,52,1.1,-2.0625
2026-09-07T08:33:31.330517+00:00,1.55117,639.937,108,23.59,76.41,0,5902.2,3.7127,54.65,7.22448,1417.12,13.85,24.19,316.766,9.231,6.022,1.39,41.59,58.41,0,5891.4,6.6792,54.55,12.7408,2193.26,33.85,42.87,461.918,3.077,8.871,1.385,9.165,88.82,2.014,5891.4,2.5163,54.55,5.76233,471.421,4.615,9.279,130.718,0,2.529,1.385,51.31,48.69,0,5891.4,6.1884,54.55,11.5088,2908.59,36.92,56.96,296.116,1.538,5.795,1.385,6.534,89.7,3.771,5891.4,2.2265,54.55,4.4926,326.077,3.077,6.433,123.295,0,2.385,1.385,12.1,87.73,0.1708,5891.4,2.7955,54.55,4.94009,600.148,4.615,11.95,181.359,3.077,3.535,1.385,6.115,93.89,0,5891.4,2.2911,54.55,3.49618,307.195,4.615,5.912,141.283,0,2.572,1.385,4.709,95.29,0,5891.4,2.1684,54.55,1.94662,142.801,0,2.547,220.915,0,4.15,1.385,21.75,23.424,32.504,18.3188,93.5,5.27,57.149,57.223,9.6805,11.57,23.434,22,49.871,7.404,12.25,1.09649,0.413655,9.35,2200,5750,0,9.09615,15.5,5911.6,5.82618,36.92,5.715,5.715,0,0,0,9.972,19.28,3200,38.5552,1.195,41.1765,1.389,52.0049,1.1,-2
2026-09-07T08:33:32.349073+00:00,1.63804,666.265,108,27.12,72.88,0,5902.2,4.1303,54.65,7.92495,1619.99,23.44,28.1,318.158,4.688,6.039,1.39,45.88,54.12,0,5886,6.5141,54.5,12.2889,2238.91,31.25,43.38,683.913,9.375,13.36,1.38,9.5,88.94,1.557,5886,2.5451,54.5,5.8617,466.681,3.125,9.203,130.181,0,2.529,1.38,50.1,49.9,0,5886,6.4858,54.5,12.2249,2065.6,26.56,40.32,1051.63,10.94,20.67,1.38,7.503,89.29,3.206,5886,2.2824,54.5,4.58384,365.604,1.562,7.137,116.572,1.562,2.244,1.38,13.13,86.59,0.2829,5886,2.8679,54.5,5.21662,675.365,7.812,13.36,144.911,0,2.794,1.38,5.982,94.02,0,5886,2.2696,54.5,3.39634,298.927,0,5.685,135.062,0,2.424,1.38,4.595,95.41,0,5886,2.1306,54.5,1.92068,126.549,0,2.321,222.186,1.562,4.065,1.38,17.375,24.153,33.43,18.4271,93.5,5.2361,57.974,58.025,9.621,11.5,24.157,22.375,50.689,7.617,12.73,1.30138,0.462734,9.35,2200,5750,0,9.05769,15.25,5906.34,5.69516,31.25,5.797,5.797,0,0,0,10.28,19.4,3200,38.5231,1.195,41.2159,1.386,52.01,1.1,-2.0625
2026-09-07T08:33:33.367178+00:00,1.51804,613.992,108,23.8,76.2,0,5902.2,3.8605,54.65,7.38276,1426.76,21.88,24.97,263.192,6.25,5.002,1.395,40.73,59.27,0,5902.2,6.4731,54.65,12.2596,2069.74,35.94,40.67,486.527,6.25,9.446,1.39,9.424,87.8,2.773,5902.2,2.4795,54.65,5.60536,438.14,6.25,8.72,147.544,6.25,2.883,1.39,48.69,51.31,0,5902.2,5.7448,54.65,10.5808,1471.94,20.31,28.91,1571.76,25,30.82,1.39,6.37,87.26,6.373,5902.2,2.0919,54.65,4.18443,304.742,4.688,6.025,106.742,1.562,2.082,1.39,12.35,87.38,0.2737,5902.2,2.7788,54.65,4.82132,624.306,10.94,12.41,153.146,1.562,3.016,1.39,5.787,94.21,0,5902.2,2.2406,54.65,3.24262,299.91,7.812,5.838,114.66,1.562,2.089,1.39,4.654,95.35,0,5902.2,2.1259,54.65,1.88113,126.009,1.562,2.274,218.759,3.125,4.076,1.39,18.875,23.389,32.447,17.9123,102.5,5.2731,57.108,57.161,9.6824,11.572,23.411,22.125,49.819,10.06,11.83,1.02042,0.375087,10.25,2200,5750,0,8.96795,15.5,5912.28,5.52227,35.94,5.711,5.711,0,0,0,9.962,18.86,3200,38.4745,1.195,41.2112,1.389,52.005,1.1,-2.0625
2026-09-07T08:33:34.384168+00:00,1.51181,617.76,108,24.01,75.99,0,5896.8,3.8654,54.6,7.2206,1440.05,12.5,24.46,285.875,1.562,5.433,1.39,47.68,52.32,0,5030.69,6.5757,46.5805,12.1201,1945.09,28.12,38.17,1056.85,17.19,20.56,1.39,8.187,90.53,1.286,5030.69,2.4424,46.5805,5.38216,412.577,4.688,8.133,107.392,0,2.087,1.39,44.43,55.57,0,5030.69,5.8653,46.5805,10.8363,1341.48,18.75,26.1,1465.3,17.19,28.58,1.39,5.639,90.13,4.234,5030.69,2.097,46.5805,4.04158,271.708,1.587,5.343,101.99,0,1.98,1.39,11.48,88.52,0,5030.69,2.7317,46.5805,4.65201,607.225,10.94,11.92,118.19,0,2.309,1.39,5.618,94.38,0,5907.6,2.2587,54.7,3.17299,278.18,1.562,5.296,135.917,1.562,2.501,1.39,4.135,95.87,0,5907.6,2.099,54.7,1.74196,116.484,0,2.053,199.851,1.562,3.71,1.39,16.5,22.932,31.811,17.8181,96,5.2382,56.374,56.4,9.6503,11.534,22.937,21.875,49.107,7.326,11.79,1.01869,0.394625,9.6,2200,5750,0,8.82692,15.25,5912.47,5.41307,28.12,5.637,5.637,0,0,0,9.761,18.76,3200,38.5256,1.195,41.1759,1.389,52.01,1.1,-2
2026-09-07T08:33:35.401344+00:00,1.49677,614.02,108,23.04,76.96,0,5913,3.7382,54.75,7.06635,1370.7,15.62,23.27,285.559,3.125,5.405,1.39,53.01,46.99,0,5907.6,6.3224,54.7,11.6605,1733.87,32.81,33.83,1637,25,32.07,1.395,8.356,85.07,6.57,5907.6,2.3667,54.7,5.38743,430.342,6.25,8.374,106.583,0,2.076,1.395,38.38,61.62,0,5907.6,5.951,54.7,11.4527,1602.23,28.12,31.16,839.112,12.5,16.25,1.395,5.86,84.27,9.874,5035.29,2.048,46.623,4.06113,293.412,4.615,5.713,95.5626,0,1.845,1.395,10.98,87.17,1.847,5907.6,2.6828,54.7,4.79684,591.241,9.375,11.39,120.954,0,2.354,1.385,5.669,94.33,0,5907.6,2.2522,54.7,3.20465,289.103,3.125,5.483,109.191,1.562,1.933,1.385,4.377,95.62,0,5907.6,2.1158,54.7,1.90221,163.834,1.562,2.969,155.632,0,2.853,1.385,19.375,24.347,33.746,17.9426,99.5,5.2398,58.317,58.14,9.6658,11.553,24.323,22,51.062,8.98,11.69,1.2916,0.456534,9.95,2200,5750,0,9.08333,15.25,5911.95,5.38332,32.81,5.832,5.832,0,0,0,10.35,18.89,3200,38.5,1.195,41.1789,1.388,52.005,1.1,-2
2026-09-07T08:33:36.419818+00:00,1.28787,515.038,108,20.21,79.79,0,5907.6,3.6578,54.7,6.70912,1205.5,14.06,20.8,202.98,3.125,3.821,1.39,40.78,59.22,0,5886,5.8086,54.5,10.4133,1812.82,25,35.09,717.914,9.375,14,1.385,5.442,88.99,5.564,5012.3,2.0798,46.4102,4.59472,284.684,4.688,5.557,67.096,0,1.3,1.385,43.71,56.29,0,5886,5.5395,54.5,9.90005,717.323,9.375,13.7,1960.5,32.81,38.54,1.385,3.691,85.94,10.37,5012.3,1.8036,46.4102,3.40877,179.774,4.688,3.512,69.4308,0,1.355,1.385,8.345,90.88,0.7786,5886,2.4061,54.5,3.91837,407.253,4.688,7.936,116.342,0,2.265,1.385,3.866,96.13,0,5886,2.0494,54.5,2.60394,178.452,1.562,3.319,103.662,4.688,1.793,1.385,2.749,97.25,0,5886,1.9424,54.5,1.36752,81.9236,0,1.43,134.956,0,2.466,1.385,19.75,23.936,33.256,17.0445,77.5,5.2024,57.652,57.644,9.581,11.452,23.921,21.5,50.431,7.129,9.806,0.675886,0.2848,7.75,2200,5750,0,8.80128,15,5920.46,4.98903,32.81,5.765,5.765,0,0,0,10.18,17.94,3200,38.5533,1.195,41.1496,1.39,52,1.1,-2
2026-09-07T08:33:37.438061+00:00,1.45216,577.386,108,24.01,75.99,0,5907.6,3.931,54.7,7.26605,1429.3,18.75,24.3,231.1,7.812,4.319,1.39,50.16,49.84,0,5907.6,6.3575,54.7,11.6762,1839.63,26.56,35.96,1224.47,17.19,23.73,1.39,6.687,90.77,2.539,5030.69,2.3525,46.5805,5.18606,348.472,10.94,6.722,79.6876,3.125,1.554,1.39,43.45,56.55,0,5907.6,5.8254,54.7,10.7875,666.713,14.06,12.89,2004.62,31.25,38.65,1.39,4.331,89.21,6.457,5021.49,1.9891,46.4953,3.79877,215.149,6.25,4.177,73.6292,1.562,1.427,1.39,9.759,90.24,0,5896.8,2.5947,54.6,4.36221,513.526,4.688,9.76,102.429,4.688,1.987,1.39,4.024,95.98,0,5896.8,2.1526,54.6,2.91449,206.115,3.125,3.842,85.8247,1.562,1.446,1.39,2.802,97.2,0,5896.8,2.0029,54.6,1.52633,85.2266,1.562,1.444,132.278,3.125,2.344,1.39,16.875,23.352,32.434,17.6901,78,5.1964,56.877,57.014,9.5529,11.418,23.39,21.625,49.568,9.766,10.91,0.84568,0.302732,7.8,2200,5750,0,9.03205,15.5,5917.38,5.3004,31.25,5.688,5.688,0,0,0,9.953,18.62,3200,38.5607,1.195,41.1645,1.39,52,1.1,-2
2026-09-07T08:33:38.201787+00:00,1.3847,551.831,108,21.96,78.04,0,5907.6,3.7062,54.7,6.83785,1308.17,18.75,22.08,234.63,1.562,4.49,1.395,40.88,59.12,0,5891.4,6.5154,54.55,12.1249,1938.48,39.06,37.77,617.977,7.812,11.82,1.39,6.285,89.31,4.41,5016.9,2.1971,46.4527,4.83722,302.907,6.25,5.877,97.3859,1.562,1.896,1.39,49.23,50.77,0,5891.4,5.5981,54.55,10.0567,640.559,12.5,12.33,2340.74,34.38,46.05,1.39,4.092,87.16,8.75,5016.9,1.8841,46.4527,3.57078,189.76,6.25,3.717,81.2063,0,1.586,1.39,9.252,89.93,0.8162,5016.9,2.5372,46.4527,4.16227,489.834,10.94,9.495,87.1918,1.562,1.709,1.39,3.986,96.01,0,5891.4,2.0721,54.55,2.72364,186.691,4.688,3.543,99.758,0,1.754,1.39,2.787,97.21,0,5891.4,1.951,54.55,1.41416,79.8312,0,1.405,134.179,3.125,2.472,1.39,26.5,21.723,30.146,17.8727,75,5.2669,54.635,54.403,9.6481,11.531,21.661,22,47.47,9.277,10.5,0.781837,0.334529,7.5,2200,5750,0,9.23718,16,5916.7,5.20582,39.06,5.463,5.463,0,0,0,9.218,18.81,3200,38.4488,1.195,41.1255,1.39,52.0351,1.1,-2
2026-09-07T08:33:39.219744+00:00,1.39486,553.022,108,22.91,77.09,0,5902.2,3.8307,54.65,7.11221,1362.58,18.75,23.84,228.995,1.587,4.318,1.39,39.48,60.52,0,5030.69,5.9209,46.5805,11.1775,1450.39,23.81,28.27,981.618,17.19,19.13,1.39,7.267,87.38,5.351,5030.69,2.2501,46.5805,4.99072,370.47,6.349,7.214,79.0788,0,1.538,1.39,47.93,52.07,0,5030.69,5.8377,46.5805,10.6863,798.241,12.5,15.45,2129.99,22.22,41.74,1.39,4.785,85.77,9.445,5030.69,1.8824,46.5805,3.54488,225.506,4.762,4.396,81.3113,0,1.579,1.39,9.764,88.96,1.28,5030.69,2.5143,46.5805,4.29539,485.254,11.11,9.435,117.964,1.587,2.294,1.39,4.47,95.53,0,5907.6,2.057,54.7,2.6665,231.857,4.688,4.306,83.5009,1.562,1.456,1.39,2.871,97.13,0,5030.69,1.9169,46.5805,1.4086,86.4959,0,1.519,135.103,1.562,2.451,1.39,16,21.756,30.141,17.7923,75.5,5.2192,54.683,54.962,9.5797,11.45,21.819,22.125,47.332,7.98,10.56,0.930714,0.348913,7.55,2200,5750,0,8.88462,15.25,5912.72,5.13967,23.81,5.468,5.468,0,0,0,9.285,18.73,3200,38.4554,1.195,41.1304,1.387,52.1815,1.1,-2
2026-09-07T08:33:40.236538+00:00,1.35656,540.794,108,20.92,79.08,0,5902.2,3.5801,54.65,6.66679,1245.45,18.75,21.51,216.082,1.538,4.073,1.39,48.32,51.68,0,5880.6,6.2203,54.45,11.3866,2318.17,35.38,45.3,642.889,10.94,12.44,1.375,5.89,86.9,7.207,5880.6,2.1159,54.45,4.78094,300.761,3.077,5.873,73.9249,1.538,1.434,1.375,40.41,59.59,0,5880.6,5.9197,54.45,10.9683,1152.85,18.75,22.39,1339.2,23.08,25.88,1.375,3.987,81.81,14.21,5012.3,1.7659,46.4102,3.51435,195,3.077,3.778,70.8925,0,1.368,1.38,9.012,86.89,4.1,5886,2.4516,54.5,4.11128,474.839,6.154,9.162,93.7221,1.538,1.824,1.38,4.273,95.73,0,5886,2.0996,54.5,2.84755,205.374,1.562,3.86,103.69,1.562,1.892,1.38,2.844,97.16,0,5886,1.9294,54.5,1.34593,80.4482,1.562,1.389,139.404,1.562,2.457,1.38,31.75,22.07,30.629,18.183,76.5,5.2498,55.124,55.082,9.6547,11.539,22.023,22.75,47.942,8.13,10.29,0.786788,0.271993,7.65,2200,5750,0,9.16667,15.75,5915.06,5.23154,35.38,5.512,5.512,0,0,0,9.371,19.14,3200,38.3892,1.195,41.1647,1.389,52.2265,1.1,-2
2026-09-07T08:33:41.251183+00:00,1.29652,514.407,108,19.75,80.25,0,5902.2,3.4926,54.65,6.39138,1176.34,14.06,20.56,186.072,4.688,3.507,1.39,45.08,54.92,0,5907.6,5.6007,54.7,10.051,2196.69,35.94,42.97,557.409,6.25,10.83,1.39,6.231,88.57,5.196,5030.69,2.1491,46.5805,4.6365,329.394,4.688,6.453,67.0216,1.562,1.307,1.39,38.94,61.06,0,5907.6,6.0482,54.7,11.3918,1013.88,17.19,19.7,1375.66,23.44,27.15,1.39,4.013,83.46,12.53,5030.69,1.7323,46.5805,3.26988,191.317,3.125,3.737,75.304,1.562,1.461,1.39,9.075,90.14,0.7828,5030.69,2.4757,46.5805,4.21375,448.222,7.812,8.775,118.539,1.562,2.311,1.39,3.768,96.23,0,5907.6,2.0164,54.7,2.5415,180.687,1.562,3.416,94.6989,0,1.666,1.39,2.797,97.2,0,5030.69,1.9099,46.5805,1.34425,90.3941,0,1.554,128.874,3.125,2.393,1.39,14,21.13,29.327,17.6002,78.5,5.251,53.92,53.876,9.638,11.519,21.17,22.5,46.622,7.91,9.863,0.662897,0.254893,7.85,2200,5750,0,9.01923,15.75,5918.08,5.00713,35.94,5.392,5.392,0,0,0,9.009,18.53,3200,38.414,1.195,41.144,1.39,52.156,1.1,-2
2026-09-07T08:33:42.267640+00:00,1.32261,523.715,108,20.29,79.71,0,5902.2,3.5505,54.65,6.59002,1209.96,18.75,21.62,156.044,7.937,2.957,1.39,47.74,52.26,0,5902.2,6.2689,54.65,11.2257,1574.7,23.44,30.68,1334.59,17.46,26.03,1.39,5.39,89.7,4.913,5026.09,2.143,46.5379,4.76078,277.637,4.762,5.423,70.4267,3.175,1.367,1.39,38.37,61.63,0,5902.2,5.3908,54.65,9.91236,733.373,14.06,14.1,1637.22,34.38,31.97,1.39,4.277,84.9,10.82,5026.09,1.8539,46.5379,3.56457,208.663,6.349,4.082,76.7601,3.175,1.48,1.39,9.23,89.66,1.11,5026.09,2.5489,46.5379,4.14544,495.194,12.7,9.614,86.0514,3.175,1.672,1.39,4.123,95.88,0,5902.2,2.0689,54.65,2.7342,192.7,4.688,3.582,104.723,6.25,1.87,1.39,2.84,97.16,0,5902.2,1.9354,54.65,1.37926,85.2497,1.562,1.467,136.148,3.125,2.426,1.39,20.25,21.115,29.332,17.3734,76,5.2474,53.772,53.711,9.6033,11.478,21.076,22.125,46.581,10.31,10.02,0.767181,0.275138,7.6,2200,5750,0,8.92949,16,5918.54,5.13064,34.38,5.377,5.377,0,0,0,8.969,18.29,3200,38.34,1.195,41.1866,1.39,52.1274,1.1,-2
2026-09-07T08:33:43.284395+00:00,1.25657,502.305,108,20.8,79.2,0,5907.6,3.6057,54.7,6.66185,1239.79,20.31,21.96,172.623,3.077,3.282,1.39,45.61,54.39,0,5907.6,5.3882,54.7,9.54221,2281.15,32.81,44.61,517.937,12.31,10.01,1.395,6.058,89.18,4.763,5030.69,2.2073,46.5805,4.80627,323.772,6.154,6.325,65.1213,3.077,1.268,1.395,34.23,65.77,0,5907.6,5.6109,54.7,10.4346,810.428,9.375,15.63,1326.81,26.56,25.87,1.395,4.091,85.49,10.42,5030.69,1.823,46.5805,3.46501,202.901,4.615,3.955,70.5413,3.077,1.368,1.395,8.403,91.02,0.5761,5030.69,2.4505,46.5805,4.1428,438.127,9.231,8.465,101.957,3.077,1.988,1.395,3.662,96.34,0,5907.6,2.0455,54.7,2.67331,188.474,3.125,3.537,80.3213,1.562,1.376,1.395,2.806,97.19,0,5907.6,1.9354,54.7,1.46327,93.0239,3.125,1.558,123.893,3.125,2.236,1.395,21.75,20.764,28.856,17.0306,71,5.249,53.417,53.42,9.6238,11.502,20.796,21.625,46.132,9.038,9.59,0.620398,0.240254,7.1,2200,5750,0,8.80128,15.5,5920.19,4.97298,32.81,5.342,5.342,0,0,0,8.85,17.93,3200,38.3974,1.195,41.1345,1.391,52.0747,1.1,-2
2026-09-07T08:33:44.300554+00:00,1.40608,557.678,108,22.36,77.64,0,5902.2,3.6969,54.65,6.91132,1330.15,20.31,23.52,177.355,0,3.373,1.395,43.37,56.63,0,5902.2,6.6016,54.65,12.2399,2028.9,34.38,39.59,651.833,12.5,12.52,1.395,7.045,89.98,2.978,5026.09,2.3222,46.5379,5.12838,378.084,3.125,7.336,69.2005,0,1.351,1.395,45.72,54.28,0,5902.2,5.4193,54.65,9.73923,1313.57,20.31,25.48,1486.11,20.31,29.02,1.395,4.686,86.61,8.699,5026.09,1.8906,46.5379,3.64642,236.381,1.562,4.597,76.3459,1.562,1.479,1.395,10.44,89.22,0.3458,5026.09,2.6433,46.5379,4.27943,557.776,9.375,10.76,98.4594,0,1.922,1.395,4.047,95.95,0,5902.2,2.0516,54.65,2.75488,211.947,0,4.001,80.3117,0,1.404,1.395,2.938,97.06,0,5902.2,1.9201,54.65,1.30473,98.8747,0,1.732,127.552,0,2.282,1.395,18.375,22.025,30.507,17.801,76.5,5.2454,55.095,55.209,9.6821,11.571,22.018,21.875,47.848,7.715,10.65,0.915251,0.339317,7.65,2200,5750,0,8.98077,15.5,5913.68,5.26353,34.38,5.509,5.509,0,0,0,9.369,18.74,3200,38.4439,1.195,41.1603,1.387,52.0661,1.1,-2
2026-09-07T08:33:45.317829+00:00,1.28914,516.744,108,19.69,80.31,0,5896.8,3.4774,54.6,6.47141,1173.65,14.06,20.61,168.833,3.175,3.205,1.39,38.55,61.45,0,5907.6,6.0812,54.7,11.0727,1891.52,34.92,36.87,526.257,4.762,10.14,1.39,6.269,87.46,6.27,5030.69,2.1787,46.5805,4.77971,295.188,6.349,5.774,103.125,3.175,2.007,1.39,45.09,54.91,0,5030.69,5.4596,46.5805,9.46051,2431.9,41.27,47.46,359.493,6.349,6.919,1.39,3.812,84.35,11.84,5030.69,1.7669,46.5805,3.4071,173.936,0,3.4,84.5602,1.587,1.639,1.39,8.698,89.92,1.382,5030.69,2.4594,46.5805,3.75489,468.247,6.349,9.071,81.9135,0,1.593,1.39,3.787,96.21,0,5907.6,2.0519,54.7,2.71778,190.913,1.587,3.574,86.0031,0,1.506,1.39,3.018,96.98,0,5907.6,1.947,54.7,1.13854,94.3247,0,1.674,138.036,0,2.427,1.39,15.5,22.78,31.625,17.4535,120.5,5.2511,56.19,56.02,9.6645,11.551,22.778,21.875,48.952,7.724,9.867,0.627095,0.237378,12.05,2200,5750,0,8.98077,15,5919.14,5.14945,41.27,5.619,5.619,0,0,0,9.693,18.37,3200,38.4132,1.195,41.1555,1.39,52.3019,1.1,-2
2026-09-07T08:33:46.334746+00:00,1.69763,708.569,108,26.1,73.9,0,5896.8,4.0505,54.6,8.13976,1547.35,23.44,26.64,323.806,4.615,6.208,1.385,42.99,57.01,0,5026.09,6.1071,46.5379,11.5522,1930.8,29.69,37.6,847.58,18.75,16.39,1.39,11.7,85.62,2.677,5026.09,2.837,46.5379,6.68531,616.695,9.375,12.05,190.272,3.125,3.727,1.39,50.41,49.59,0,5026.09,6.1756,46.5379,11.4489,2572.32,42.19,50.22,625.364,9.375,12.14,1.39,9.461,82.9,7.642,5026.09,2.4391,46.5379,5.35048,448.397,9.375,8.786,181.597,1.562,3.55,1.39,14.57,85.43,0,5026.09,3.0271,46.5379,5.37387,792.302,12.5,15.4,199.974,4.688,3.908,1.39,8.684,91.32,0,5902.2,2.5204,54.65,4.17055,444.137,9.231,8.583,179.19,3.077,3.336,1.39,5.847,94.15,0,5902.2,2.2541,54.65,2.14715,205.592,4.762,3.752,231.734,4.762,4.342,1.39,20.25,27.324,37.843,17.8083,85.5,5.2589,62.503,62.463,9.6927,11.585,27.308,22,55.213,11.91,13.54,1.68699,0.483041,8.55,2200,5750,0,8.92949,15.25,5911.01,5.83821,42.19,6.25,6.25,0,0,0,11.62,18.75,3200,38.4234,1.195,41.1401,1.388,52.4625,1.1,-2
2026-09-07T08:33:47.352228+00:00,1.36148,541.141,108,20.55,79.45,0,5907.6,3.4878,54.7,6.67635,1224.52,14.29,21.28,180.459,4.762,3.426,1.39,47.41,52.59,0,5891.4,5.6331,54.55,10.0574,2431.72,37.5,47.56,455.325,7.812,8.782,1.385,6.161,89.23,4.611,5016.9,2.2174,46.4527,5.08893,317.742,7.812,6.147,83.5304,0,1.623,1.385,40.22,59.78,0,5886,6.3676,54.5,11.8193,2183.14,31.25,42.38,304.793,1.562,5.819,1.37,4.283,82.59,13.12,5012.3,1.8522,46.4102,3.84369,194.914,4.688,3.78,94.8929,0,1.851,1.38,10.62,87.74,1.637,5886,2.6953,54.5,4.62012,579.347,9.375,11.12,88.029,0,1.716,1.38,4.251,95.75,0,5886,2.0908,54.5,3.02079,198.476,6.349,3.693,108.325,0,1.876,1.38,2.641,97.36,0,5886,1.9505,54.5,1.39579,95.4841,0,1.699,117.551,3.125,2.104,1.38,18.375,24.629,34.194,17.8016,80,5.2503,58.727,58.615,9.6686,11.556,24.588,22.25,51.526,8.033,10.3,0.864287,0.299802,8,2200,5750,0,9.09615,15.5,5916.65,5.40644,37.5,5.873,5.873,0,0,0,10.46,18.74,3200,38.519,1.195,41.1353,1.39,52.1794,1.1,-2
2026-09-07T08:33:48.370072+00:00,1.36041,546.424,108,22.56,77.44,0,5880.6,3.7137,54.45,6.96386,1342.36,21.54,22.3,264.62,4.688,5.066,1.39,38.12,61.88,0,5026.09,5.6156,46.5379,10.0429,1536.48,29.23,29.77,849.889,20.31,16.44,1.395,6.793,89.62,3.591,5026.09,2.2987,46.5379,5.17896,337.542,9.375,6.525,96.2263,1.562,1.882,1.395,46.62,53.38,0,5026.09,5.7846,46.5379,10.2018,1554.16,25,30.37,1274.1,25,24.74,1.395,4.929,87.8,7.274,5026.09,2.0108,46.5379,3.91276,233.991,4.688,4.56,91.26,1.562,1.772,1.395,10.29,89.68,0.02909,5026.09,2.6453,46.5379,4.17672,542.738,7.812,10.41,103.63,3.125,2.022,1.395,3.868,96.13,0,5026.09,2.0624,46.5379,2.83163,195.367,3.077,3.601,91.8457,1.538,1.61,1.395,2.854,97.15,0,5902.2,1.9391,54.65,1.16912,103.053,1.538,1.795,125.527,1.538,2.259,1.395,15,25.52,35.427,17.0005,74,5.252,60.031,60.16,9.6199,11.498,25.583,21.75,52.702,10.1,10.32,0.716421,0.281799,7.4,2200,5750,0,9.05769,15.5,5918.08,5.23729,29.23,6.003,6.003,0,0,0,10.89,17.9,3200,38.4148,1.195,41.1834,1.389,52,1.1,-2
2026-09-07T08:33:49.387152+00:00,1.31917,529.749,108,22.25,77.75,0,5896.8,3.6868,54.6,6.87688,1323.79,29.69,22.76,212.183,3.125,4.059,1.385,35.31,64.69,0,5902.2,5.4448,54.65,9.6285,1351.82,20.31,26.18,855.384,13.85,16.55,1.385,6.355,89.08,4.563,5902.2,2.2407,54.65,5.03138,327.958,12.31,6.297,84.6158,3.125,1.654,1.385,46.91,53.09,0,5902.2,5.7353,54.65,9.812,1466.95,24.62,28.5,1401.09,30.77,27.33,1.385,3.793,85.58,10.63,5902.2,1.8423,54.65,3.63413,195.3,6.154,3.779,67.1588,3.125,1.302,1.385,10.15,88.93,0.9175,5902.2,2.6517,54.65,4.13663,528.225,13.85,10.09,113.868,4.615,2.218,1.385,4.326,95.67,0,5902.2,2.1449,54.65,2.978,199.215,6.25,3.68,121.049,4.688,2.185,1.385,2.828,97.17,0,5896.8,1.9606,54.6,1.18638,108.607,3.125,1.858,118.775,3.125,2.136,1.385,19.375,22.465,31.224,16.8526,94.5,5.2512,55.676,55.766,9.597,11.47,22.432,21.375,48.47,11.42,10.04,0.777088,0.2817,9.45,2200,5750,0,9.05769,15.25,5918.24,5.1665,30.77,5.568,5.568,0,0,0,9.545,17.74,3200,38.405,1.195,41.205,1.391,52.02,1.1,-2
2026-09-07T08:33:50.403235+00:00,1.32076,534.034,108,22.23,77.77,0,5907.6,3.6879,54.7,6.95504,1322.22,17.19,22.01,266.85,4.615,4.973,1.39,44.17,55.83,0,5902.2,5.5362,54.65,9.73851,2240.62,40.62,43.7,496.649,10.94,9.541,1.39,6.286,88.96,4.757,5902.2,2.2088,54.65,5.08424,330.867,7.812,6.372,81.9884,1.538,1.595,1.39,37.55,62.45,0,5902.2,5.64,54.65,10.4531,1974.45,31.25,38.37,332.571,7.812,6.282,1.39,4.41,84.35,11.24,5902.2,1.8842,54.65,3.83794,220.159,6.25,4.261,74.6371,1.538,1.445,1.39,10.31,89.25,0.4352,5902.2,2.6468,54.65,4.32238,533.288,10.94,10.15,128.877,3.125,2.516,1.39,4.373,95.63,0,5902.2,2.0923,54.65,2.96776,191.654,3.125,3.556,126.713,3.125,2.184,1.39,2.751,97.25,0,5902.2,1.9394,54.65,1.36672,100.742,1.562,1.771,122.256,3.125,2.189,1.39,21.25,24.496,34.001,17.2584,67,5.1765,58.267,58.173,9.504,11.36,24.476,21.5,51.055,9.66,10.06,0.653581,0.27396,6.7,2200,5750,0,8.92949,15.25,5916.69,5.23098,40.62,5.827,5.827,0,0,0,10.42,18.17,3200,38.4644,1.195,41.1522,1.39,52.1186,1.1,-1.9375
2026-09-07T08:33:51.422697+00:00,1.34658,540.865,108,21.37,78.63,0,5902.2,3.6683,54.65,6.95557,1271.09,18.75,20.44,290.882,1.562,5.453,1.39,44.78,55.22,0,5896.8,5.6816,54.6,10.2544,1130.1,10.94,21.8,1624.84,25,31.73,1.395,6.535,88.55,4.919,5021.49,2.2309,46.4953,5.062,318.812,7.812,6.149,102.11,1.562,1.982,1.395,42.68,57.32,0,5896.8,5.9713,54.6,10.8003,1563.05,25,30.44,1022.35,12.5,19.89,1.395,3.855,83.3,12.84,5902.2,1.8144,54.65,3.65361,197.863,0,3.601,70.9148,0,1.359,1.385,8.79,89.46,1.752,5902.2,2.4345,54.65,3.99799,437.423,7.812,8.349,114.673,0,2.222,1.385,3.919,96.08,0,5902.2,2.0543,54.65,2.85919,190.214,0,3.526,100.653,1.562,1.76,1.385,2.724,97.28,0,5902.2,1.9129,54.65,1.19202,96.8295,0,1.667,122.04,0,2.089,1.385,20.75,25.389,35.227,17.7449,70,5.2007,59.713,59.838,9.5615,11.428,25.452,22.125,52.376,7.031,10.15,0.7639,0.270052,7,2200,5750,0,9.11538,15.75,5915.57,5.27636,25,5.971,5.971,0,0,0,10.83,18.68,3200,38.4317,1.195,41.1606,1.389,52.0602,1.1,-2
2026-09-07T08:33:52.441449+00:00,1.39244,562.465,108,22.23,77.77,0,5902.2,3.6996,54.65,7.00863,1327.66,10.94,22.65,235.967,0,4.423,1.39,47.69,52.31,0,5907.6,5.9352,54.7,10.514,2203.56,32.81,43.14,766.425,9.375,14.84,1.39,7.393,90.36,2.249,5907.6,2.3894,54.7,5.3515,388.776,6.25,7.588,82.1612,0,1.612,1.39,39.5,60.5,0,5907.6,5.8697,54.7,10.6646,1535.22,28.12,29.77,938.076,15.62,17.54,1.39,4.758,85.59,9.657,5891.4,1.9415,54.55,3.9385,236.801,4.688,4.785,72.6564,0,1.397,1.39,10.06,89.77,0.1716,5891.4,2.6179,54.55,4.19613,513.271,6.25,9.894,127.42,0,2.483,1.39,4.32,95.68,0,5891.4,2.1355,54.55,3.04938,209.524,1.562,3.908,107.692,0,1.938,1.39,3.301,96.7,0,5891.4,2.0259,54.55,1.37313,102.68,1.562,1.823,151.556,0,2.68,1.39,17.375,22.84,31.714,17.5605,112,5.252,56.229,56.201,9.6267,11.506,22.829,22,48.997,7.324,10.65,0.795909,0.317681,11.2,2200,5750,0,9.12821,15.5,5915.65,5.4025,32.81,5.623,5.623,0,0,0,9.714,18.48,3200,38.453,1.195,41.125,1.39,52.04,1.1,-2
2026-09-07T08:33:53.207178+00:00,1.59285,652.814,108,26.02,73.98,0,5896.8,4.1038,54.6,7.99035,1558.2,18.75,26.74,320.608,1.562,6.04,1.395,49.84,50.16,0,5902.2,6.3142,54.65,11.5617,2423.71,37.5,47.45,702.639,12.5,13.68,1.39,9.037,89.98,0.9871,5026.09,2.5591,46.5379,5.91048,480.951,10.94,9.493,113.171,0,2.185,1.39,45.35,54.65,0,5026.09,6.4933,46.5379,12.1932,1200.3,15.62,23.36,1633.92,29.69,32.6,1.39,6.634,91.14,2.224,5026.09,2.2589,46.5379,4.61785,327.03,9.375,6.492,129.232,0,2.514,1.39,11.59,88.41,0,5026.09,2.7173,46.5379,4.78485,618.66,6.25,12.25,129.24,0,2.518,1.39,6.33,93.67,0,5902.2,2.3275,54.65,3.54488,319.911,6.25,6.147,139.424,1.562,2.523,1.39,4.49,95.51,0,5902.2,2.1403,54.65,1.78874,148.651,0,2.737,199.373,3.125,3.731,1.39,23.625,24.097,33.392,18.3379,83,5.2587,58.063,58.097,9.6971,11.59,24.114,22.25,50.766,9.57,12.53,1.23034,0.473685,8.3,2200,5750,0,9.11538,16.25,5908.11,5.7253,37.5,5.806,5.806,0,0,0,10.26,19.3,3200,38.4885,1.195,41.1444,1.388,52.2999,1.1,-2
2026-09-07T08:33:54.224524+00:00,1.62838,668.506,108,26.14,73.86,0,5891.4,4.0429,54.55,7.89569,1561.98,26.56,26.37,333.356,7.937,6.353,1.39,54.28,45.72,0,5896.8,6.5553,54.6,12.0425,2758.89,45.31,53.99,621.958,10.94,12,1.395,9.701,89.12,1.182,5021.49,2.6036,46.4953,6.07585,499.858,12.7,9.828,133.132,1.587,2.595,1.395,42.51,57.49,0,5896.8,6.2013,54.6,11.8032,1257.52,18.75,24.4,1455.97,17.19,28.4,1.395,6.68,90.26,3.056,5021.49,2.2844,46.4953,4.7253,337.054,6.349,6.642,116.271,1.587,2.256,1.395,12.9,87.1,0,5021.49,2.8737,46.4953,5.11823,678.29,17.19,13.36,152.729,1.587,2.974,1.395,5.898,94.1,0,5896.8,2.2909,54.6,3.57723,298.411,7.812,5.761,132.207,1.562,2.411,1.395,4.736,95.26,0,5896.8,2.1503,54.6,1.90622,142.645,3.125,2.606,215.838,6.25,3.917,1.395,18.875,24.086,33.346,18.1925,117,5.2537,57.982,57.963,9.6866,11.577,24.086,22.125,50.702,11.65,12.74,1.34588,0.456149,11.7,2200,5750,0,8.91667,15.5,5907.54,5.81871,45.31,5.798,5.798,0,0,0,10.25,19.15,3200,38.5336,1.195,41.1926,1.387,52.1725,1.1,-2
2026-09-07T08:33:55.243094+00:00,1.39724,567.343,108,21.08,78.92,0,5902.2,3.5727,54.65,6.71511,1260.64,12.7,21.5,260.122,6.25,4.937,1.39,49.35,50.65,0,5891.4,6.1988,54.55,10.7612,2406.28,42.86,47.11,650.87,7.937,12.64,1.39,7.483,88.53,3.987,5891.4,2.3225,54.55,5.18424,387.541,7.812,7.615,99.3426,4.688,1.935,1.39,37.43,62.57,0,5891.4,5.3242,54.55,9.68235,1261.15,23.81,24.51,1075.21,14.29,21.04,1.39,5.244,86,8.754,5891.4,1.9641,54.55,3.91955,253.139,7.812,4.984,101.575,1.562,1.974,1.39,9.99,89.42,0.5929,5891.4,2.5641,54.55,4.0866,529.463,12.7,10.41,109.218,1.562,2.13,1.39,5.425,94.58,0,5891.4,2.2074,54.55,3.15412,268.343,7.937,5.152,123.75,1.587,2.231,1.39,3.719,96.28,0,5891.4,2.0334,54.55,1.43361,126.894,1.587,2.272,163.939,4.762,3.039,1.39,19.375,22.377,31.058,17.1577,87,5.2529,55.54,55.402,9.6551,11.54,22.309,21.75,48.376,9.99,10.84,0.966405,0.367761,8.7,2200,5750,0,9.16026,15.25,5914.77,5.29142,42.86,5.554,5.554,0,0,0,9.493,18.06,3200,38.5131,1.195,41.1657,1.39,52.0251,1.1,-2
2026-09-07T08:33:56.262911+00:00,1.66096,680.46,108,23.9,76.1,0,5891.4,3.7609,54.55,7.339,1440.07,18.46,24.87,299.515,9.231,5.744,1.39,53.69,46.31,0,5902.2,6.5936,54.65,12.4655,2639.96,41.54,51.74,718.392,10.77,13.97,1.395,9.534,87.88,2.585,5026.09,2.5467,46.5379,5.89399,489.706,6.154,9.714,135.437,4.615,2.641,1.395,46.39,53.61,0,5902.2,7.1171,54.65,13.7994,967.849,10.77,18.79,1951.18,30.77,38.25,1.395,7.431,87.36,5.21,5026.09,2.2743,46.5379,4.6569,376.381,7.692,7.457,128.614,3.077,2.495,1.395,13.21,85.86,0.928,5902.2,2.8657,54.65,5.31802,692.136,12.31,13.85,159.112,6.154,3.106,1.395,6.832,93.17,0,5902.2,2.3642,54.65,3.63133,344.597,3.077,6.704,153.982,1.538,2.849,1.395,5.117,94.88,0,5902.2,2.1941,54.65,1.97269,157.203,3.077,2.89,233.226,3.077,4.28,1.395,17.375,24.837,34.423,19.322,113.5,5.2493,59.089,59.188,9.6529,11.537,24.899,22.625,51.734,10.77,13.08,1.22903,0.436014,11.35,2200,5750,0,9.23718,15.5,5906.55,5.92428,41.54,5.909,5.909,0,0,0,10.6,20.34,3200,38.4667,1.195,41.1738,1.387,52.0397,1.1,-2
2026-09-07T08:33:57.281666+00:00,1.45624,587.044,108,21.63,78.37,0,5907.6,3.5648,54.7,6.79438,1289.01,17.19,22.51,213.973,1.562,4.083,1.39,48,52,0,5913,5.9879,54.75,10.9196,1467.56,31.25,28.61,1525.72,23.44,29.83,1.385,8.387,88.8,2.813,5913,2.4158,54.75,5.41111,426.388,6.25,8.344,104.499,1.562,2.032,1.385,42.13,57.87,0,5913,6.0476,54.75,11.2234,1022.9,12.5,19.84,1635.67,26.56,31.99,1.385,5.261,86.65,8.093,5913,1.9659,54.75,3.99147,254.094,3.125,4.975,90.9269,1.562,1.765,1.385,11.07,88.38,0.547,5913,2.618,54.75,4.48997,566.283,4.688,11.07,132.965,1.562,2.596,1.385,5.523,94.48,0,5913,2.1769,54.75,3.1092,260.117,3.125,4.922,127.628,1.562,2.302,1.385,3.614,96.39,0,5913,1.9879,54.75,1.50138,147.616,1.562,2.753,127.352,1.562,2.285,1.385,17.375,22.612,31.302,17.846,86.5,5.2488,55.843,55.78,9.6685,11.556,22.574,22.625,48.631,8.691,11.24,0.993855,0.391822,8.65,2200,5750,0,9.0641,14.75,5908.56,5.40471,31.25,5.584,5.584,0,0,0,9.606,18.79,3200,38.5125,1.195,41.2257,1.386,52.0201,1.1,-1.9375
2026-09-07T08:33:58.301469+00:00,1.15094,462.828,108,18.11,81.89,0,5907.6,3.3209,54.7,5.99678,1080.51,20.31,19.05,160.616,4.688,3.043,1.395,41.52,58.48,0,5907.6,5.1177,54.7,8.27666,1970.01,35.94,38.52,601.994,10.94,11.7,1.395,5.567,84.3,10.13,5030.69,1.9954,46.5805,4.37537,254.921,3.125,4.963,106.96,1.562,2.078,1.395,31.31,68.69,0,5907.6,4.7631,54.7,8.03956,1053.74,17.19,20.43,882.638,12.5,17.04,1.395,3.642,79.4,16.96,5896.8,1.6376,54.6,3.10925,159.276,3.125,3.054,92.4337,3.125,1.791,1.39,8.849,88.67,2.484,5896.8,2.3803,54.6,3.36161,452.176,12.5,8.754,107.311,1.562,2.043,1.39,3.636,96.36,0,5896.8,1.9987,54.6,2.50955,163.622,3.125,2.955,111.675,3.125,1.981,1.39,2.45,97.55,0,5896.8,1.8725,54.6,0.87252,108.606,3.125,1.921,98.7479,3.125,1.757,1.39,26,19.732,27.437,16.0588,78,5.1554,51.754,51.764,9.5122,11.369,19.759,21.75,44.477,8.691,8.818,0.603691,0.23147,7.8,2200,5750,0,9.14744,16,5922.3,4.68738,35.94,5.175,5.175,0,0,0,8.408,16.9,3200,38.4167,1.195,41.1488,1.391,52.0446,1.1,-2
2026-09-07T08:33:59.320360+00:00,1.3257,532.335,108,20.5,79.5,0,5875.2,3.5466,54.4,6.57363,1221.06,17.19,21.36,202.767,0,3.835,1.37,43.48,56.52,0,5896.8,5.9353,54.6,10.499,1970.01,34.38,38.53,723.275,10.94,14.11,1.385,6.795,85.71,7.491,5021.49,2.1704,46.4953,4.86525,351.728,3.125,6.9,97.2047,0,1.899,1.385,40.06,59.94,0,5896.8,5.1476,54.6,9.14575,1667.79,23.44,32.56,816.475,14.06,15.97,1.385,4.486,82.05,13.47,5886,1.7573,54.5,3.4965,208.702,3.125,4.096,86.3616,0,1.674,1.38,9.435,86.84,3.721,5886,2.4507,54.5,3.86225,477.976,6.25,9.331,114.594,1.562,2.279,1.38,4.953,95.05,0,5886,2.1256,54.5,2.88425,243.319,3.125,4.617,107.287,0,1.885,1.38,2.86,97.14,0,5886,1.9215,54.5,1.26025,126.437,0,2.339,102.369,0,1.845,1.38,18.375,21.395,29.686,16.9842,78.5,5.2447,54.3,54.477,9.666,11.553,21.412,21.5,47.008,7.324,10.2,1.0592,0.413261,7.85,2200,5750,0,8.98718,15.25,5915.77,5.04513,34.38,5.43,5.43,0,0,0,9.111,17.88,3200,38.41,1.195,41.192,1.389,52.077,1.1,-2
2026-09-07T08:34:00.338065+00:00,1.24058,496.246,108,19.96,80.04,0,5907.6,3.5088,54.7,6.42693,1190.76,28.57,20.43,211.728,3.175,4.039,1.395,34.82,65.18,0,5026.09,5.4443,46.5379,9.67794,1650.63,15.87,32.23,510.328,11.11,9.9,1.39,6.906,86.14,6.954,5026.09,2.1888,46.5379,4.77926,346.787,7.937,6.774,90.817,4.762,1.764,1.39,43.32,56.68,0,5026.09,5.2645,46.5379,9.02736,2294.44,36.51,44.87,350.993,9.524,7.166,1.39,4.566,82.52,12.92,5026.09,1.8308,46.5379,3.50139,204.441,3.175,4.012,92.1718,3.175,1.79,1.39,7.784,89.44,2.781,5026.09,2.3287,46.5379,3.59157,398.13,7.937,7.845,96.5563,1.587,1.882,1.39,3.903,96.1,0,5902.2,2.0397,54.65,2.66717,186.635,4.762,3.527,97.6713,0,1.677,1.39,2.796,97.2,0,5902.2,1.9298,54.65,1.22505,117.285,3.175,2.143,100.558,0,1.799,1.39,17.875,20.719,28.788,16.7143,74,5.2383,53.269,53.135,9.6616,11.548,20.664,21,46.098,8.829,9.491,0.706156,0.294727,7.4,2200,5750,0,8.84615,16,5920.04,4.904,36.51,5.327,5.327,0,0,0,8.793,17.59,3200,38.4478,1.195,41.1317,1.391,52.0547,1.1,-1.9375
2026-09-07T08:34:01.355933+00:00,1.40913,560.472,108,21.88,78.12,0,5783.4,3.6722,53.55,6.74625,1302.51,12.5,22.88,194.758,3.125,3.715,1.345,48.25,51.75,0,5842.8,6.2626,54.1,11.4443,2410.79,37.5,47.2,561.505,7.812,10.91,1.365,6.384,83.06,10.55,5842.8,2.08,54.1,4.74,326.209,3.125,6.372,78.8409,1.562,1.534,1.365,42.98,57.02,0,5842.8,6.1496,54.1,11.3553,2259.48,42.19,44.17,391.49,4.688,7.666,1.365,4.358,78.78,16.86,5021.16,1.7423,46.4922,3.44,223.063,1.562,4.36,65.087,1.562,1.259,1.365,9.403,84.8,5.794,5842.8,2.4038,54.1,4.01025,487.23,6.25,9.509,101.768,3.125,1.978,1.365,4.603,95.4,0,5842.8,2.1025,54.1,2.74825,227.916,1.562,4.372,99.3732,1.562,1.768,1.365,3.059,96.94,0,5842.8,1.9336,54.1,1.23975,132.263,1.562,2.378,105.274,3.125,1.868,1.365,16.875,21.887,30.307,18.8514,84,5.2567,54.947,54.984,9.652,11.536,21.929,23,47.626,8.301,10.75,0.982338,0.347943,8.4,2200,5750,0,9.07051,15.75,5910.06,5.18938,42.19,5.495,5.495,0,0,0,9.331,19.84,3200,38.425,1.195,41.176,1.387,52.065,1.1,-2
2026-09-07T08:34:02.376495+00:00,1.37359,550.365,108,22.78,77.22,0,5907.6,3.683,54.7,7.08858,1354.11,24.62,24.47,190.513,7.692,3.59,1.395,52.05,47.95,0,5896.8,6.0984,54.6,10.8215,2531.47,36.92,49.59,713.715,13.85,13.92,1.39,7.369,86.65,5.976,5896.8,2.2367,54.6,5.21198,393.383,10.77,7.726,70.4469,3.077,1.369,1.39,31.83,68.17,0,5896.8,5.3251,54.6,10.053,1516.36,27.69,29.52,485.155,10.77,9.476,1.39,4.995,85,10,5021.49,1.8785,46.4953,3.9188,235.217,6.154,4.601,84.3347,3.077,1.632,1.39,9.955,87.06,2.983,5896.8,2.4765,54.6,4.11516,514.343,9.231,10.07,110.354,3.077,2.151,1.39,4.811,95.19,0,5896.8,2.1014,54.6,3.06041,230.224,9.231,4.362,109.979,3.077,2.007,1.39,3.569,96.43,0,5896.8,1.9666,54.6,1.44341,154.6,4.615,2.739,111.642,3.077,2.002,1.39,16.875,21.498,29.721,17.632,77,5.2547,54.223,54.252,9.6292,11.509,21.464,22.75,47.01,11.06,10.58,0.921485,0.360666,7.7,2200,5750,0,8.92949,15.75,5907.71,5.34043,36.92,5.422,5.422,0,0,0,9.134,18.56,3200,38.3809,1.195,41.1959,1.385,52.0443,1.1,-1.9375
2026-09-07T08:34:03.394294+00:00,1.32738,527.752,108,22.18,77.82,0,5896.8,3.7303,54.6,6.99633,1320.17,23.44,23.25,193.304,0,3.671,1.39,47.92,52.08,0,5907.6,5.7095,54.7,10.0524,2022.39,25,39.6,906.258,12.5,17.7,1.395,5.851,89.12,5.029,5030.69,2.1314,46.5805,4.8645,298.44,4.762,5.847,76.5274,1.587,1.484,1.395,37.21,62.79,0,5907.6,5.9371,54.7,10.927,2063.87,37.5,40.28,227.004,4.762,4.402,1.395,3.911,83.89,12.2,5030.69,1.7738,46.5805,3.50531,185.293,6.349,3.622,79.2542,1.587,1.532,1.395,9.185,90.32,0.4933,5030.69,2.5637,46.5805,4.2042,470.798,9.524,9.134,106.524,0,2.068,1.395,3.791,96.21,0,5907.6,2.0299,54.7,2.74924,180.571,4.688,3.347,98.8532,0,1.781,1.395,2.696,97.3,0,5907.6,1.9114,54.7,1.25987,111.298,1.562,2.022,103.467,1.562,1.805,1.395,17.375,21.394,29.714,17.1127,95,5.2509,54.289,54.17,9.6194,11.497,21.433,22.25,46.988,8.426,10.1,0.815092,0.303336,9.5,2200,5750,0,9.03205,15.75,5918.19,5.18763,37.5,5.429,5.429,0,0,0,9.12,18.01,3200,38.4109,1.195,41.1619,1.39,52.0759,1.1,-1.9375
2026-09-07T08:34:04.413228+00:00,1.31707,524.214,108,22.14,77.86,0,5907.6,3.7383,54.7,7.04756,1317.97,12.7,23.36,189.616,0,3.586,1.395,46.49,53.51,0,5875.2,6.0706,54.4,10.84,2335.9,34.92,45.73,518.299,9.524,10.06,1.39,6.271,88.52,5.204,5875.2,2.1935,54.4,5.02686,313.802,7.812,6.136,85.8556,1.562,1.678,1.39,36.14,63.86,0,5875.2,5.4627,54.4,10.0939,1913.19,33.33,37.32,311.878,1.562,6.056,1.39,3.851,85.63,10.52,5875.2,1.7845,54.4,3.6245,182.575,1.562,3.568,76.0889,0,1.469,1.39,10.02,89.71,0.2729,5875.2,2.616,54.4,4.28552,509.862,6.25,9.881,118.726,0,2.312,1.39,3.898,96.1,0,5875.2,2.0334,54.4,2.82254,181.829,1.587,3.414,104.654,0,1.896,1.39,2.896,97.1,0,5875.2,1.92,54.4,1.36032,119.529,1.587,2.122,107.649,1.587,1.869,1.39,16,21.008,29.186,17.0533,66.5,5.2512,53.656,53.66,9.6298,11.509,20.972,21.75,46.472,7.124,10.03,0.589192,0.24094,6.65,2200,5750,0,8.94231,15.75,5918.31,5.32555,34.92,5.366,5.366,0,0,0,8.924,17.95,3200,38.4377,1.195,41.1406,1.39,52.1365,1.1,-2
2026-09-07T08:34:05.431099+00:00,1.40099,559.791,108,23.96,76.04,0,5907.6,3.8369,54.7,7.2265,1425.37,12.5,24.42,247.031,1.562,4.665,1.395,48.53,51.47,0,5896.8,5.9584,54.6,10.5459,2468.27,39.06,48.24,501.54,3.125,9.682,1.38,6.64,88.8,4.56,5896.8,2.2768,54.6,5.25775,346.595,3.125,6.742,76.2489,0,1.48,1.38,38.71,61.29,0,5896.8,5.8013,54.6,10.8646,2090.88,32.81,40.73,302.879,3.125,5.764,1.38,4.256,86.34,9.41,5896.8,1.8882,54.6,3.79038,206.692,1.562,4.044,77.0891,0,1.498,1.38,10.82,88.43,0.7419,5896.8,2.6633,54.6,4.485,545.838,4.688,10.54,130.51,1.562,2.546,1.38,4.146,95.85,0,5896.8,2.1075,54.6,2.96375,204.509,1.562,3.866,97.9339,1.562,1.728,1.38,3.034,96.97,0,5896.8,1.9734,54.6,1.4765,128.194,0,2.298,107.078,0,1.875,1.38,17.375,21.898,30.417,17.3133,72,5.2385,54.897,54.885,9.6278,11.506,21.871,21.5,47.686,6.641,10.63,0.795369,0.312139,7.2,2200,5750,0,9.01923,14.75,5916.74,5.34,39.06,5.49,5.49,0,0,0,9.307,18.22,3200,38.44,1.195,41.205,1.39,52.106,1.1,-2
2026-09-07T08:34:07.448454+00:00,1.29993,518.566,108,20.08,79.92,0,5902.2,3.5149,54.65,6.52511,1197.43,18.61,21.21,177.265,2.344,3.374,1.39,45.23,54.77,0,5904.9,5.5185,54.675,9.56117,2111.62,31.77,41.3,672.487,12.38,13.11,1.39,6.296,88.45,5.258,5028.39,2.1944,46.5592,4.85452,314.811,8.594,6.176,85.856,3.125,1.672,1.39,36.82,63.18,0,5028.39,5.5498,46.5592,9.99601,1755.26,24.07,34.21,533.224,10.94,10.42,1.39,4.446,84.01,11.55,5028.39,1.8259,46.5592,3.56275,211.293,3.906,4.15,82.4031,1.562,1.598,1.39,9.791,89.09,1.118,5028.39,2.5267,46.5592,4.07282,500.565,7.031,9.799,113.465,3.906,2.212,1.39,4.106,95.89,0,5904.9,2.0758,54.675,2.79277,209.713,3.101,3.976,87.8516,3.113,1.563,1.39,3.223,96.78,0,5904.9,1.9678,54.675,1.32264,133.639,3.895,2.379,110.182,1.538,1.963,1.39,17.4375,22.639,31.448,17.0066,84,5.2432,56.027,56.021,9.6538,11.539,22.66,21.125,48.754,8.743,9.945,0.706593,0.279183,8.4,2200,5750,0,9,15.5,5918.9,5.03407,31.77,5.603,5.603,0,0,0,9.642,17.9,3200,38.4978,1.195,41.2501,1.39,52.1318,1.1,-1.9375
2026-09-07T08:34:08.216055+00:00,1.63628,715.278,108,25.6,74.4,0,5902.2,3.9268,54.65,7.59081,1517.66,23.81,26.33,387.211,9.375,7.455,1.39,41.49,58.51,0,5902.2,5.9245,54.65,11.045,2241.49,38.1,43.81,515.172,6.349,10.03,1.395,10.95,84.94,4.112,5026.09,2.6337,46.5379,6.12788,557.789,7.812,10.98,194.036,1.562,3.794,1.395,45.65,54.35,0,5902.2,5.797,54.65,10.8374,1569.46,25.4,30.64,1505,25,29.53,1.395,9.424,82.08,8.497,5026.09,2.402,46.5379,5.00451,487.994,7.812,9.615,241.644,3.125,4.726,1.395,14.71,84.12,1.167,5026.09,3.0334,46.5379,5.48109,780.359,14.06,15.33,289.305,6.25,5.663,1.395,9.51,90.49,0,5902.2,2.5352,54.65,3.96343,496.728,4.762,9.579,162.601,4.762,2.994,1.395,6.295,93.7,0,5902.2,2.285,54.65,2.25714,279.002,3.125,5.322,218.995,4.762,4.107,1.395,16,26.455,36.577,17.8456,121.5,5.257,61.297,61.303,9.7084,11.604,26.458,21.375,53.964,11.63,13.74,1.87449,0.5195,12.15,2200,5750,0,8.77564,15.25,5908.05,5.45453,38.1,6.13,6.13,0,0,0,11.26,18.78,3200,38.5451,1.195,41.2906,1.387,52.3788,1.1,-1.9375
2026-09-07T08:34:09.233067+00:00,1.2258,491.558,108,18.9,81.1,0,5907.6,3.3783,54.7,6.08226,1126.82,13.85,19.28,210.864,3.077,3.99,1.395,35.72,64.28,0,5913,5.2417,54.75,9.01099,1881.64,33.85,36.71,332.751,6.154,6.437,1.39,6.184,87.9,5.915,5913,2.1195,54.75,4.53483,313.544,7.692,6.114,81.3475,1.538,1.574,1.39,41.54,58.46,0,5913,5.2407,54.75,8.87624,1687.43,26.15,32.9,855.246,16.92,16.75,1.39,4.292,83.11,12.6,5913,1.8061,54.75,3.34449,210.821,3.077,4.122,74.2982,3.077,1.438,1.39,9.09,89.7,1.209,5913,2.5343,54.75,3.75791,477.021,9.231,9.294,95.3935,3.077,1.851,1.39,3.989,96.01,0,5907.6,2.0473,54.7,2.61512,183.741,3.077,3.466,108.922,1.538,1.954,1.39,2.867,97.13,0,5907.6,1.9199,54.7,1.06349,120.111,3.077,2.109,104.983,1.538,1.864,1.39,21.75,21.297,29.606,16.5099,76,5.2419,54.11,54.218,9.6084,11.485,21.306,20.75,46.857,8.558,9.364,0.668596,0.282241,7.6,2200,5750,0,9.12179,16,5920.95,4.80287,33.85,5.411,5.411,0,0,0,9.067,17.38,3200,38.4536,1.195,41.252,1.392,52.1976,1.1,-1.9375
2026-09-07T08:34:10.250115+00:00,1.256,500.514,108,19.71,80.29,0,5896.8,3.4738,54.6,6.33166,1172.83,15.62,20.04,210.94,4.688,4.03,1.385,40.36,59.64,0,5891.4,5.6246,54.55,9.76784,2007.9,32.81,39.24,473.313,6.25,9.184,1.39,5.516,85.08,9.406,5016.9,2.0159,46.4527,4.49899,262.522,4.688,5.093,90.5187,1.562,1.762,1.39,41.43,58.57,0,5016.9,5.5599,46.4527,9.74611,1538.82,26.56,30.07,990.779,10.94,19.4,1.39,3.8,79.13,17.06,5016.9,1.6428,46.4527,3.21005,179.826,3.125,3.49,75.2658,1.562,1.46,1.39,9.079,89.07,1.856,5016.9,2.4689,46.4527,3.79648,464.827,7.812,9.012,94.7558,3.125,1.843,1.39,3.161,96.84,0,5891.4,1.9578,54.55,2.46269,156.979,1.562,2.891,84.1263,3.125,1.498,1.39,2.544,97.46,0,5891.4,1.8698,54.55,1.00201,107.407,0,1.876,97.4084,3.125,1.704,1.39,22.25,20.725,28.794,16.7847,74.5,5.2426,53.293,53.237,9.6284,11.508,20.714,20.625,46.069,7.91,9.538,0.605305,0.247404,7.45,2200,5750,0,8.87179,15,5920.93,4.94849,32.81,5.329,5.329,0,0,0,8.815,17.67,3200,38.4824,1.195,41.1859,1.391,52.1156,1.1,-1.9375
2026-09-07T08:34:11.268067+00:00,1.40991,567.104,108,23.2,76.8,0,5896.8,3.7903,54.6,7.15719,1378.4,15.62,24.17,231.617,3.125,4.382,1.385,38.8,61.2,0,5902.2,6.0944,54.65,11.3534,2055.13,28.12,39.97,378.039,3.125,7.309,1.39,7.776,87.85,4.371,5026.09,2.3191,46.5379,5.25511,371.168,3.125,7.232,116.516,1.562,2.25,1.39,49.47,50.53,0,5902.2,5.8809,54.65,10.5651,2137.15,29.69,41.85,924.276,7.812,17.78,1.39,4.608,83.11,12.29,5896.8,1.8127,54.6,3.6618,229.206,3.125,4.416,82.9949,0,1.594,1.39,10.61,88.83,0.562,5896.8,2.6207,54.6,4.33483,558.349,10.94,10.79,106.629,1.562,2.06,1.39,3.866,96.13,0,5896.8,2.0266,54.6,2.74875,186.555,3.125,3.503,100.614,3.125,1.784,1.39,2.662,97.34,0,5896.8,1.8839,54.6,1.21432,121.027,0,2.174,95.9924,0,1.685,1.39,21.75,22.159,30.671,17.5716,75.5,5.2416,55.291,55.268,9.6654,11.552,22.191,21.25,47.989,7.129,10.81,0.940268,0.371556,7.55,2200,5750,0,9.20513,16,5911.41,5.27183,29.69,5.529,5.529,0,0,0,9.443,18.5,3200,38.5269,1.195,41.2505,1.386,52.1028,1.1,-1.9375
2026-09-07T08:34:12.286740+00:00,1.45712,581.218,108,24.38,75.62,0,5907.6,3.8295,54.7,7.35147,1449.27,25,24.26,272.225,6.25,5.167,1.395,41.81,58.19,0,5886,6.528,54.5,12.4968,2034.95,34.38,39.72,526.955,7.812,10.18,1.385,6.77,89.53,3.702,5886,2.2642,54.5,5.2434,353.101,6.25,6.795,79.8918,3.125,1.57,1.385,52.16,47.84,0,5886,6.4586,54.5,11.8611,1863.31,29.69,36.34,1317.13,23.44,25.82,1.385,4.301,85.29,10.41,5891.4,1.8462,54.55,3.813,209.582,1.562,4.065,78.8689,1.562,1.543,1.385,9.592,89.39,1.021,5891.4,2.5508,54.55,4.34101,504.071,9.375,9.559,106.77,1.562,2.091,1.385,3.837,96.16,0,5891.4,2.0503,54.55,2.92791,183.697,1.562,3.447,98.0993,1.562,1.742,1.385,2.854,97.15,0,5891.4,1.9371,54.55,1.32806,115.666,1.562,2.071,105.897,1.562,1.84,1.385,25.125,22.157,30.721,18.8185,110,5.2468,55.095,54.994,9.6168,11.494,22.058,22.5,47.987,9.766,11.01,0.71666,0.297106,11,2200,5750,0,9.07692,15.75,5912.6,5.61056,34.38,5.509,5.509,0,0,0,9.386,19.81,3200,38.4681,1.195,41.2888,1.388,52.5468,1.1,-1.9375
2026-09-07T08:34:13.304705+00:00,1.35567,539.962,108,23.11,76.89,0,5907.6,3.7747,54.7,7.165,1372.91,12.5,24.09,221.528,1.562,4.201,1.395,40.18,59.82,0,5907.6,5.9248,54.7,11.0354,1837.65,23.44,35.92,686.954,9.375,13.39,1.395,5.213,89.48,5.309,5907.6,2.0638,54.7,4.89832,264.802,1.562,5.18,71.2423,1.562,1.383,1.395,46.64,53.36,0,5907.6,6.1003,54.7,11.1601,1750.94,25,34.21,1075.52,10.94,21.1,1.395,3.942,85.54,10.52,5035.29,1.78,46.623,3.64017,182.991,1.562,3.599,71.9015,0,1.384,1.39,10.18,89.38,0.4406,5913,2.6063,54.75,4.3735,495.125,9.375,9.724,124.727,0,2.416,1.39,3.818,96.18,0,5913,2.0429,54.75,2.88879,193.503,0,3.576,88.0046,0,1.57,1.39,2.486,97.51,0,5913,1.8952,54.75,1.26542,103.439,0,1.854,98.1491,0,1.715,1.39,17.875,21.975,30.494,17.4846,79,5.2457,55.131,55.268,9.6118,11.488,22.068,22.125,47.753,6.055,10.33,0.829971,0.314942,7.9,2200,5750,0,9.10256,15.75,5916.1,5.39519,25,5.513,5.513,0,0,0,9.391,18.4,3200,38.5135,1.195,41.2969,1.389,52.9278,1.1,-1.9375
2026-09-07T08:34:14.323930+00:00,1.32561,534.517,108,21.02,78.98,0,5896.8,3.6794,54.6,7.02678,1250.9,17.19,21.52,227.983,0,4.301,1.395,48.89,51.11,0,5896.8,6.2202,54.6,11.0893,2517.09,40.62,48.96,549.974,12.5,10.74,1.385,5.781,87.78,6.436,5896.8,2.1434,54.6,4.97623,288.908,3.125,5.605,81.1401,0,1.567,1.385,37.98,62.02,0,5896.8,5.8615,54.6,10.8431,1159.21,20.31,22.38,1172.3,14.06,23.14,1.385,3.67,82.91,13.42,5896.8,1.7187,54.6,3.51727,179.08,3.125,3.452,70.3707,1.562,1.357,1.385,9.152,90.27,0.5809,5896.8,2.5133,54.6,4.15591,462.983,10.94,8.83,119.022,1.562,2.322,1.385,3.474,96.53,0,5896.8,2.004,54.6,2.78566,173.311,6.25,3.238,89.5796,0,1.585,1.385,2.59,97.41,0,5896.8,1.9058,54.6,1.20583,111.896,1.562,1.961,98.5352,0,1.754,1.385,21.25,21.755,30.193,17.4197,110.5,5.2406,54.744,54.754,9.6464,11.529,21.768,21.875,47.486,8.301,10.17,0.653569,0.276656,11.05,2200,5750,0,8.79487,15,5916.94,5.3461,40.62,5.474,5.474,0,0,0,9.263,18.34,3200,38.4555,1.195,41.2953,1.389,52.4384,1.1,-1.9375
2026-09-07T08:34:15.339657+00:00,1.43374,578.307,108,23.64,76.36,0,5907.6,3.9016,54.7,7.53618,1404.49,10.94,23.28,298.423,3.125,5.575,1.385,55.27,44.73,0,5902.2,6.2605,54.65,11.119,2959.35,40.62,57.92,448.241,6.25,8.66,1.385,6.698,89.65,3.655,5902.2,2.28,54.65,5.35966,345.759,4.688,6.632,86.4825,1.587,1.652,1.385,36.3,63.7,0,5902.2,6.0335,54.65,11.5076,846.286,9.375,16.34,1403.63,15.62,27.34,1.385,4.858,86.41,8.737,5902.2,1.9415,54.65,3.9627,221.861,4.688,4.268,98.1871,0,1.874,1.385,10.19,89.74,0.07448,5891.4,2.579,54.55,4.39409,504.384,4.688,9.78,138.878,4.688,2.684,1.39,3.577,96.42,0,5891.4,2.0149,54.55,2.90768,182.608,3.125,3.331,87.265,0,1.508,1.39,2.841,97.16,0,5891.4,1.9379,54.55,1.39895,123.074,1.562,2.121,103.991,0,1.795,1.39,17.875,23.286,32.31,17.5806,71,5.2463,56.906,56.807,9.7101,11.605,23.265,21.75,49.686,6.935,10.92,0.819894,0.323538,7.1,2200,5750,0,9.05769,15.5,5916.29,5.51522,40.62,5.691,5.691,0,0,0,9.9,18.51,3200,38.4521,1.195,41.2894,1.389,52.2685,1.1,-1.9375
2026-09-07T08:34:16.360089+00:00,1.35904,536.283,108,21.4,78.6,0,5902.2,3.5695,54.65,6.73293,1272.5,20.31,22.35,187.785,1.562,3.576,1.39,48.64,51.36,0,5907.6,6.3713,54.7,11.7171,2709.73,35.94,53.33,249.892,4.688,4.818,1.395,6.389,88.05,5.557,5030.69,2.2261,46.5805,5.12538,320.1,9.375,6.258,81.6901,0,1.6,1.395,40.15,59.85,0,5907.6,5.813,54.7,10.7484,1284.96,17.19,25.23,1160.15,17.19,22.62,1.395,4.1,85.69,10.21,5030.69,1.801,46.5805,3.62362,189.077,0,3.722,81.0661,1.538,1.589,1.395,9.045,89.3,1.651,5030.69,2.4481,46.5805,4.06664,424.202,4.688,8.228,145.834,3.125,2.847,1.395,3.536,96.46,0,5907.6,1.986,54.7,2.70934,158.24,3.125,2.986,104.727,0,1.891,1.395,2.65,97.35,0,5907.6,1.8785,54.7,1.2441,107.698,0,1.921,102.873,0,1.822,1.395,22.25,22.26,30.896,17.4846,67,5.2566,55.503,55.583,9.6777,11.567,22.271,21.75,48.246,7.42,10.3,0.67017,0.269507,6.7,2200,5750,0,8.85897,15.25,5917.8,5.36408,35.94,5.55,5.55,0,0,0,9.477,18.4,3200,38.5131,1.195,41.2259,1.389,52.2841,1.1,-1.9375
2026-09-07T08:34:17.379059+00:00,1.45197,579.727,108,24.58,75.42,0,5902.2,3.9077,54.65,7.65328,1459.32,17.19,25.23,252.018,3.175,4.732,1.39,50.95,49.05,0,5907.6,6.8136,54.7,12.702,2692.6,50,52.7,432.55,6.25,8.366,1.395,6.299,88.44,5.258,5030.69,2.1959,46.5805,5.38263,317.123,9.524,6.165,90.174,1.587,1.766,1.395,43.5,56.5,0,5030.69,6.0261,46.5805,11.3021,1991.72,34.38,38.89,678.015,10.94,13.16,1.395,4.213,84.51,11.28,5030.69,1.8332,46.5805,4.00938,200.049,4.762,3.912,83.2724,1.587,1.626,1.395,9.325,88.82,1.855,5030.69,2.5017,46.5805,4.23836,480.98,6.349,9.255,110.474,1.587,2.156,1.395,3.807,96.19,0,5907.6,2.0376,54.7,3.11999,175.468,3.125,3.311,107.295,3.125,1.878,1.395,2.525,97.48,0,5907.6,1.8892,54.7,1.2704,107.115,3.125,1.93,97.4751,1.562,1.733,1.395,18.375,25.766,35.705,18.1328,67,5.2564,60.321,60.247,9.718,11.614,25.74,22.125,53.101,9.891,11.05,0.926679,0.32157,6.7,2200,5750,0,9.08974,15.5,5913.33,5.83521,50,6.032,6.032,0,0,0,10.95,19.09,3200,38.5305,1.195,41.2102,1.387,52.5135,1.1,-1.9375
2026-09-07T08:34:18.397567+00:00,1.38166,558.515,108,22.9,77.1,0,5907.6,3.7727,54.7,7.45116,1360.71,17.46,22.9,264.684,3.125,4.986,1.395,50.57,49.43,0,5896.8,6.3927,54.6,11.4225,2774.35,44.44,54.23,374.273,11.11,7.211,1.39,6.701,91.13,2.168,5896.8,2.2985,54.6,5.49408,347.289,9.375,6.752,79.07,7.812,1.542,1.39,37.96,62.04,0,5896.8,5.7793,54.6,10.7346,1906.76,30.16,37.2,457.042,7.937,8.771,1.39,4.065,89.39,6.541,5021.49,1.9348,46.4953,4.17057,195.469,7.812,3.808,76.3405,3.125,1.479,1.39,9.348,90.52,0.133,5896.8,2.5673,54.6,4.22633,498.328,10.94,9.621,99.639,3.125,1.939,1.39,4.07,95.93,0,5896.8,2.0813,54.6,3.20368,183.467,7.937,3.463,113.2,4.762,1.965,1.39,2.556,97.44,0,5896.8,1.9275,54.6,1.28537,111.397,4.762,1.959,94.2364,4.762,1.669,1.39,22.25,28.438,39.476,17.2006,69.5,5.2593,64.082,63.994,9.7077,11.603,28.417,21.75,56.865,11.17,10.59,0.721175,0.273607,6.95,2200,5750,0,9,15.5,5917.58,5.73439,44.44,6.408,6.408,0,0,0,12.09,18.11,3200,38.5569,1.195,41.2608,1.389,52.712,1.1,-1.9375
2026-09-07T08:34:19.414739+00:00,1.44609,579.635,108,24.89,75.11,0,5902.2,4.0064,54.65,7.7948,1477.98,20,25.15,284.187,6.154,5.355,1.385,48.43,51.57,0,5907.6,6.1007,54.7,11.2135,1521.63,24.62,29.69,1477.88,24.62,28.92,1.395,6.817,89.69,3.492,5030.69,2.2803,46.5805,5.51114,339.439,3.077,6.586,92.2606,1.538,1.805,1.395,41.95,58.05,0,5030.69,6.244,46.5805,11.7902,1843.38,30.77,35.95,723.387,12.31,14.06,1.395,4.324,87.55,8.125,5030.69,1.9197,46.5805,4.08193,218.386,3.077,4.235,69.3812,1.538,1.351,1.395,11.58,88.18,0.2426,5030.69,2.7527,46.5805,4.8651,604.619,10.77,11.66,119.208,0,2.329,1.395,3.828,96.17,0,5907.6,2.0747,54.7,3.113,195.166,3.077,3.61,87.0565,1.538,1.51,1.395,2.796,97.2,0,5907.6,1.9609,54.7,1.538,114.041,0,2.041,106.169,3.077,1.85,1.395,21.75,26.092,36.201,17.656,103,5.2571,60.811,60.691,9.679,11.568,26.095,21.625,53.552,9.135,11.01,0.898061,0.367056,10.3,2200,5750,0,9.17308,16,5915.16,5.66906,30.77,6.081,6.081,0,0,0,11.1,18.59,3200,38.5228,1.195,41.2673,1.389,52.2951,1.1,-1.9375
2026-09-07T08:34:20.431990+00:00,1.45951,580.258,108,24.84,75.16,0,5907.6,3.914,54.7,7.5615,1475.6,21.88,25.61,248.45,9.375,4.694,1.39,46.87,53.13,0,5902.2,6.1769,54.65,11.4142,2427.21,37.5,47.42,449.537,10.94,8.669,1.39,7.195,90.08,2.728,5902.2,2.385,54.65,5.5373,356.045,9.375,6.869,99.5811,6.25,1.936,1.39,44.22,55.78,0,5902.2,6.2793,54.65,11.8827,1684.12,25,32.86,1007.93,14.06,19.66,1.39,4.432,87.8,7.763,5902.2,1.948,54.65,4.04753,212.084,7.812,4.106,82.0154,3.125,1.587,1.39,11.67,87.97,0.3604,5902.2,2.7685,54.65,4.88248,606.831,12.5,11.6,121.574,4.688,2.364,1.39,3.649,96.35,0,5902.2,2.0685,54.65,3.0373,184.556,4.688,3.417,88.6273,3.125,1.561,1.39,3.078,96.92,0,5902.2,1.9887,54.65,1.65644,124.116,4.688,2.18,115.855,4.688,2.052,1.39,18.375,23.496,32.61,17.7494,105,5.2562,57.203,57.403,9.6482,11.531,23.508,21.625,49.923,11.23,11.04,0.937397,0.345974,10.5,2200,5750,0,8.96154,15.75,5915.74,5.6003,37.5,5.72,5.72,0,0,0,10,18.68,3200,38.5519,1.195,41.2924,1.39,52.5,1.1,-1.9375
2026-09-07T08:34:21.451665+00:00,2.38853,942.61,108,33.09,66.91,0,5778,4.5625,53.5,9.1777,1950.27,33.33,32.95,397.104,7.937,7.482,1.365,55.75,44.25,0,5788.8,6.7163,53.6,12.9249,2758.73,39.68,53.97,736.701,19.05,14.21,1.355,13.66,85.12,1.218,5788.8,2.961,53.6,7.25645,655.455,11.11,12.58,195.488,4.762,3.825,1.355,50.97,49.03,0,5788.8,6.6656,53.6,13.5023,2324.23,47.62,45.32,834.917,12.7,15.97,1.355,8.748,88.29,2.957,5788.8,2.4717,53.6,5.63713,421.746,9.524,8.133,133.372,4.762,2.6,1.355,19.09,80.56,0.3515,5788.8,3.4619,53.6,8.37045,1017.69,22.22,19.63,165.684,3.175,3.219,1.355,7.456,92.54,0,5788.8,2.4655,53.6,4.39244,338.299,7.937,6.352,163.432,4.762,3.09,1.355,50.08,49.92,0,5788.8,7.4049,53.6,12.8113,383.636,7.937,7.383,2605.01,44.44,50.9,1.355,25.5,29.821,41.077,20.8996,77.5,5.2689,65.969,65.814,9.8286,11.747,29.744,23.5,58.62,17.56,17.98,3.08396,1.77448,7.75,2200,5750,0,9.26282,15.5,5859.18,6.35971,47.62,6.597,6.597,0,0,0,12.66,22,3200,38.7118,1.195,41.3003,1.378,52.7614,1.1,-1.9375
2026-09-07T08:34:22.216222+00:00,2.50609,990.05,108,38.53,61.47,0,5880.6,5.3253,54.45,10.9285,2266.09,29.23,38.04,497.488,12.31,9.252,1.39,58.69,41.31,0,5891.4,7.0583,54.55,13.8339,2477.31,38.46,48.06,1144.52,20,22.12,1.39,16.32,81.89,1.789,5891.4,3.2352,54.55,8.3073,832.688,15.38,15.99,175.721,1.538,3.413,1.39,54.65,45.35,0,5891.4,6.6378,54.55,13.7877,2185.05,32.31,42.31,1192.32,12.31,23.07,1.39,12.59,84.46,2.951,5891.4,2.969,54.55,6.91733,651.846,13.85,12.54,145.11,7.692,2.811,1.39,23.5,76.33,0.1703,5891.4,4.0695,54.55,9.41238,1239.56,23.08,23.76,200.247,6.154,3.887,1.39,9.594,90.41,0,5891.4,2.802,54.55,5.35396,462.774,9.231,8.668,173.156,4.615,3.211,1.39,36.73,63.27,0,5891.4,6.0604,54.55,10.8094,162.59,3.077,2.92,2034.33,32.31,39.84,1.39,19.375,31.123,42.941,20.2174,81.5,5.2787,68.066,68.112,9.8255,11.744,31.193,23.75,60.491,16.35,18.74,3.42407,1.83407,8.15,2200,5750,0,9.46154,16,5866.5,6.84356,38.46,6.807,6.807,0,0,0,13.27,21.28,3200,38.7723,1.195,41.3149,1.382,52.7951,1.1,-1.9375
2026-09-07T08:34:23.233849+00:00,2.10937,840.661,108,33.91,66.09,0,5902.2,4.8926,54.65,10.1898,2003.26,18.75,33.98,379.003,7.812,7.17,1.39,54.37,45.63,0,5896.8,7.0279,54.6,13.8995,2448.53,37.5,47.96,999.787,9.375,19.26,1.39,14.64,84.55,0.8081,5021.49,3.2196,46.4953,8.08492,756.645,10.94,14.52,143.509,0,2.748,1.39,52.88,47.12,0,5896.8,6.7614,54.6,13.8535,2292.58,32.81,44.75,970.085,10.94,18.61,1.39,9.286,89.58,1.132,5021.49,2.6804,46.4953,6.20742,483.044,9.375,9.247,104.141,3.125,1.987,1.39,19.75,80.04,0.214,5021.49,3.6596,46.4953,7.86949,1069.66,14.06,20.54,140.992,0,2.702,1.39,6.893,93.11,0,5896.8,2.462,54.6,4.5397,333.002,7.812,6.23,135.762,4.688,2.456,1.39,19.21,80.79,0,5896.8,4.0226,54.6,6.35884,159.181,0,2.895,1031.39,14.06,19.95,1.39,24.625,28.655,39.653,19.6691,77,5.2691,64.406,64.415,9.7052,11.6,28.657,24.375,57.049,11.33,15.94,2.04011,1.00772,7.7,2200,5750,0,9.12179,15.75,5889.12,6.70729,37.5,6.441,6.441,0,0,0,12.19,20.7,3200,38.6904,1.195,41.3737,1.386,52.8186,1.1,-1.9375
2026-09-07T08:34:24.251004+00:00,1.99157,801.217,108,34.18,65.82,0,5875.2,4.8702,54.4,9.90299,2023.69,26.56,33.56,435.739,4.688,8.188,1.38,57.77,42.23,0,5886,7.1478,54.5,13.6806,2573.41,32.81,50.14,1053.19,12.5,20.34,1.385,12.99,86.7,0.3097,5886,3.0981,54.5,7.69105,683.352,10.94,12.93,125.859,1.562,2.44,1.385,49.88,50.12,0,5886,6.6474,54.5,13.3065,2201.66,42.19,42.8,872.654,6.25,16.67,1.385,9.493,89.45,1.053,5886,2.7646,54.5,6.15697,493.719,3.125,9.41,109.255,1.562,2.12,1.385,18.45,81.55,0,5886,3.5762,54.5,7.01766,1002.41,17.19,18.93,151.211,3.125,2.927,1.385,7.231,92.77,0,5886,2.5557,54.5,4.58296,370.028,1.562,6.894,122.198,1.562,2.162,1.385,9.165,90.83,0,5886,2.7712,54.5,3.66629,145.83,1.562,2.664,455.257,6.25,8.679,1.385,19.375,26.821,37.217,18.0496,88.5,5.2609,61.881,61.894,9.7047,11.599,26.779,23.625,54.603,10.84,15.05,1.80683,0.776577,8.85,2200,5750,0,9.01923,15.75,5904.5,6.65958,42.19,6.188,6.188,0,0,0,11.4,19,3200,38.7224,1.195,41.2836,1.389,52.7652,1.1,-1.9375
2026-09-07T08:34:25.268580+00:00,1.82776,731.153,108,30.79,69.21,0,5886,4.6853,54.5,9.49611,1824.9,23.44,30.96,358.84,6.25,6.644,1.39,43.86,56.14,0,5869.8,6.2693,54.35,12.0715,1815.1,21.88,34.95,926.75,17.19,17.79,1.385,12.42,86.04,1.54,5869.8,2.993,54.35,7.36873,638.819,6.25,12.22,127.664,4.688,2.457,1.385,54.65,45.35,0,5869.8,6.5396,54.35,12.5549,2379.73,31.25,46.23,988.556,12.5,18.95,1.385,9.406,87.9,2.697,5869.8,2.6224,54.35,5.81469,463.63,6.25,8.895,137.176,3.125,2.54,1.385,17.82,81.92,0.2598,5869.8,3.4679,54.35,6.68919,946.6,14.06,17.95,153.297,1.562,2.939,1.385,7.181,92.82,0,5869.8,2.5047,54.35,4.36698,349.524,6.25,6.439,135.928,1.562,2.455,1.385,6.645,93.35,0,5869.8,2.4993,54.35,3.14794,138.498,1.562,2.45,313.436,4.688,5.886,1.385,24.125,25.528,35.435,17.4282,79.5,5.2587,60.087,60.166,9.676,11.565,25.536,22.875,52.784,10.16,13.73,1.29368,0.589625,7.95,2200,5750,0,9.47436,15.75,5907.38,6.31444,31.25,6.009,6.009,0,0,0,10.87,18.35,3200,38.677,1.195,41.2407,1.39,52.7693,1.1,-1.875
2026-09-07T08:34:26.285586+00:00,1.79167,718.111,108,32.11,67.89,0,5902.2,4.8651,54.65,9.9516,1900.87,21.88,32.94,361.649,4.688,6.782,1.385,49.62,50.38,0,5907.6,6.2083,54.7,11.7869,2274.5,31.25,44.55,801.644,10.94,15.37,1.395,12.84,86.02,1.141,5030.69,3.0242,46.5805,7.54037,651.154,14.06,12.44,152.202,3.125,2.909,1.395,46.09,53.91,0,5907.6,6.1791,54.7,12.1736,1450.05,26.56,28.3,1394.31,21.88,26.99,1.395,9.254,87.86,2.885,5030.69,2.5648,46.5805,5.79802,468.078,6.25,8.944,121.35,0,2.411,1.395,18.8,80.47,0.7309,5030.69,3.5567,46.5805,6.74511,1001.58,14.06,19.24,162.896,0,3.111,1.395,6.582,93.42,0,5907.6,2.417,54.7,4.24636,319.249,1.562,5.933,132.904,1.562,2.259,1.395,3.872,96.13,0,5907.6,2.143,54.7,2.4323,155.376,1.562,2.808,141.956,1.562,2.496,1.395,22.25,25.184,34.909,17.4498,90,5.2511,59.632,59.694,9.6675,11.554,25.255,22.375,52.239,10.06,13.59,1.23098,0.635934,9,2200,5750,0,9.16026,15.75,5907.54,6.28385,31.25,5.963,5.963,0,0,0,10.75,18.37,3200,38.6881,1.195,41.342,1.388,52.3962,1.1,-1.9375
2026-09-07T08:34:27.304008+00:00,2.00279,805.552,108,31.74,68.26,0,5886,4.7282,54.5,9.80073,1877.15,31.25,31.48,412.676,7.812,7.633,1.385,57.32,42.68,0,5880.6,7.8246,54.45,15.5689,2243.94,35.94,43.47,1371.87,10.94,26.48,1.38,13.64,83.95,2.405,5007.7,3.0412,46.3676,7.57918,711.522,17.19,13.51,140.016,1.587,2.576,1.38,53.04,46.96,0,5880.6,6.4663,54.45,13.2738,1231.42,18.75,23.59,2034.19,28.12,39.41,1.38,9.081,87.18,3.735,5007.7,2.4867,46.3676,5.77178,470.542,9.375,8.909,106.456,1.587,1.927,1.38,19.95,79.65,0.3996,5880.6,3.5945,54.45,7.13557,1054.62,18.75,20.11,181.566,1.587,3.394,1.38,8.171,91.83,0,5880.6,2.5413,54.45,4.56495,388.592,1.562,7.099,166.173,0,2.926,1.38,7.338,92.66,0,5880.6,2.4722,54.45,3.2578,190.178,1.562,3.362,307.914,3.125,5.651,1.38,22.625,26.984,37.311,19.7198,82.5,5.2618,61.839,61.763,9.6745,11.563,26.892,23.75,54.662,11.82,15.1,1.5077,0.607447,8.25,2200,5750,0,9.11538,15.5,5896.2,6.70468,35.94,6.184,6.184,0,0,0,11.44,20.76,3200,38.6878,1.195,41.2618,1.384,52.281,1.1,-1.9375
2026-09-07T08:34:28.323032+00:00,1.9173,767.599,108,33.28,66.72,0,5902.2,4.7938,54.65,9.80652,1968.06,23.44,32.81,422.201,4.688,7.908,1.39,51.69,48.31,0,5896.8,7.1192,54.6,14.3135,2537.14,39.06,49.49,696.115,6.25,13.13,1.38,11.51,87.91,0.5796,5886,2.8431,54.5,7.17029,599.435,10.94,11.46,110.623,0,2.153,1.385,57.31,42.69,0,5886,7.0116,54.5,14.1275,2004.42,25,38.92,1510.53,32.81,29.37,1.385,8.343,89.59,2.064,5012.3,2.4527,46.4102,5.52184,436.78,6.25,8.363,88.5894,0,1.723,1.385,18.52,81.42,0.06168,5886,3.5046,54.5,7.04035,983.126,15.62,18.79,153.644,1.538,2.951,1.385,7.309,92.69,0,5886,2.4597,54.5,4.30096,370.545,4.688,6.995,118.366,0,2.122,1.385,3.768,96.23,0,5886,2.0994,54.5,2.52382,135.981,0,2.487,146.046,0,2.571,1.385,23.625,26.076,36.009,19.1655,82,5.2639,60.736,60.726,9.7039,11.598,26.106,24.125,53.398,10.64,14.45,1.36583,0.559858,8.2,2200,5750,0,9.16667,15.5,5895.68,6.54874,39.06,6.074,6.074,0,0,0,11.11,20.17,3200,38.7177,1.195,41.2655,1.383,52.3564,1.1,-1.875
2026-09-07T08:34:29.340784+00:00,2.4731,1036.82,108,39.52,60.48,0,5891.4,5.174,54.55,11.0084,2329.73,28.12,40.99,577.735,6.25,10.99,1.39,63.75,36.25,0,5896.8,8.643,54.6,18.3004,3227.9,43.75,63.04,978.189,15.62,19.08,1.395,17.59,82.41,0,5021.49,3.428,46.4953,8.90214,922.966,9.375,17.68,211.354,1.562,4.1,1.395,62.93,37.07,0,5896.8,7.6653,54.6,16.6637,2324.69,48.44,45.4,1762.78,25,34.18,1.395,13.91,85.99,0.09932,5021.49,3.0727,46.4953,7.31394,731.578,14.06,14.11,171.524,0,3.335,1.395,26,74,0,5896.8,4.2101,54.6,9.15528,1437.44,17.19,27.63,262.742,3.125,5.137,1.395,12.04,87.96,0,5896.8,2.8652,54.6,5.55477,626.77,12.5,11.9,193.503,4.688,3.623,1.395,11.57,88.43,0,5896.8,2.8581,54.6,4.46432,351.947,6.25,6.717,478.288,9.375,9.163,1.395,23.625,31.009,42.722,22.2297,118,5.2786,67.641,67.56,9.7656,11.672,31.031,25.625,60.201,15.33,19.82,2.96218,0.825168,11.8,2200,5750,0,9.14103,16.25,5885.76,7.54987,48.44,6.764,6.764,0,0,0,13.2,23.4,3200,38.8,1.195,41.3769,1.381,52.3307,1.1,-1.875
2026-09-07T08:34:30.359694+00:00,1.82849,729.773,108,33.1,66.9,0,5891.4,4.8367,54.55,10.0071,1960.36,25,33.97,316.891,3.175,5.941,1.39,52.96,47.04,0,5902.2,6.5716,54.65,12.7533,2572.35,35.94,50.24,759.878,15.62,14.6,1.39,11.81,87.41,0.781,5026.09,2.9867,46.5379,7.57034,612.257,11.11,11.69,118.665,1.587,2.294,1.39,47.95,52.05,0,5026.09,6.7041,46.5379,13.4599,1043.71,10.94,20.08,1910.4,34.92,37.22,1.39,8.178,89.67,2.156,5026.09,2.5439,46.5379,5.86898,418.83,4.762,8.026,94.3625,1.587,1.823,1.39,17.94,81.99,0.06552,5026.09,3.4318,46.5379,6.64155,998.814,9.524,19.13,108.258,3.175,2.089,1.39,7.131,92.87,0,5902.2,2.5085,54.65,4.51818,363.383,6.25,6.845,115.616,3.125,2.056,1.39,3.787,96.21,0,5902.2,2.1598,54.65,2.46678,151.302,3.125,2.702,131.304,1.562,2.363,1.39,20.25,26.14,36.271,18.1718,82.5,5.2608,60.947,61.067,9.683,11.573,26.162,24.75,53.63,10.71,13.82,1.22147,0.49511,8.25,2200,5750,0,9.13462,15.75,5906.1,6.60582,35.94,6.095,6.095,0,0,0,11.13,19.13,3200,38.7513,1.195,41.2949,1.389,52.2317,1.1,-1.875
2026-09-07T08:34:31.377237+00:00,1.82126,725.223,108,31.16,68.84,0,5896.8,4.7365,54.6,9.74195,1846.54,20.31,31.68,338.624,6.25,6.302,1.39,50.18,49.82,0,5891.4,6.647,54.55,12.8281,2222.24,37.5,43.28,909.197,17.19,17.46,1.39,12.44,86.94,0.6211,5891.4,3.0781,54.55,7.52905,674.098,13.85,12.87,92.9858,1.562,1.794,1.39,51.84,48.16,0,5891.4,6.4683,54.55,12.6563,1940.4,26.56,37.73,1238.26,13.85,23.92,1.39,7.953,89.95,2.101,5016.9,2.5275,46.4527,5.70473,415.236,12.5,7.908,82.207,1.562,1.585,1.39,17.3,82.7,0.004145,5891.4,3.4873,54.55,6.6211,944.075,13.85,17.97,115.549,1.562,2.228,1.39,7.689,92.31,0,5891.4,2.5274,54.55,4.4292,386.517,6.349,7.202,129.398,3.125,2.319,1.39,3.565,96.44,0,5891.4,2.1427,54.55,2.38192,132.463,1.562,2.403,135.786,1.587,2.41,1.39,20.75,25.9,35.961,17.8092,79,5.2513,60.525,60.394,9.703,11.596,25.84,23.875,53.334,11.2,13.69,1.13882,0.448411,7.9,2200,5750,0,9.27564,16.25,5907.53,6.44253,37.5,6.053,6.053,0,0,0,11,18.75,3200,38.66,1.195,41.3169,1.39,52.1911,1.1,-1.875
2026-09-07T08:34:32.395255+00:00,1.82751,726.255,108,29.94,70.06,0,5891.4,4.4979,54.55,9.25817,1774.69,23.44,29.96,310.421,3.077,5.84,1.385,58.58,41.42,0,5902.2,6.771,54.65,12.9399,2866.4,34.38,55.8,768.551,15.62,14.75,1.39,11.48,87.98,0.5434,5026.09,2.9196,46.5379,7.30668,608.524,18.75,11.58,97.6122,1.538,1.891,1.39,46.51,53.49,0,5902.2,6.7302,54.65,13.604,857.302,14.06,16.41,1989.33,35.94,38.76,1.39,7.85,90.8,1.352,5026.09,2.5174,46.5379,5.69381,388.709,4.615,7.403,109.106,3.077,2.118,1.39,18.3,81.6,0.1013,5886,3.4776,54.5,6.66399,975.277,18.75,18.31,155.482,3.077,2.946,1.385,6.583,93.42,0,5886,2.4343,54.5,4.30941,336.582,7.692,6.284,113.379,1.562,1.88,1.385,3.515,96.48,0,5886,2.1382,54.5,2.35953,136.392,1.562,2.461,132.327,3.077,2.329,1.385,19.75,25.438,35.278,18.5729,78.5,5.2538,60.002,60.192,9.6703,11.558,25.511,23.5,52.616,11.89,13.67,1.19921,0.446147,7.85,2200,5750,0,8.96795,15.75,5906.12,6.53614,35.94,6,6,0,0,0,10.86,19.55,3200,38.6634,1.195,41.2871,1.388,52.3228,1.1,-1.875
2026-09-07T08:34:33.414793+00:00,1.9285,761.259,108,31.32,68.68,0,5875.2,4.5051,54.4,9.25804,1860.25,29.69,32,308.522,4.688,5.77,1.385,61.46,38.54,0,5886,6.97,54.5,13.5943,2910.85,48.44,57.11,834.373,9.375,15.94,1.385,11.6,86.55,1.851,5012.3,2.8904,46.4102,7.25176,619.348,9.375,11.78,103.229,1.562,1.98,1.385,51.97,48.03,0,5012.3,7.6045,46.4102,15.427,1995.99,32.81,38.64,1213.24,14.06,23.41,1.385,8.092,88.46,3.447,5012.3,2.4823,46.4102,5.66206,407.005,4.688,7.749,110.783,1.562,2.133,1.385,17.61,82.16,0.2322,5012.3,3.3846,46.4102,6.84585,936.887,17.19,18.14,125.128,1.562,2.474,1.385,6.488,93.51,0,5886,2.3871,54.5,4.21897,332.805,1.562,6.261,108.257,3.125,1.963,1.385,4.303,95.7,0,5886,2.1841,54.5,2.47362,171.569,1.562,3.166,141.918,1.562,2.465,1.385,21.25,26.883,37.236,20.1516,107.5,5.2583,61.829,61.568,9.6588,11.544,26.862,24.5,54.564,11.43,14.44,1.36404,0.497919,10.75,2200,5750,0,9.23077,15.5,5902.09,6.66595,48.44,6.183,6.183,0,0,0,11.43,21.21,3200,38.6935,1.195,41.393,1.387,52.2322,1.1,-1.875
2026-09-07T08:34:34.432330+00:00,1.72518,690.466,108,27.88,72.12,0,5902.2,4.3197,54.65,8.87274,1654.59,26.98,27.91,320.996,7.937,6.11,1.39,45.56,54.44,0,5891.4,6.461,54.55,12.3606,2012.57,31.75,39.2,854.599,9.524,16.45,1.39,11.12,87.54,1.338,5891.4,2.8422,54.55,6.99585,569.129,14.29,10.93,119.065,4.762,2.317,1.39,53.83,46.17,0,5891.4,6.1446,54.55,11.6368,1750.82,26.98,34.09,1558.6,23.81,30.37,1.39,8.013,89.3,2.682,5016.9,2.4537,46.4527,5.47751,415.621,11.11,7.986,89.1346,1.587,1.726,1.39,15.92,83.94,0.142,5891.4,3.2993,54.55,6.05251,876.249,19.05,16.84,101.588,1.587,1.969,1.39,6.503,93.5,0,5891.4,2.4171,54.55,4.21168,346.101,9.524,6.4,99.6202,1.587,1.782,1.39,3.698,96.3,0,5891.4,2.1235,54.55,2.16608,153.434,3.175,2.829,125.342,1.587,2.248,1.39,21.25,24.583,34.131,17.8635,82,5.256,58.702,58.876,9.6545,11.539,24.559,23.625,51.452,12.2,13.07,1.24614,0.432761,8.2,2200,5750,0,9.03846,16,5909.03,6.34698,31.75,5.87,5.87,0,0,0,10.45,18.8,3200,38.6432,1.195,41.2513,1.39,52.3216,1.1,-1.875
2026-09-07T08:34:35.449383+00:00,1.80704,717.016,108,31.41,68.59,0,5902.2,4.6711,54.65,9.48713,1860.65,21.88,32.3,320.047,0,5.984,1.39,46.17,53.83,0,5891.4,6.9394,54.55,13.6051,2072.01,29.69,40.37,803.155,12.5,15.41,1.385,11.34,87.11,1.554,5016.9,2.8449,46.4527,7.03763,593.883,6.25,11.41,105.997,3.125,2.055,1.385,57.57,42.43,0,5891.4,6.366,54.55,12.3671,1352.77,15.62,26.24,2156.78,34.38,42.11,1.385,7.472,89.16,3.371,5016.9,2.3999,46.4527,5.38463,390.583,3.125,7.483,79.5969,0,1.542,1.385,16.71,83.05,0.2327,5891.4,3.3819,54.55,6.38688,907.293,10.94,17.35,118,0,2.282,1.385,6.113,93.89,0,5891.4,2.3694,54.55,4.06038,306.512,3.125,5.763,115.608,1.562,2.058,1.385,3.91,96.09,0,5891.4,2.1407,54.55,2.356,154.992,1.562,2.847,134.382,3.125,2.359,1.385,20.25,25.806,35.786,18.4296,75,5.2479,60.345,60.243,9.6763,11.566,25.767,23.625,53.124,9.18,13.6,1.1473,0.437766,7.5,2200,5750,0,9.05769,15.75,5907.54,6.36625,34.38,6.035,6.035,0,0,0,10.96,19.4,3200,38.699,1.195,41.33,1.388,52.348,1.1,-1.875
2026-09-07T08:34:36.214831+00:00,1.82508,722.143,108,31.07,68.93,0,5886,4.6333,54.5,9.41584,1840.41,15.38,31.51,305.866,1.538,5.796,1.385,60.88,39.12,0,5891.4,7.0899,54.55,13.5902,2953.72,41.54,57.42,783.373,10.77,15.17,1.39,10.67,88.58,0.747,5891.4,2.7678,54.55,6.85198,559.687,13.85,10.67,99.7755,1.538,1.931,1.39,45.43,54.57,0,5891.4,6.9242,54.55,14.1842,1958.82,23.08,38.02,827.859,7.692,15.96,1.39,7.792,90.3,1.906,5016.9,2.4363,46.4527,5.37896,407.693,6.154,7.815,87.9986,0,1.705,1.39,16.93,82.84,0.2244,5891.4,3.3465,54.55,6.5229,905.82,15.38,17.32,128.617,1.538,2.469,1.39,6.163,93.84,0,5891.4,2.338,54.55,4.01757,313.137,3.077,5.877,110.452,1.538,1.981,1.39,3.564,96.44,0,5891.4,2.0657,54.55,2.19889,148.363,1.538,2.697,122.706,0,2.162,1.39,21.75,26.013,36.019,19.4032,77.5,5.2584,60.732,60.772,9.6587,11.543,26.089,24.375,53.347,9.038,13.66,1.15456,0.445368,7.75,2200,5750,0,8.96154,15.25,5903.14,6.4229,41.54,6.073,6.073,0,0,0,11.1,20.42,3200,38.6901,1.195,41.2772,1.386,52.5168,1.1,-1.875
2026-09-07T08:34:37.232932+00:00,1.76819,704.258,108,31.29,68.71,0,5886,4.5979,54.5,9.41801,1854.52,20.31,33.36,234.773,7.937,4.422,1.38,55.27,44.73,0,5896.8,6.4492,54.6,12.3199,2538.37,42.19,50.09,969.162,12.5,18.65,1.385,11.16,87.58,1.259,5021.49,2.8327,46.4953,7.02213,591.284,15.62,11.27,96.9857,1.587,1.886,1.385,44.27,55.73,0,5021.49,6.628,46.4953,13.146,1848.52,28.12,36.09,891.021,12.5,17.12,1.385,7.548,89.93,2.52,5021.49,2.4136,46.4953,5.45837,380.052,12.5,7.258,100.034,1.587,1.946,1.385,16.22,83.59,0.1871,5021.49,3.2506,46.4953,6.11997,894.846,15.62,17.1,97.2309,3.175,1.908,1.385,7.488,92.51,0,5896.8,2.4779,54.6,4.28974,370.699,3.125,7.006,131.781,1.562,2.304,1.385,3.564,96.44,0,5896.8,2.0748,54.6,2.12865,148.157,3.125,2.717,120.693,1.562,2.167,1.385,19.75,24.889,34.537,17.988,76,5.2591,59.111,59.085,9.6378,11.519,24.882,23.625,51.841,11.44,13.45,1.19911,0.44347,7.6,2200,5750,0,9.23077,16,5906.71,6.37726,42.19,5.911,5.911,0,0,0,10.59,18.93,3200,38.6821,1.195,41.2726,1.389,52.495,1.1,-1.875
2026-09-07T08:34:38.252446+00:00,1.81234,722.551,108,30.53,69.47,0,5848.2,4.5256,54.15,9.13177,1809.44,29.69,31.29,299.972,9.231,5.533,1.38,50.06,49.94,0,5880.6,7.1053,54.45,13.7939,1919.67,36.51,37.32,1213.11,17.19,23.4,1.38,11.31,87.99,0.7064,5880.6,2.8166,54.45,6.9753,593.703,17.19,11.27,108.435,3.125,2.019,1.38,54.08,45.92,0,5880.6,6.5355,54.45,12.6718,1657.03,32.81,32.2,1674.82,30.16,32.6,1.38,8.379,89.27,2.35,5880.6,2.484,54.45,5.47054,408.923,12.7,7.77,121.92,4.688,2.286,1.38,16.38,83.62,0,5880.6,3.2141,54.45,5.96527,868.592,20.31,16.46,135.083,4.615,2.543,1.38,6.766,93.23,0,5869.8,2.4407,54.35,4.17854,353.243,7.812,6.465,111.256,1.562,1.916,1.375,3.743,96.26,0,5869.8,2.1084,54.35,2.10168,159.689,4.688,2.867,125.925,1.562,2.159,1.375,22.25,26.535,36.793,18.2942,73,5.2614,61.362,61.308,9.6901,11.581,26.479,23.375,54.162,14.61,13.63,1.11926,0.418239,7.3,2200,5750,0,9.03846,16,5906.45,6.4076,36.51,6.136,6.136,0,0,0,11.27,19.26,3200,38.5436,1.195,41.2207,1.388,52.6299,1.1,-1.875
2026-09-07T08:34:39.272551+00:00,2.1802,874.479,108,39.45,60.55,0,5875.2,5.7064,54.4,11.7785,2333.13,40.62,39.24,463.639,4.688,8.533,1.385,67.12,32.88,0,5859,7.6273,54.25,15.0345,3203.89,53.85,62.35,915.078,14.06,17.49,1.38,11.45,88.03,0.5225,5859,3.0272,54.25,7.92161,613.212,4.688,11.6,124.814,1.538,2.313,1.38,63.45,36.55,0,5859,8.0303,54.25,16.2021,2498.84,31.25,48.46,1424.32,24.62,27.5,1.38,6.955,88.06,4.984,5859,2.4756,54.25,5.91301,360.935,6.154,6.804,98.9874,1.538,1.811,1.38,19.41,80.59,0,5859,3.7531,54.25,7.51845,1054.06,28.12,19.96,161.497,4.688,3.01,1.38,6.703,93.3,0,5859,2.5757,54.25,4.66289,328.233,4.688,5.888,142.111,3.125,2.594,1.38,3.484,91.3,5.212,5859,2.1359,54.25,2.5076,152.187,1.562,2.79,116.731,4.688,2.042,1.38,26.5,31.733,43.962,19.5565,78,5.272,68.603,68.404,9.7517,11.656,31.642,23.75,61.417,14.37,16.4,1.64428,0.531628,7.8,2200,5750,0,9.55128,16.25,5901.89,7.24003,53.85,6.86,6.86,0,0,0,13.46,20.59,3200,38.7079,1.195,41.2931,1.387,52.5135,1.1,-1.875
2026-09-07T08:34:40.290067+00:00,4.73476,2100.89,108,67.72,32.28,0,5886,8.1017,54.5,19.3321,3952.55,56.25,67.03,1439.99,23.44,27.29,1.39,76.76,23.24,0,5886,9.2944,54.5,20.7222,3382.1,46.88,64.96,2553.41,51.56,49.07,1.395,57.53,40.04,2.425,5012.3,6.9746,46.4102,18.7979,3163.53,45.31,60.6,578.004,9.375,11.02,1.395,76.34,23.66,0,5012.3,9.4579,46.4102,22.3714,3023.31,51.56,58.01,2825.86,37.5,54.51,1.395,53.19,42.27,4.534,5012.3,6.4888,46.4102,16.8558,2912.5,50,55.68,477.934,6.25,9.174,1.395,60.99,37.84,1.177,5012.3,7.2749,46.4102,16.638,3236.61,50,61.99,896.264,15.62,17.07,1.395,47.79,52.21,0,5886,6.0397,54.5,13.4768,2666.5,42.19,50.85,359.593,4.688,6.781,1.395,33.15,66.85,0,5886,4.7655,54.5,9.18413,1375.47,21.88,25.76,770.626,4.688,14.18,1.395,23.125,47.893,65.565,25.2825,95.5,5.3219,90.595,90.992,9.7246,11.624,48.03,26.875,83.042,32.32,39.63,1.55426,0.594286,9.55,2200,5750,0,9.29487,16,5845.12,10.88,56.25,9.059,9.059,0,0,0,20.44,26.61,3200,38.8952,1.195,41.476,1.373,52.3443,1.1,-1.875
2026-09-07T08:34:41.307144+00:00,1.4891,598.205,108,24.18,75.82,0,5869.8,3.9286,54.35,7.97141,1436.16,18.75,23.81,315.129,7.937,5.948,1.37,54.7,45.3,0,5886,7.0323,54.5,13.217,2718.25,47.62,53.25,635.314,14.06,12.34,1.38,7.178,85.79,7.033,5012.3,2.2903,46.4102,5.75063,346.561,7.937,6.738,111.156,1.587,2.147,1.38,39.27,60.73,0,5012.3,6.0688,46.4102,11.919,950.004,14.29,18.46,1472.76,20.63,28.82,1.38,4.489,82.4,13.11,5012.3,1.8632,46.4102,4.32046,216.647,4.762,4.218,83.8738,1.587,1.617,1.38,11.04,86.79,2.176,5012.3,2.6842,46.4102,4.90547,575.587,12.7,11.19,108.877,1.587,2.112,1.38,4.947,95.05,0,5886,2.1959,54.5,3.6003,234.541,4.688,4.433,123.612,1.562,2.279,1.38,3.107,96.89,0,5012.3,1.9787,46.4102,1.67503,143.177,1.562,2.558,99.6234,0,1.744,1.38,19.375,23.296,32.315,18.6846,106,5.2552,56.9,56.849,9.6505,11.534,23.303,26,49.63,10.08,11.35,0.972525,0.37845,10.6,2200,5750,0,9.3141,15.5,5909.51,6.03974,47.62,5.69,5.69,0,0,0,9.916,19.67,3200,38.7021,1.195,41.2628,1.389,52.2177,1.1,-1.875
2026-09-07T08:34:42.326052+00:00,1.42224,579.512,108,24.36,75.64,0,5907.6,3.9783,54.7,7.82085,1447.88,19.05,23.58,319.563,4.688,5.891,1.395,39.91,60.09,0,5896.8,6.1647,54.6,11.4386,1769.58,25,34.4,721.523,12.7,13.86,1.385,6.939,89.82,3.238,5896.8,2.3393,54.6,5.63618,345.193,6.25,6.593,102.46,3.125,1.902,1.385,46.72,53.28,0,5896.8,5.9205,54.6,10.8271,1030.17,9.375,19.88,1878.26,31.25,36.62,1.385,5.043,85.99,8.965,5021.49,1.9993,46.4953,4.28405,244.727,6.25,4.682,90.5502,1.562,1.674,1.385,11.49,88.39,0.1116,5896.8,2.7919,54.6,4.70402,610.857,14.06,11.68,128.798,3.125,2.432,1.385,4.829,95.17,0,5896.8,2.1542,54.6,3.33241,226.091,7.937,4.086,120.973,6.349,2.049,1.385,2.929,97.07,0,5896.8,1.9825,54.6,1.51495,139.584,3.175,2.486,95.9748,1.587,1.576,1.385,19.375,22.021,30.543,17.5314,76,5.2498,55.05,55.079,9.6565,11.542,21.98,24.875,47.86,9.718,10.84,0.739324,0.294671,7.6,2200,5750,0,9.07051,15.5,5912.32,5.71219,31.25,5.505,5.505,0,0,0,9.353,18.45,3200,38.5779,1.195,41.2513,1.389,52.3307,1.1,-1.8125
2026-09-07T08:34:43.343893+00:00,1.37084,556.023,108,23.9,76.1,0,5902.2,3.8863,54.65,7.57189,1419.02,23.08,24.14,263.46,7.692,4.915,1.39,49.86,50.14,0,5896.8,6.3772,54.6,11.3005,1391.88,23.08,26.81,1715.88,29.23,33.6,1.385,6.417,88.36,5.221,5896.8,2.1859,54.6,5.26667,322.512,7.692,6.177,91.3158,6.154,1.743,1.385,34.57,65.43,0,5896.8,5.2436,54.6,9.74827,1015.39,13.85,19.47,1150.8,21.54,22.42,1.385,4.255,84.94,10.81,5021.49,1.8874,46.4953,3.97752,197.445,9.231,3.786,91.444,4.615,1.741,1.385,11.46,86.59,1.948,5896.8,2.7124,54.6,4.3918,578.414,12.31,11.05,145.581,6.154,2.802,1.385,4.056,95.94,0,5896.8,2.0768,54.6,3.10017,211.172,7.692,3.833,90.9042,4.615,1.548,1.385,2.56,97.44,0,5896.8,1.914,54.6,1.31324,119.681,6.154,2.131,91.4599,4.615,1.555,1.385,21.25,21.556,29.913,17.2971,74.5,5.2512,54.547,54.6,9.6472,11.531,21.614,24,47.22,11.73,10.48,0.789482,0.309929,7.45,2200,5750,0,9.6859,16.25,5914.8,5.4774,29.23,5.455,5.455,0,0,0,9.198,18.21,3200,38.58,1.195,41.1551,1.389,52.7658,1.1,-1.8125
2026-09-07T08:34:44.362144+00:00,1.23878,499.794,108,20.86,79.14,0,5902.2,3.6022,54.65,6.8632,1241.39,10.94,20.92,257.821,3.125,4.88,1.39,35.39,64.61,0,5907.6,5.2515,54.7,9.3258,1238.61,15.62,24.53,972.889,14.06,18.92,1.395,5.853,83.52,10.63,5030.69,1.9955,46.5805,4.87726,293.586,6.25,5.733,86.86,1.562,1.702,1.395,41.57,58.43,0,5030.69,5.3569,46.5805,9.45708,2024.17,29.69,39.74,517.415,7.812,10.1,1.395,3.989,79.39,16.62,5030.69,1.7198,46.5805,3.68549,186.92,1.562,3.652,79.6453,0,1.552,1.395,9.675,86.36,3.961,5030.69,2.5352,46.5805,4.10015,484.009,7.812,9.385,121.197,0,2.378,1.395,3.983,96.02,0,5907.6,2.0639,54.7,3.04079,181.404,1.562,3.417,107.465,0,1.886,1.395,2.569,97.43,0,5030.69,1.8884,46.5805,1.27661,118.824,0,2.127,84.507,0,1.483,1.395,19.375,20.428,28.381,16.5331,65.5,5.2508,52.901,52.928,9.6247,11.503,20.427,22.875,45.66,6.25,9.526,0.675456,0.273681,6.55,2200,5750,0,9.04487,15.5,5917.57,5.18788,29.69,5.29,5.29,0,0,0,8.692,17.4,3200,38.5271,1.195,41.1908,1.391,52.8896,1.1,-1.8125
2026-09-07T08:34:45.380362+00:00,1.16839,470.921,108,19.16,80.84,0,5896.8,3.469,54.6,6.54593,1140.96,12.5,19.36,226.755,6.349,4.27,1.385,29.14,70.86,0,5907.6,5.0246,54.7,9.03025,904.082,9.375,17.58,926.121,17.19,18,1.395,5.195,82.8,12.01,5030.69,1.9406,46.5805,4.65223,268.062,9.524,5.189,73.3545,1.587,1.401,1.395,43.27,56.73,0,5907.6,5.4281,54.7,9.38855,768.564,10.94,14.9,1867.89,28.57,36.59,1.395,4.041,78.15,17.81,5030.69,1.6605,46.5805,3.48569,177.232,4.762,3.431,92.388,1.587,1.772,1.395,10,85.77,4.231,5030.69,2.5173,46.5805,4.08346,518.356,6.349,10.03,108.222,1.587,2.089,1.395,3.48,96.52,0,5907.6,2.0066,54.7,2.85868,168.974,3.125,3.046,89.2602,1.562,1.532,1.395,2.55,97.45,0,5907.6,1.908,54.7,1.3302,116.67,3.125,2.092,87.8451,3.125,1.51,1.395,16.875,23.707,32.92,16.4783,67,5.2502,57.422,57.274,9.6611,11.547,23.672,22,50.242,7.578,8.925,0.553146,0.25886,6.7,2200,5750,0,9.15385,15.5,5919.16,5.03527,28.57,5.742,5.742,0,0,0,10.07,17.35,3200,38.5562,1.195,41.1697,1.39,52.8745,1.1,-1.8125
2026-09-07T08:34:46.399190+00:00,1.18834,479.165,108,20.44,79.56,0,5907.6,3.627,54.7,6.84422,1215.43,17.19,20.88,215.334,4.615,4.043,1.39,39.34,60.66,0,5907.6,5.0786,54.7,8.93334,1766.82,29.69,34.53,678.7,10.94,13.13,1.39,5.219,85.43,9.352,5030.69,2.0017,46.5805,4.74553,265.226,3.077,5.11,75.7868,1.538,1.454,1.39,33.48,66.52,0,5907.6,5.1249,54.7,9.31529,905.639,15.62,17.52,1159.72,16.92,22.6,1.39,3.779,80.5,15.72,5030.69,1.7041,46.5805,3.60204,177.513,1.538,3.441,80.3025,1.538,1.533,1.39,10.07,86.19,3.744,5030.69,2.5525,46.5805,4.2891,505.291,7.692,9.749,127.062,1.538,2.451,1.39,4.001,96,0,5907.6,2.0765,54.7,2.99516,175.673,3.125,3.205,116.541,1.562,2.004,1.39,2.507,97.49,0,5907.6,1.9173,54.7,1.54109,116.147,1.562,2.065,85.4676,1.562,1.462,1.39,21.25,24.76,34.395,16.4986,70.5,5.2458,58.973,58.898,9.6869,11.578,24.754,21.375,51.744,7.482,9.073,0.620941,0.246652,7.05,2200,5750,0,9.21154,15.5,5918.53,5.05511,29.69,5.897,5.897,0,0,0,10.53,17.37,3200,38.6147,1.195,41.1837,1.391,52.9156,1.1,-1.8125
2026-09-07T08:34:47.417457+00:00,1.34018,541.786,108,24,76,0,5907.6,3.878,54.7,7.46784,1423.77,10.94,24.05,258.314,4.688,4.861,1.4,42.78,57.22,0,5030.69,5.5544,46.5805,10.0375,1260.84,21.88,24.46,1408.66,20.31,27.42,1.395,6.946,87.25,5.801,5030.69,2.2335,46.5805,5.34034,352.636,4.688,6.715,102.488,0,2.004,1.395,36.79,63.21,0,5907.6,5.6187,54.7,10.3956,867.648,12.5,16.73,1413.35,18.75,27.44,1.395,5.037,83.24,11.72,5030.69,1.897,46.5805,4.06269,234.309,3.125,4.531,102.014,0,1.993,1.395,11.4,87.98,0.6226,5030.69,2.7344,46.5805,4.63926,598.533,7.812,11.44,118.243,0,2.319,1.395,4.246,95.75,0,5907.6,2.0834,54.7,3.13951,187.498,1.562,3.436,119.042,3.125,2.106,1.395,2.817,97.18,0,5907.6,1.9416,54.7,1.54542,137.504,0,2.472,83.7305,1.562,1.467,1.395,22.25,25.238,34.897,17.2898,76,5.2644,59.6,59.777,9.7055,11.6,25.285,21.5,52.287,6.934,10.22,0.773951,0.339248,7.6,2200,5750,0,9.27564,16,5908.86,5.36124,21.88,5.96,5.96,0,0,0,10.76,18.2,3200,38.5906,1.195,41.1752,1.385,52.98,1.1,-1.8125
2026-09-07T08:34:48.434515+00:00,1.21343,491.304,108,21.16,78.84,0,5913,3.6485,54.75,6.89198,1258.64,10.94,21.64,212.49,9.375,3.989,1.39,39.79,60.21,0,5907.6,5.2925,54.7,9.1963,833.291,10.94,16.18,1680.48,28.12,32.81,1.395,6.417,84.61,8.971,5030.69,2.1032,46.5805,4.96179,324.554,7.812,6.289,92.1557,1.562,1.78,1.395,33.63,66.37,0,5907.6,5.1922,54.7,9.26061,864.101,12.5,16.7,1207.18,15.62,23.51,1.395,3.952,80.49,15.56,5030.69,1.7604,46.5805,3.70929,188.387,3.125,3.644,79.4336,1.562,1.528,1.395,9.938,87.28,2.782,5030.69,2.5483,46.5805,4.11114,485.314,7.812,9.326,146.612,3.125,2.842,1.395,3.872,96.13,0,5907.6,2.0844,54.7,3.02585,177.004,1.562,3.185,104.542,1.562,1.824,1.395,2.574,97.43,0,5907.6,1.9287,54.7,1.35502,116.129,3.125,2.107,90.5514,1.562,1.521,1.395,21.25,22.719,31.559,16.5326,78,5.2537,56.155,56.175,9.6831,11.573,22.726,20.875,48.911,7.52,9.304,0.566677,0.245219,7.8,2200,5750,0,9.26282,15.25,5918.98,5.13124,28.12,5.616,5.616,0,0,0,9.671,17.4,3200,38.5584,1.195,41.1798,1.391,52.9451,1.1,-1.8125
2026-09-07T08:34:49.451902+00:00,1.38467,562.192,108,24.16,75.84,0,5902.2,3.8719,54.65,7.29488,1432.85,23.44,23.73,294.878,6.25,5.547,1.39,50.43,49.57,0,5907.6,5.8956,54.7,10.2478,1221.81,25,23.71,1940.99,31.25,37.89,1.4,6.847,88.43,4.726,5030.69,2.2635,46.5805,5.21563,334.132,7.812,6.42,109.524,3.125,2.116,1.4,32.42,67.58,0,5907.6,5.3449,54.7,10.0096,980.533,17.19,18.9,1026.84,20.31,19.87,1.4,5.118,83.48,11.4,5030.69,1.9173,46.5805,3.92175,260.331,7.812,5.038,78.7088,3.125,1.505,1.4,11.8,87.4,0.8006,5030.69,2.7411,46.5805,4.52463,632.91,7.812,12.17,114.261,4.688,2.2,1.4,4.788,95.21,0,5907.6,2.1291,54.7,3.09538,213.47,6.25,3.981,127.372,4.688,2.183,1.4,2.909,97.09,0,5907.6,1.9507,54.7,1.472,135.392,4.688,2.439,91.0761,3.125,1.579,1.4,16,24.528,33.951,17.1803,75,5.2571,58.576,58.488,9.6963,11.59,24.522,21.125,51.324,11.04,10.58,0.949024,0.394098,7.5,2200,5750,0,9.63462,16.5,5910.61,5.20638,31.25,5.858,5.858,0,0,0,10.43,18.08,3200,38.58,1.195,41.26,1.386,52.508,1.1,-1.8125
2026-09-07T08:34:50.212102+00:00,1.17824,480.356,108,19.39,80.61,0,5907.6,3.4911,54.7,6.56482,1154.42,18.75,19.23,255.321,1.562,4.744,1.395,37.99,62.01,0,5907.6,5.2812,54.7,9.22154,983.864,9.375,19.09,1398.91,17.19,27.29,1.395,5.95,82.87,11.18,5030.69,2.0077,46.5805,4.78084,305.377,6.25,5.859,85.1065,0,1.542,1.395,33.79,66.21,0,5030.69,5.0604,46.5805,9.08438,851.523,7.812,16.47,1226.55,15.62,23.94,1.395,4.164,79.54,16.29,5030.69,1.7573,46.5805,3.65083,208.27,1.562,3.975,80.594,0,1.451,1.395,9.463,86.18,4.359,5030.69,2.4516,46.5805,4.09453,498.262,4.688,9.579,103.559,0,1.913,1.395,4.026,95.97,0,5907.6,2.0971,54.7,2.99147,201.195,1.562,3.679,94.6113,1.562,1.573,1.395,3.054,96.95,0,5907.6,1.9623,54.7,1.50853,126.652,0,2.19,111.487,0,1.792,1.395,18.375,20.396,28.339,16.4132,79,5.2458,52.815,52.938,9.6016,11.476,20.393,20.625,45.586,5.371,9.02,0.548101,0.259401,7.9,2200,5750,0,9.11538,15.75,5918.99,5.02119,18.75,5.282,5.282,0,0,0,8.678,17.28,3200,38.5557,1.195,41.2668,1.391,52.6028,1.1,-1.8125
2026-09-07T08:34:51.230142+00:00,1.38779,563.332,108,23.64,76.36,0,5896.8,3.9355,54.6,7.57467,1402.49,18.75,23.42,312.818,6.349,5.919,1.39,45.14,54.86,0,5902.2,5.7546,54.65,10.2957,1117.63,14.06,21.75,1669.59,29.69,32.59,1.39,7.099,86.72,6.179,5026.09,2.2566,46.5379,5.36483,360.193,4.762,6.995,98.9616,3.175,1.927,1.39,36.08,63.92,0,5902.2,5.48,54.65,10.3062,1436.91,26.56,27.96,824.356,9.524,15.99,1.39,5.65,80.4,13.95,5026.09,1.9415,46.5379,4.09739,273.918,1.587,5.345,94.7207,4.762,1.842,1.39,12.37,86.37,1.256,5026.09,2.8591,46.5379,4.89935,661.164,7.937,12.79,124.977,1.587,2.43,1.39,5.123,94.88,0,5902.2,2.1709,54.65,3.23883,242.589,0,4.54,117.464,3.125,2.107,1.39,3.68,96.32,0,5902.2,2.0324,54.65,1.72615,160.421,1.562,2.916,115.111,1.562,2.041,1.39,16.5,22.236,30.803,17.2395,87.5,5.2505,55.323,55.225,9.6381,11.519,22.207,20.875,48.097,8.437,10.66,1.03632,0.393413,8.75,2200,5750,0,9.30769,15.75,5910.09,5.33095,29.69,5.532,5.532,0,0,0,9.45,18.15,3200,38.6225,1.195,41.241,1.387,52.4849,1.1,-1.8125
2026-09-07T08:34:52.247269+00:00,1.21456,490.851,108,20.67,79.33,0,5902.2,3.705,54.65,7.10759,1229.18,20.31,20.96,222.977,9.375,4.186,1.395,31.21,68.79,0,5902.2,4.9215,54.65,8.65343,948.525,18.75,18.44,1030.42,15.87,20.04,1.39,7.377,83.65,8.975,5026.09,2.2592,46.5379,5.28006,394.098,9.375,7.663,74.1648,1.562,1.431,1.39,39.75,60.25,0,5026.09,5.1726,46.5379,8.99386,1082.03,22.22,21.1,1345.52,21.88,26.37,1.39,4.863,77.31,17.82,5026.09,1.784,46.5379,3.84344,243.371,4.688,4.734,80.6818,4.688,1.551,1.39,10.08,85.4,4.518,5026.09,2.5132,46.5379,4.14704,528.37,9.375,10.26,122.435,3.125,2.376,1.39,4.478,95.52,0,5902.2,2.1382,54.65,3.13765,229.76,6.25,4.33,90.2258,1.587,1.594,1.39,3.026,96.97,0,5902.2,1.955,54.65,1.42209,139.892,3.175,2.519,91.9679,3.175,1.56,1.39,16.5,20.445,28.398,16.4714,78.5,5.2414,52.918,52.97,9.631,11.511,20.447,20.5,45.674,9.713,9.32,0.696991,0.251893,7.85,2200,5750,0,9.26282,15.25,5917.46,5.06676,22.22,5.292,5.292,0,0,0,8.701,17.34,3200,38.5912,1.195,41.2214,1.391,52.5341,1.1,-1.8125
2026-09-07T08:34:53.265051+00:00,1.1288,460.257,108,19.71,80.29,0,5907.6,3.5512,54.7,6.73641,1172.56,10.94,20.31,208.182,3.077,3.96,1.395,34.07,65.93,0,5896.8,5.0599,54.6,8.74704,1644.86,26.56,32.01,535.868,12.31,10.35,1.39,5.814,83.01,11.18,5896.8,2.0108,54.6,4.78372,285.607,6.154,5.57,90.5409,4.615,1.757,1.39,35.2,64.8,0,5896.8,5.12,54.6,8.93972,1078.83,18.46,20.85,1104.21,21.54,21.62,1.39,3.593,78.55,17.85,5021.49,1.6169,46.4953,3.4564,169.751,3.077,3.317,73.8125,1.538,1.424,1.39,8.479,86.81,4.709,5896.8,2.3424,54.6,3.78273,444.238,10.77,8.581,92.1129,1.538,1.788,1.39,3.509,96.49,0,5896.8,2.0394,54.6,2.92045,172.924,6.25,3.178,89.327,1.538,1.541,1.39,2.5,97.5,0,5896.8,1.9079,54.6,1.31633,116.522,1.538,2.106,84.7713,1.538,1.459,1.39,20.25,20.297,28.2,16.3691,71.5,5.2533,52.722,52.638,9.6332,11.514,20.298,20,45.493,8.215,8.739,0.522638,0.249989,7.15,2200,5750,0,9.10256,15.75,5919.39,5.03249,26.56,5.272,5.272,0,0,0,8.637,17.23,3200,38.5504,1.195,41.2569,1.391,52.499,1.1,-1.8125
2026-09-07T08:34:54.283683+00:00,1.2976,519.272,108,22.34,77.66,0,5907.6,3.8392,54.7,7.48062,1327.12,15.87,22.87,234.266,3.175,4.424,1.395,42.62,57.38,0,5902.2,5.2916,54.65,9.09891,1090.58,19.05,21.39,1544.99,25.4,30.18,1.39,5.8,85.28,8.918,5026.09,2.0995,46.5379,5.19757,297.458,0,5.771,78.8973,0,1.526,1.39,35.4,64.6,0,5902.2,5.2989,54.65,9.54002,1253.28,17.46,24.57,911.13,14.29,17.77,1.39,3.659,79.93,16.41,5026.09,1.668,46.5379,3.7961,171.599,0,3.321,76.5222,0,1.473,1.39,12.96,82.98,4.064,5026.09,2.8187,46.5379,4.6131,684.632,3.175,13.29,109.58,1.587,2.123,1.39,4.117,95.88,0,5902.2,2.0963,54.65,3.24455,200.559,4.762,3.729,105.553,0,1.889,1.39,2.863,97.14,0,5902.2,1.9553,54.65,1.37234,129.304,1.587,2.287,92.8717,0,1.601,1.39,17.375,20.63,28.661,16.66,73,5.2429,53.16,53.217,9.6089,11.484,20.626,19.875,45.913,6.647,9.889,0.813033,0.283051,7.3,2200,5750,0,9.23718,16,5916.78,5.36943,25.4,5.316,5.316,0,0,0,8.777,17.54,3200,38.538,1.195,41.2351,1.391,52.6292,1.1,-1.8125
2026-09-07T08:34:55.300899+00:00,1.16578,471.934,108,21.05,78.95,0,5907.6,3.6877,54.7,7.03282,1250.43,20,21.33,225.009,7.692,4.248,1.4,26.81,73.19,0,5896.8,4.8673,54.6,8.49951,1213.42,21.54,23.4,490.011,10.77,9.51,1.39,5.552,85.3,9.148,5021.49,2.0469,46.4953,4.96866,280.63,6.154,5.472,87.4588,1.538,1.707,1.39,43.94,56.06,0,5896.8,5.2903,54.6,8.78541,1253.78,26.15,24.27,1432.88,21.54,28.08,1.39,4.108,78.68,17.22,5021.49,1.7115,46.4953,3.73322,191.483,4.615,3.745,83.3036,3.077,1.618,1.39,8.893,87.91,3.2,5896.8,2.4536,54.6,3.7922,458.283,7.692,8.849,104.422,1.538,2.04,1.39,3.429,96.57,0,5896.8,2.0388,54.6,3.00481,166.305,4.615,3.061,91.3494,1.538,1.616,1.39,2.802,97.2,0,5896.8,1.9457,54.6,1.20484,130.37,1.538,2.343,91.8027,1.538,1.585,1.39,20.75,19.74,27.438,16.3343,79,5.2504,51.928,51.94,9.6251,11.503,19.724,19.625,44.717,8.846,8.929,0.585336,0.301349,7.9,2200,5750,0,9.29487,16.25,5919.26,5.1403,26.15,5.193,5.193,0,0,0,8.393,17.19,3200,38.6397,1.195,41.2399,1.392,52.6782,1.1,-1.8125
2026-09-07T08:34:56.318761+00:00,1.19163,474.212,108,20.72,79.28,0,5907.6,3.5879,54.7,6.81006,1232.52,15.62,21.08,205.854,6.25,3.893,1.39,36.5,63.5,0,5907.6,5.0698,54.7,8.66186,1226.85,17.19,23.98,1004.96,17.19,19.55,1.39,5.977,84.34,9.678,5030.69,2.0787,46.5805,4.95399,288.66,6.25,5.562,97.1742,0,1.879,1.39,34.91,65.09,0,5907.6,5.0513,54.7,8.81582,1416.24,21.88,27.71,706.577,6.25,13.73,1.39,3.919,79.69,16.39,5030.69,1.7057,46.5805,3.63816,182.901,1.562,3.532,78.1533,1.562,1.5,1.39,10.66,86.01,3.33,5030.69,2.6438,46.5805,4.08526,512.887,12.5,9.852,148.046,0,2.874,1.39,3.863,96.14,0,5907.6,2.104,54.7,3.07773,190.245,4.688,3.474,90.7441,0,1.577,1.39,2.614,97.39,0,5907.6,1.9251,54.7,1.19358,113.697,1.562,2.017,91.8818,0,1.576,1.39,21.25,19.757,27.46,16.3462,71.5,5.2405,52.024,52.079,9.6189,11.497,19.804,19.375,44.721,7.031,8.988,0.618324,0.278244,7.15,2200,5750,0,9,15.75,5918.45,5.09077,21.88,5.202,5.202,0,0,0,8.427,17.21,3200,38.5567,1.195,41.2086,1.391,52.7583,1.1,-1.8125
2026-09-07T08:34:57.336180+00:00,1.51769,646.709,108,24.32,75.68,0,5902.2,3.9877,54.65,7.86074,1440.24,20.31,25.27,333.077,6.25,6.374,1.39,41.31,58.69,0,5907.6,5.5878,54.7,10.0592,2099.04,26.56,41.02,603.464,9.375,11.75,1.395,10.84,80.28,8.885,5030.69,2.5522,46.5805,6.11812,550.812,6.25,10.78,167.738,4.688,3.279,1.395,39.51,60.49,0,5030.69,5.6248,46.5805,10.3099,1484.47,21.88,28.95,1215,17.19,23.78,1.395,7.847,74.76,17.39,5030.69,2.0669,46.5805,4.60123,422.607,7.812,8.265,101.638,1.562,1.972,1.395,15.64,81.2,3.167,5030.69,3.1396,46.5805,5.47085,840.887,10.94,16.39,178.942,3.125,3.494,1.395,7.394,92.61,0,5907.6,2.3768,54.7,3.74262,399.914,7.812,7.609,127.881,3.125,2.359,1.395,4.914,95.09,0,5907.6,2.1511,54.7,1.91967,249.97,4.688,4.693,131.672,3.125,2.396,1.395,22.625,22.871,31.681,17.1548,87.5,5.2028,56.112,55.996,9.5543,11.42,22.863,20.125,48.825,9.668,12.4,1.50178,0.44138,8.75,2200,5750,0,9.10256,15.5,5912.28,5.42167,26.56,5.611,5.611,0,0,0,9.729,18.06,3200,38.5696,1.195,41.2943,1.389,52.6266,1.1,-1.8125
2026-09-07T08:34:58.353395+00:00,1.19446,482.96,108,19.87,80.13,0,5896.8,3.5187,54.6,6.68593,1181.26,17.19,19.92,247.437,3.175,4.681,1.39,37.67,62.33,0,5907.6,5.2332,54.7,9.05377,1365.44,17.19,26.62,985.706,17.19,19.26,1.4,5.164,83.91,10.93,5030.69,1.9326,46.5805,4.73744,250.923,6.349,4.879,83.0699,3.175,1.604,1.4,36.83,63.17,0,5030.69,5.2746,46.5805,9.29661,1172.98,15.87,22.81,1080.3,19.05,21.15,1.4,4.154,81.98,13.86,5030.69,1.8039,46.5805,3.72161,207.497,4.762,3.998,79.53,0,1.542,1.4,9.565,86.76,3.678,5030.69,2.5024,46.5805,4.09786,508.786,7.937,9.85,89.4144,3.175,1.73,1.4,3.708,96.29,0,5907.6,2.0412,54.7,2.93882,171.404,3.125,3.199,103.686,1.562,1.845,1.4,2.482,97.52,0,5907.6,1.9005,54.7,1.24812,113.244,3.125,2.049,86.6869,1.562,1.506,1.4,17.375,19.674,27.341,16.4655,76,5.2519,51.85,51.989,9.6168,11.494,19.675,19.875,44.612,7.777,9.165,0.672226,0.271122,7.6,2200,5750,0,9.50641,15.5,5919.55,5.11696,19.05,5.185,5.185,0,0,0,8.372,17.33,3200,38.6322,1.195,41.2211,1.391,52.2714,1.1,-1.8125
2026-09-07T08:34:59.372073+00:00,1.19242,474.109,108,19.99,80.01,0,5907.6,3.5368,54.7,6.6951,1189.01,12.7,21.08,166.681,3.125,3.159,1.395,32.31,67.69,0,5880.6,4.9413,54.45,8.50766,1588.67,26.98,30.97,411.832,4.762,7.978,1.39,6.045,83.44,10.52,5880.6,2.0063,54.45,4.7706,316.75,3.125,6.172,70.9367,0,1.383,1.39,39.94,60.06,0,5880.6,5.3236,54.45,9.09975,2049.5,40.62,40.08,379.608,4.688,7.386,1.39,3.745,78.4,17.85,5007.7,1.6331,46.3676,3.47827,176.678,0,3.438,78.8667,0,1.528,1.39,10.8,84.99,4.21,5880.6,2.5263,54.45,3.89497,586.611,7.812,11.41,84.3525,1.562,1.641,1.39,3.862,96.14,0,5880.6,2.0284,54.45,2.87161,191.413,0,3.563,91.1345,0,1.588,1.39,2.553,97.45,0,5880.6,1.8901,54.45,1.0892,120.144,0,2.129,83.5629,0,1.452,1.39,18.375,19.797,27.48,16.4271,67,5.2427,51.945,51.808,9.6294,11.509,19.763,19.625,44.756,6.586,9.059,0.575933,0.268607,6.7,2200,5750,0,9.15385,15.75,5918.24,5.02224,40.62,5.195,5.195,0,0,0,8.41,17.29,3200,38.6593,1.195,41.2322,1.39,52.3879,1.1,-1.8125
2026-09-07T08:35:00.388155+00:00,1.19721,483.674,108,21.09,78.91,0,5902.2,3.6699,54.65,7.04418,1254.71,15.38,20.9,241.095,6.154,4.521,1.395,31.93,68.07,0,5896.8,4.987,54.6,8.56133,1630.69,16.92,31.44,363.599,6.154,6.938,1.385,5.534,88.76,5.702,5896.8,2.1486,54.6,5.08391,275.895,4.615,5.327,89.6017,3.077,1.738,1.385,40.68,59.32,0,5896.8,5.3239,54.6,9.06787,2248.87,32.31,43.73,231.757,1.538,4.306,1.385,4.472,83.12,12.41,5896.8,1.8601,54.6,3.90967,213.25,3.077,4.135,84.6631,1.538,1.641,1.385,9.707,89.16,1.136,5896.8,2.5911,54.6,3.94262,532.823,6.154,10.22,87.8574,1.538,1.704,1.385,3.834,96.17,0,5896.8,2.0682,54.6,3.07922,180.973,3.077,3.291,101.625,1.538,1.723,1.385,2.477,97.52,0,5896.8,1.9363,54.6,1.21915,114.767,1.538,2.042,86.6039,1.538,1.48,1.385,24.125,19.964,27.744,16.2885,70,5.2443,52.265,52.337,9.6061,11.481,19.997,19.5,44.994,6.635,9.071,0.524194,0.22808,7,2200,5750,0,9.13462,15.75,5919.43,5.18559,32.31,5.227,5.227,0,0,0,8.509,17.15,3200,38.5548,1.195,41.2359,1.391,52.4571,1.1,-1.8125
2026-09-07T08:35:01.405609+00:00,1.2939,519.415,108,21.03,78.97,0,5907.6,3.5285,54.7,6.81174,1251.5,14.29,21.06,227.332,1.587,4.297,1.395,32.1,67.9,0,5896.8,5.386,54.6,9.8144,1577.88,23.81,30.6,431.702,6.349,8.285,1.38,6.43,88.7,4.874,5896.8,2.2558,54.6,5.24011,338.493,9.524,6.543,74.9059,0,1.453,1.38,49.17,50.83,0,5896.8,5.8676,54.6,10.1393,1379.71,20.63,26.87,1632.27,26.98,31.94,1.38,4.126,85.49,10.39,5896.8,1.8758,54.6,3.96425,189.289,0,3.673,86.525,1.587,1.679,1.38,10.28,88.68,1.033,5896.8,2.5788,54.6,4.13362,529.87,4.762,10.19,109.968,0,2.143,1.38,3.615,96.39,0,5896.8,2.0597,54.6,3.08278,174.497,1.587,3.25,96.7256,0,1.676,1.38,2.633,97.37,0,5896.8,1.9535,54.6,1.30527,115.179,1.587,2.094,94.8045,0,1.585,1.38,23.625,20.743,28.825,16.7881,68.5,5.2507,53.334,53.226,9.6227,11.501,20.733,19.625,46.101,7.044,9.833,0.744799,0.294988,6.85,2200,5750,0,9.10256,15.5,5918.41,5.34242,26.98,5.333,5.333,0,0,0,8.822,17.67,3200,38.6582,1.195,41.2028,1.391,52.3519,1.1,-1.8125
2026-09-07T08:35:02.423934+00:00,1.31851,527.488,108,22.38,77.62,0,5896.8,3.8477,54.6,7.63397,1330.39,24.62,23.36,202.046,1.538,3.81,1.395,37.54,62.46,0,5896.8,6.0758,54.6,11.2636,1826.5,32.31,35.81,499.567,12.31,9.653,1.39,6.491,90.04,3.473,5896.8,2.2576,54.6,5.43258,336.097,6.154,6.522,80.7325,0,1.59,1.39,44.75,55.25,0,5902.2,5.7393,54.65,10.3279,1207.86,21.54,23.52,1556.95,24.62,30.42,1.39,4.176,86.36,9.467,5902.2,1.9004,54.65,4.11428,187.628,4.615,3.672,93.0938,0,1.817,1.39,9.912,89.94,0.1496,5902.2,2.6445,54.65,4.29761,530.013,12.31,10.22,88.209,0,1.73,1.39,3.855,96.15,0,5902.2,2.1058,54.65,3.28926,194.416,0,3.615,89.0896,0,1.562,1.39,2.745,97.26,0,5902.2,1.9499,54.65,1.3077,117.782,0,2.164,99.4418,0,1.669,1.39,18.875,21.824,30.309,17.4622,117,5.2562,54.79,54.772,9.6216,11.499,21.796,20.25,47.591,8.75,10.07,0.674231,0.277511,11.7,2200,5750,0,9.39744,15.75,5915.41,5.69442,32.31,5.479,5.479,0,0,0,9.275,18.38,3200,38.6162,1.195,41.2253,1.39,52.5494,1.1,-1.8125
2026-09-07T08:35:03.442479+00:00,1.26159,504.502,108,21.28,78.72,0,5902.2,3.6679,54.65,7.15125,1265.17,14.06,21.89,201.665,3.175,3.842,1.39,35.18,64.82,0,5907.6,5.368,54.7,9.53038,1721.72,23.44,33.54,490.122,7.937,9.478,1.395,6.617,88.34,5.041,5030.69,2.2274,46.5805,5.26175,349.449,11.11,6.784,71.6959,1.587,1.392,1.395,41.99,58.01,0,5907.6,5.6308,54.7,9.99913,1790.21,31.75,35.15,753.885,7.937,14.64,1.395,3.886,83.17,12.94,5030.69,1.7781,46.5805,3.88038,180.47,1.587,3.496,77.5565,1.587,1.503,1.395,10.57,88.54,0.887,5907.6,2.7191,54.7,4.30025,534.745,4.762,10.33,131.816,1.587,2.573,1.395,4.056,95.94,0,5907.6,2.0956,54.7,3.172,172.156,1.562,3.158,124.475,1.562,2.227,1.395,2.582,97.42,0,5907.6,1.925,54.7,1.17763,114.052,1.562,2.025,92.8397,1.562,1.586,1.395,18.875,20.611,28.634,16.8137,74,5.2516,53.202,53.268,9.629,11.508,20.635,20.125,45.918,7.298,9.602,0.775618,0.296933,7.4,2200,5750,0,8.94872,15.5,5916.82,5.40638,31.75,5.32,5.32,0,0,0,8.781,17.7,3200,38.595,1.195,41.274,1.391,52.677,1.1,-1.8125
2026-09-07T08:35:04.206987+00:00,1.15085,464.711,108,21.1,78.9,0,5907.6,3.5992,54.7,6.85425,1254.15,21.88,21.18,229.769,4.615,4.348,1.39,27.09,72.91,0,5896.8,4.8903,54.6,8.43602,1443.1,17.19,27.85,246.957,4.615,4.644,1.385,5.951,87,7.048,5896.8,2.1533,54.6,4.97258,310.683,1.538,6.02,75.462,1.538,1.465,1.385,41.38,58.62,0,5896.8,5.2414,54.6,8.74654,1954.4,24.62,38,579.605,9.231,11.23,1.385,3.786,81.26,14.95,5021.49,1.7382,46.4953,3.67342,183.894,3.077,3.571,75.0719,0,1.454,1.385,9.007,89.31,1.678,5896.8,2.4601,54.6,3.67255,481.7,1.538,9.244,90.0683,1.538,1.753,1.385,4.149,95.85,0,5896.8,2.0789,54.6,2.99074,203.859,4.688,3.765,97.0423,0,1.735,1.385,2.628,97.37,0,5896.8,1.9253,54.6,1.08177,118.565,1.562,2.111,91.045,0,1.533,1.385,20.25,19.285,26.805,16.2616,71,5.2482,51.275,51.386,9.5828,11.454,19.298,19.75,44.032,6.101,8.744,0.501516,0.222804,7.1,2200,5750,0,9.07051,15.5,5919.14,5.0746,24.62,5.128,5.128,0,0,0,8.212,17.12,3200,38.6374,1.195,41.2154,1.391,52.921,1.1,-1.8125
2026-09-07T08:35:05.224860+00:00,1.37333,548.138,108,22.15,77.85,0,5907.6,3.7013,54.7,7.17067,1315.9,14.06,22.06,243.03,4.688,4.525,1.39,39.14,60.86,0,5907.6,6.0056,54.7,11.4806,1960,29.69,38.27,436.695,9.375,8.363,1.385,6.89,88.89,4.219,5907.6,2.3408,54.7,5.43031,346.37,6.25,6.66,94.771,1.562,1.846,1.385,48.5,51.5,0,5907.6,6.0866,54.7,11.2462,1965.76,29.69,38.51,997.206,10.94,19.07,1.385,3.785,84.86,11.35,5902.2,1.8443,54.65,3.94945,172.138,0,3.309,89.6071,0,1.732,1.39,10.25,89.75,0,5902.2,2.6987,54.65,4.7261,524.456,4.688,9.997,121.771,1.562,2.363,1.39,3.826,96.17,0,5902.2,2.0999,54.65,3.15941,189.567,1.562,3.487,92.9511,1.562,1.632,1.39,2.785,97.22,0,5902.2,1.9727,54.65,1.67492,122.424,1.562,2.167,97.57,0,1.618,1.39,19.375,21.55,29.897,17.688,78.5,5.2554,54.438,54.325,9.6331,11.514,21.54,20.625,47.192,7.324,10.35,0.907107,0.335552,7.85,2200,5750,0,9.15385,15.75,5914.24,5.56719,29.69,5.444,5.444,0,0,0,9.166,18.62,3200,38.5556,1.195,41.2402,1.389,52.985,1.1,-1.8125
2026-09-07T08:35:06.242961+00:00,1.19005,477.66,108,21.31,78.69,0,5907.6,3.6166,54.7,6.78561,1267.62,17.19,21.13,242.575,1.562,4.562,1.39,33.41,66.59,0,5913,5.1198,54.75,9.09892,1807.45,26.56,35.13,267.198,1.562,5.038,1.39,5.723,87.51,6.766,5035.29,2.1563,46.623,5.00238,302.971,4.688,5.826,68.4252,0,1.329,1.39,40.05,59.95,0,5913,5.4865,54.75,9.66525,1724.46,20.31,33.61,694.389,14.06,13.7,1.39,3.584,82.92,13.49,5035.29,1.7493,46.623,3.60544,159.491,1.562,3.103,87.2481,1.562,1.693,1.39,9.16,89.01,1.826,5035.29,2.4789,46.623,4.05667,457.786,4.688,8.777,116.735,0,2.273,1.39,3.135,96.86,0,5913,2.0181,54.75,2.84504,157.095,1.562,2.885,81.4784,0,1.407,1.39,2.641,97.36,0,5913,1.9496,54.75,1.4091,120.546,0,2.088,87.0903,0,1.485,1.39,19.875,20.157,28.01,16.4303,77.5,5.2419,52.529,52.502,9.6314,11.511,20.169,20.25,45.287,5.957,9.002,0.507864,0.219507,7.75,2200,5750,0,9.39103,16,5920.63,5.08375,26.56,5.253,5.253,0,0,0,8.583,17.3,3200,38.5677,1.195,41.2457,1.391,52.8195,1.1,-1.8125
2026-09-07T08:35:07.260496+00:00,1.2077,486.212,108,20.87,79.13,0,5902.2,3.6075,54.65,6.83392,1243.26,10.94,20.36,256.1,4.762,4.853,1.39,30.17,69.83,0,5030.69,5.1569,46.5805,9.16168,1491.3,28.12,28.84,373.773,3.175,7.1,1.395,6.457,87.67,5.877,5030.69,2.2692,46.5805,5.13744,334.768,4.762,6.439,86.0525,4.762,1.675,1.395,43.01,56.99,0,5030.69,5.4078,46.5805,9.44447,2087.06,32.81,40.7,519.125,9.524,9.909,1.395,3.847,81.92,14.23,5030.69,1.7989,46.5805,3.73367,185.332,3.175,3.578,80.0246,0,1.553,1.395,10.19,89.68,0.1324,5030.69,2.6938,46.5805,4.29837,539.24,6.349,10.33,105.734,0,2.072,1.395,3.659,96.34,0,5907.6,2.09,54.7,2.99673,182.575,1.562,3.297,86.9488,0,1.472,1.395,2.577,97.42,0,5907.6,1.9701,54.7,1.41495,119.176,1.562,2.102,88.9264,0,1.495,1.395,16.875,19.658,27.328,16.4372,67.5,5.2445,51.809,51.853,9.6038,11.478,19.656,19.875,44.575,6.969,9.111,0.60894,0.250627,6.75,2200,5750,0,9.07692,15.75,5919.73,5.11332,32.81,5.181,5.181,0,0,0,8.364,17.3,3200,38.4884,1.195,41.1769,1.392,52.6472,1.1,-1.8125
2026-09-07T08:35:08.279603+00:00,1.17111,473.164,108,20.92,79.08,0,5907.6,3.5328,54.7,6.7239,1245.45,20.63,20.74,233.986,10.94,4.379,1.395,35.43,64.57,0,5902.2,5.2074,54.65,9.09915,1913.48,28.57,37.22,267.997,7.812,5.061,1.39,6.014,86.55,7.437,5026.09,2.1459,46.5379,5.02573,307.79,12.5,5.949,82.5305,3.125,1.605,1.39,33.53,66.46,0,5026.09,5.0106,46.5379,9.02359,1379.52,15.87,26.79,699.278,10.94,13.44,1.39,4.36,80.3,15.34,5026.09,1.7468,46.5379,3.70105,220.215,6.25,4.27,70.3242,3.125,1.361,1.39,10.53,88.32,1.15,5026.09,2.7196,46.5379,4.41754,558.401,17.19,10.71,111.386,6.25,2.179,1.39,3.573,96.43,0,5902.2,2.0442,54.65,2.96448,167.698,6.349,3.049,98.2146,3.175,1.692,1.39,2.747,97.25,0,5902.2,1.9435,54.65,1.47063,123.032,3.175,2.148,91.318,3.175,1.523,1.39,18.375,20.043,27.854,16.3091,74.5,5.247,52.29,52.231,9.5919,11.464,20.026,19.625,45.089,9.942,8.883,0.504097,0.212558,7.45,2200,5750,0,9.07051,15.5,5919.97,5.14081,28.57,5.229,5.229,0,0,0,8.522,17.17,3200,38.4679,1.195,41.1807,1.391,52.255,1.1,-1.8125
2026-09-07T08:35:09.297520+00:00,1.32198,527.976,108,22.45,77.55,0,5902.2,3.6986,54.65,7.09463,1335.79,16.92,23.34,173.643,6.25,3.261,1.39,34.84,65.16,0,5886,5.6421,54.5,10.4103,1793.54,21.54,34.72,382.199,3.125,7.268,1.385,7.318,89.73,2.951,5886,2.4097,54.5,5.51525,379.161,4.688,7.283,90.4087,3.125,1.765,1.385,46.18,53.82,0,5886,5.9386,54.5,10.7881,1885.48,32.31,36.73,944.839,14.06,18.28,1.385,4.218,87.39,8.394,5012.3,1.9252,46.4102,3.99875,215.35,6.25,4.159,70.8455,3.125,1.377,1.385,10.16,89.84,0,5886,2.7207,54.5,4.6185,555.29,13.85,10.59,87.8696,3.077,1.708,1.385,4.123,95.88,0,5886,2.1318,54.5,3.18125,190.096,4.615,3.537,114.954,1.562,2.007,1.385,2.914,97.09,0,5012.3,1.9934,46.4102,1.54913,129.558,3.125,2.306,98.5952,1.562,1.685,1.385,21.25,21.82,30.309,17.1289,77.5,5.2463,54.777,54.567,9.6453,11.528,21.762,20.125,47.608,8.699,10,0.744327,0.327239,7.75,2200,5750,0,9.39103,15.75,5917.4,5.48388,32.31,5.478,5.478,0,0,0,9.26,18.03,3200,38.531,1.195,41.266,1.39,52.255,1.1,-1.8125
2026-09-07T08:35:10.315341+00:00,1.34933,542.64,108,24.43,75.57,0,5907.6,3.9283,54.7,7.65715,1451.31,18.75,24.2,281.543,7.692,5.291,1.39,40.73,59.27,0,5907.6,5.9352,54.7,11.3965,1615.79,25,31.42,894.877,16.92,17.35,1.39,5.976,92,2.021,5030.69,2.2778,46.5805,5.45957,311.664,6.154,5.998,75.1389,1.538,1.466,1.39,42.48,57.52,0,5907.6,5.9275,54.7,11.3806,844.121,12.5,16.33,1754.81,23.08,34.17,1.39,4.075,87.71,8.219,5030.69,1.9057,46.5805,4.06652,204.939,6.154,3.957,68.3858,1.538,1.319,1.39,10.6,88.6,0.7962,5907.6,2.7291,54.7,4.95685,551.806,7.812,10.52,123.2,1.562,2.391,1.39,3.8,96.2,0,5907.6,2.0547,54.7,3.11152,196.141,1.562,3.577,83.6086,1.538,1.429,1.39,2.832,97.17,0,5907.6,1.9568,54.7,1.73158,125.225,1.538,2.218,99.6829,1.538,1.714,1.39,20.25,24.316,33.713,17.555,76,5.2524,58.424,58.594,9.6894,11.58,24.386,20.625,51.071,8.43,10.21,0.907171,0.330645,7.6,2200,5750,0,9.24359,15.25,5914.4,5.6276,25,5.842,5.842,0,0,0,10.38,18.48,3200,38.5499,1.195,41.3027,1.388,52.1039,1.1,-1.8125
2026-09-07T08:35:11.334062+00:00,1.21591,494.341,108,22.25,77.75,0,5907.6,3.7012,54.7,6.88537,1322.28,9.524,21.71,284.854,9.524,5.459,1.385,29.66,70.34,0,5880.6,4.9645,54.45,8.76645,1600.02,22.22,31.04,242.709,3.175,4.506,1.385,6.322,85.35,8.328,5880.6,2.1522,54.45,5.01771,324.318,9.524,6.241,93.7324,0,1.824,1.385,41.84,58.16,0,5880.6,5.524,54.45,9.5024,1691.15,25.4,32.97,872.252,11.11,16.89,1.385,3.975,81.76,14.26,5880.6,1.7897,54.45,3.68358,202.595,1.587,3.925,71.5664,0,1.39,1.385,11.09,87.96,0.9571,5880.6,2.6977,54.45,4.24924,614.628,7.937,11.79,84.2103,1.587,1.649,1.385,3.861,96.14,0,5880.6,2.0705,54.45,2.94383,191.516,3.175,3.525,97.9464,0,1.684,1.385,2.599,97.4,0,5880.6,1.9439,54.45,1.27935,131,0,2.332,84.6805,0,1.476,1.385,21.75,24.124,33.515,16.4713,81,5.245,57.983,57.722,9.6612,11.547,24.056,20.25,50.832,6.548,9.271,0.589904,0.535352,8.1,2200,5750,0,9.19231,15.75,5919.4,5.09211,25.4,5.798,5.798,0,0,0,10.24,17.34,3200,38.6366,1.195,41.2662,1.391,52.3472,1.1,-1.8125
2026-09-07T08:35:12.352237+00:00,1.27412,513.103,108,22.4,77.6,0,5907.6,3.71,54.7,7.09304,1328.41,26.15,21.8,278.67,6.154,5.307,1.39,36.47,63.53,0,5907.6,5.4482,54.7,9.96125,1760.98,32.31,34.18,499.84,4.615,9.579,1.39,6.597,84.8,8.599,5902.2,2.177,54.65,5.26431,349.51,10.77,6.734,70.2905,1.538,1.364,1.385,38.15,61.85,0,5902.2,5.3294,54.65,9.78702,1516.43,21.54,29.5,829.657,12.31,15.74,1.385,4.472,79.85,15.68,5021.49,1.8394,46.4953,3.99457,216.162,4.615,4.173,79.8214,1.538,1.545,1.39,12.08,87.49,0.4275,5896.8,2.8578,54.6,4.75555,646.463,12.31,12.37,108.268,1.538,2.113,1.39,4.36,95.64,0,5896.8,2.1498,54.6,3.24038,216.552,7.692,3.97,89.8963,0,1.516,1.39,2.878,97.12,0,5896.8,1.9685,54.6,1.57083,127.067,3.077,2.281,91.6446,1.538,1.576,1.39,20.25,24.858,34.429,17.1082,85.5,5.2625,59.08,59.256,9.6772,11.566,24.891,20.5,51.784,9.231,9.612,0.825091,0.328771,8.55,2200,5750,0,9.36538,16,5912.42,5.30627,32.31,5.908,5.908,0,0,0,10.59,18.01,3200,38.5153,1.195,41.2616,1.388,52.4827,1.1,-1.8125
2026-09-07T08:35:13.371292+00:00,1.17494,469.928,108,21.42,78.58,0,5907.6,3.7508,54.7,7.08955,1273.44,14.06,21.83,211.339,6.25,3.969,1.4,31.26,68.74,0,5907.6,4.9785,54.7,8.8636,1630.94,29.69,31.64,306.803,3.125,5.726,1.395,6.163,86.45,7.385,5030.69,2.2023,46.5805,5.09143,305.853,3.125,5.917,90.5837,1.562,1.78,1.395,38.63,61.37,0,5030.69,5.3001,46.5805,9.38439,1736.54,26.56,33.85,612.413,9.375,12.02,1.395,4.006,83.52,12.48,5030.69,1.8476,46.5805,3.87149,191.317,3.125,3.726,75.2208,1.562,1.47,1.395,9.523,90.35,0.1309,5030.69,2.6451,46.5805,4.2877,507.761,10.94,9.802,91.802,1.562,1.8,1.395,3.814,96.19,0,5907.6,2.1091,54.7,3.07402,177.414,4.688,3.257,98.4845,1.562,1.741,1.395,2.676,97.32,0,5907.6,1.9784,54.7,1.53344,117.904,1.562,2.101,91.0339,1.562,1.577,1.395,20.25,24.839,34.516,16.4287,75.5,5.2476,59.114,59.231,9.6623,11.549,24.868,20,51.837,7.52,8.889,0.579624,0.23609,7.55,2200,5750,0,9.23718,16,5918.57,5.12487,29.69,5.911,5.911,0,0,0,10.58,17.29,3200,38.5371,1.195,41.2365,1.391,52.5952,1.1,-1.8125
2026-09-07T08:35:14.388160+00:00,1.19055,479.954,108,21.32,78.68,0,5891.4,3.7184,54.55,6.95375,1268.36,15.62,21.25,232.538,4.762,4.345,1.385,33.54,66.46,0,5030.69,5.1617,46.5805,8.98601,1596.44,26.56,30.97,484.897,4.688,9.267,1.39,6.474,87.17,6.36,5030.69,2.2564,46.5805,5.172,322.438,3.175,6.223,95.1645,1.587,1.859,1.39,37.04,62.96,0,5030.69,5.1724,46.5805,9.13017,1906.43,31.25,37.1,358.151,4.688,6.704,1.39,4.097,85.41,10.5,5030.69,1.9264,46.5805,3.87399,216.235,3.175,4.163,67.5544,3.175,1.312,1.39,10.05,89.71,0.2396,5030.69,2.7338,46.5805,4.33594,549.549,6.25,10.55,90.6915,3.175,1.765,1.39,3.736,96.26,0,5030.69,2.1324,46.5805,3.06918,180.435,3.125,3.362,92.4097,1.562,1.614,1.39,2.8,97.2,0,5907.6,2.0014,54.7,1.49156,127.506,1.562,2.253,90.4598,0,1.523,1.39,15.5,21.725,30.196,16.3767,81,5.2538,54.684,54.742,9.622,11.501,21.711,19.75,47.476,7.148,9.016,0.532496,0.249442,8.1,2200,5750,0,9.17308,15.5,5918.51,5.06061,31.25,5.468,5.468,0,0,0,9.239,17.24,3200,38.5091,1.195,41.2873,1.392,52.746,1.1,-1.8125
2026-09-07T08:35:15.406414+00:00,1.18829,479.377,108,20.83,79.17,0,5891.4,3.6759,54.55,6.8625,1239.35,21.88,21.25,202.819,7.692,3.786,1.39,37.57,62.43,0,5902.2,5.1955,54.65,9.038,1904.56,35.94,37.08,439.706,12.5,8.388,1.395,6.138,87.25,6.616,5026.09,2.249,46.5379,5.10738,320.731,7.812,6.2,80.1691,4.688,1.555,1.395,32.58,67.42,0,5026.09,5.0933,46.5379,9.13075,1508.45,23.44,29.28,503.325,12.7,9.603,1.395,4.129,82.89,12.99,5026.09,1.8581,46.5379,3.78463,208.251,7.812,4.052,71.002,4.688,1.373,1.395,10.92,88.39,0.6904,5026.09,2.7487,46.5379,4.43688,576.948,7.937,11.08,113.785,6.25,2.218,1.395,3.758,96.24,0,5902.2,2.102,54.65,2.995,188.346,7.812,3.472,86.9013,1.562,1.464,1.395,2.915,97.09,0,5902.2,1.9882,54.65,1.50113,131.514,6.25,2.33,94.1844,4.688,1.59,1.395,13.125,20.154,28.013,16.4298,80.5,5.2502,52.523,52.538,9.6193,11.496,20.154,19.5,45.284,10.85,9.045,0.639647,0.253743,8.05,2200,5750,0,8.95513,16,5918.94,5.0705,35.94,5.252,5.252,0,0,0,8.576,17.29,3200,38.635,1.195,41.266,1.392,52.96,1.1,-1.8125
2026-09-07T08:35:16.427069+00:00,1.18297,478.218,108,21.56,78.44,0,5896.8,3.8081,54.6,7.25499,1281.68,18.75,21.99,219.101,7.937,4.107,1.395,31.17,68.83,0,5902.2,4.9892,54.65,8.65847,1385.7,17.19,26.83,560.114,7.812,10.75,1.39,6.368,86.38,7.256,5026.09,2.2049,46.5379,5.16321,320.845,3.125,6.211,90.73,0,1.768,1.39,37.87,62.13,0,5026.09,5.0917,46.5379,8.74888,1098,17.19,21.23,1242.72,15.38,24.12,1.39,4.025,81.86,14.12,5026.09,1.7792,46.5379,3.76086,203.25,4.688,3.946,70.3295,0,1.359,1.39,10.18,89.32,0.5049,5026.09,2.7083,46.5379,4.21891,553.62,7.812,10.63,96.3426,0,1.88,1.39,4.283,95.72,0,5902.2,2.1134,54.65,3.09565,205.898,3.125,3.846,100.292,0,1.683,1.39,2.839,97.16,0,5902.2,1.9634,54.65,1.35539,129.151,0,2.292,93.7103,0,1.619,1.39,15.5,20.602,28.618,16.3909,81,5.2494,53.184,53.195,9.6611,11.547,20.612,19.375,45.939,6.438,9.017,0.588618,0.248689,8.1,2200,5750,0,9.16667,15.5,5917.22,5.14273,18.75,5.318,5.318,0,0,0,8.771,17.25,3200,38.5504,1.195,41.3147,1.391,52.9041,1.1,-1.8125
2026-09-07T08:35:17.445260+00:00,1.48549,604.707,108,26.47,73.53,0,5896.8,4.2067,54.6,8.22172,1570.25,29.69,26.81,295.78,6.154,5.561,1.395,48.59,51.41,0,5902.2,5.84,54.65,10.3458,2400.49,48.44,46.85,659.04,7.812,12.65,1.385,9.859,85.76,4.382,5026.09,2.6044,46.5379,6.2286,530.144,7.812,10.21,95.8163,3.125,1.864,1.385,32.55,67.45,0,5902.2,5.3404,54.65,10.1308,1448.39,26.56,28.07,597.975,10.94,11.38,1.385,6.959,80.98,12.06,5026.09,2.1545,46.5379,4.70308,355.66,4.688,6.854,100.905,4.688,1.961,1.385,13.88,85.68,0.4405,5902.2,3.0703,54.65,5.27277,747.282,18.46,14.35,155.314,3.125,3.015,1.385,5.743,94.26,0,5902.2,2.2727,54.65,3.61186,296.262,4.688,5.504,99.7395,3.125,1.757,1.385,4.501,95.5,0,5902.2,2.1245,54.65,1.95508,203.606,3.125,3.744,118.663,1.562,2.075,1.385,17.375,24.393,33.833,16.9254,96.5,5.2709,58.428,58.241,9.6892,11.58,24.353,19.625,51.211,11.5,11.42,1.00633,0.42739,9.65,2200,5750,0,9.14744,16.25,5914.08,5.61762,48.44,5.843,5.843,0,0,0,10.36,17.82,3200,38.5536,1.195,41.2422,1.389,52.97,1.1,-1.8125
2026-09-07T08:35:18.208560+00:00,1.16022,468.959,108,20.78,79.22,0,5907.6,3.6194,54.7,6.83635,1234.61,12.5,21.53,187.101,1.562,3.509,1.39,38.64,61.36,0,5026.09,5.2503,46.5379,9.0135,1570.52,14.06,30.56,854.39,14.06,16.56,1.395,5.856,86.85,7.291,5026.09,2.1285,46.5379,5.00434,306.882,4.615,5.943,78.0563,0,1.52,1.395,30.07,69.93,0,5026.09,4.8588,46.5379,8.70243,1495.94,20.31,29.06,365.031,4.688,6.858,1.395,4.174,81.34,14.48,5026.09,1.8199,46.5379,3.7666,183.214,0,3.558,96.9191,1.538,1.883,1.395,9.538,89.67,0.7912,5030.69,2.6295,46.5805,4.11943,510.358,9.375,9.807,100.75,1.538,1.963,1.39,3.887,96.11,0,5907.6,2.0961,54.7,3.01648,187.314,0,3.459,96.5366,1.562,1.69,1.39,3.079,96.92,0,5907.6,1.9772,54.7,1.44252,134.235,0,2.35,101.483,0,1.687,1.39,18.375,23.644,32.845,16.2904,72.5,5.2602,57.433,57.419,9.6415,11.523,23.682,19.375,50.154,5.364,8.871,0.517348,0.215421,7.25,2200,5750,0,9.27564,15.5,5919.36,5.06132,20.31,5.743,5.743,0,0,0,10.08,17.15,3200,38.6462,1.195,41.2577,1.391,53,1.1,-1.8125
2026-09-07T08:35:19.225229+00:00,1.22775,493.302,108,21.24,78.76,0,5902.2,3.6965,54.65,6.99334,1264.46,15.62,21.18,235.237,7.812,4.367,1.39,39.99,60.01,0,5907.6,5.2519,54.7,9.01709,1780.68,28.12,34.71,690.553,6.25,13.32,1.39,6.701,89.74,3.555,5030.69,2.2955,46.5805,5.20678,341.438,6.25,6.606,87.8615,3.125,1.709,1.39,34.13,65.87,0,5907.6,5.325,54.7,9.4446,1663.65,25,32.31,426.491,6.25,8.045,1.39,3.976,85,11.02,5030.69,1.8562,46.5805,3.85251,198.423,1.562,3.857,71.574,1.562,1.385,1.39,9.683,90.23,0.08907,5907.6,2.5964,54.7,4.02475,522.174,3.125,10.03,86.8869,3.125,1.701,1.39,4.108,95.89,0,5907.6,2.1329,54.7,3.10176,192.521,3.125,3.56,104.916,0,1.868,1.39,2.953,97.05,0,5907.6,1.9759,54.7,1.30088,134.596,1.562,2.396,91.3774,1.562,1.539,1.39,18.375,26.415,36.684,16.449,72.5,5.2629,61.286,61.461,9.6784,11.568,26.419,19.25,54.04,7.129,9.286,0.671696,0.271998,7.25,2200,5750,0,9.14103,15.75,5918.43,5.13555,28.12,6.129,6.129,0,0,0,11.24,17.31,3200,38.6502,1.195,41.2261,1.39,52.9296,1.1,-1.8125
2026-09-07T08:35:20.243269+00:00,1.18521,473.614,108,21.24,78.76,0,5902.2,3.6751,54.65,6.81488,1263.26,26.56,22,189.023,7.937,3.591,1.39,39.52,60.48,0,5902.2,5.3183,54.65,9.07028,1744.08,34.38,34.02,677.193,7.812,13.07,1.39,5.402,90.05,4.55,5026.09,2.1241,46.5379,4.84588,276.115,7.937,5.337,78.2723,3.175,1.521,1.39,31.78,68.22,0,5902.2,5.1016,54.65,9.093,1637.3,23.44,31.87,320.456,3.125,6.012,1.39,4.156,82.54,13.31,5026.09,1.7896,46.5379,3.64508,215.251,3.175,4.197,61.9144,1.587,1.19,1.39,9.554,89.42,1.03,5902.2,2.5771,54.65,4.07191,518.057,6.25,9.962,82.8619,1.587,1.618,1.39,4.071,95.93,0,5902.2,2.1006,54.65,2.93399,187.959,6.25,3.443,105.789,1.562,1.854,1.39,2.79,97.21,0,5902.2,1.9612,54.65,1.34977,133.938,1.562,2.392,86.3482,1.562,1.493,1.39,19.375,23.913,33.222,16.4443,80.5,5.2649,57.725,57.542,9.6632,11.549,23.867,19.25,50.563,8.619,8.973,0.537118,0.242702,8.05,2200,5750,0,9.25641,15.75,5919.71,5.00351,34.38,5.773,5.773,0,0,0,10.16,17.31,3200,38.5944,1.195,41.1857,1.391,52.8996,1.1,-1.8125
2026-09-07T08:35:21.260618+00:00,1.23362,494.084,108,21.4,78.6,0,5902.2,3.6903,54.65,6.8257,1272.71,18.75,21.88,211.755,4.615,4.02,1.39,35.7,64.3,0,5896.8,5.5022,54.6,9.91879,1402.48,18.75,27.21,813.682,17.19,15.72,1.395,5.875,90,4.123,5896.8,2.2316,54.6,5.00338,296.997,3.077,5.755,88.1382,0,1.724,1.395,40.16,59.84,0,5896.8,5.4551,54.6,9.74012,2215.79,29.69,43.2,227.946,1.562,4.219,1.395,3.846,85.31,10.84,5021.49,1.8477,46.4953,3.68468,191.267,7.812,3.721,69.8033,0,1.355,1.395,9.624,90.03,0.3426,5896.8,2.6534,54.6,4.4233,515.733,6.25,9.904,93.5662,3.125,1.83,1.395,3.83,96.17,0,5896.8,2.1088,54.6,2.92993,198.465,3.125,3.715,81.7162,0,1.401,1.395,2.924,97.08,0,5896.8,1.991,54.6,1.60736,132.669,0,2.371,92.6368,3.125,1.549,1.395,27.5,22.736,31.594,16.6688,84,5.2523,56.052,56.052,9.5948,11.468,22.718,19.5,48.839,7.317,9.349,0.615041,0.261147,8.4,2200,5750,0,9.36538,16,5919.03,5.08571,29.69,5.605,5.605,0,0,0,9.667,17.55,3200,38.6476,1.195,41.2843,1.391,52.97,1.1,-1.8125
2026-09-07T08:35:22.279078+00:00,1.45848,583.275,108,22.93,77.07,0,5907.6,3.8228,54.7,7.60296,1363.03,22.22,23.34,218.837,6.349,4.097,1.39,49.33,50.67,0,5891.4,6.7553,54.55,13.0272,2189.6,36.51,42.51,868.053,17.46,16.81,1.385,7.392,91.12,1.489,5891.4,2.4709,54.55,5.82565,397.224,14.29,7.634,79.1638,1.562,1.543,1.385,44.37,55.63,0,5891.4,6.5137,54.55,12.8512,2341.8,44.44,45.6,388.708,4.762,7.308,1.385,4.518,87.08,8.4,5016.9,1.9924,46.4527,4.30524,232.835,3.125,4.51,72.6863,1.562,1.408,1.385,10.32,89.68,0,5891.4,2.7102,54.55,5.06814,555.316,12.7,10.55,96.7455,1.562,1.882,1.385,4.132,95.87,0,5891.4,2.1071,54.55,3.25676,199.609,6.349,3.645,101.156,1.562,1.754,1.385,2.864,97.14,0,5891.4,1.9916,54.55,1.77943,139.786,3.175,2.5,87.8524,1.587,1.525,1.385,22.25,23.449,32.519,19.0363,75,5.2672,57.124,57.113,9.6187,11.496,23.494,21.625,49.809,11.2,11.04,0.877966,0.33378,7.5,2200,5750,0,9.19231,15.5,5910.98,5.97307,44.44,5.712,5.712,0,0,0,9.997,20.04,3200,38.6894,1.195,41.2936,1.388,52.9649,1.1,-1.8125
2026-09-07T08:35:23.297613+00:00,1.1986,477.89,108,22.6,77.4,0,5902.2,3.833,54.65,7.30959,1344.04,20,23.55,185.3,4.615,3.526,1.39,34.18,65.82,0,5030.69,5.0086,46.5805,8.9606,1371.22,21.54,26.77,749.888,12.31,14.43,1.395,6.418,88.43,5.155,5030.69,2.2478,46.5805,5.29039,333.563,9.231,6.456,74.9912,3.077,1.462,1.395,36,64,0,5907.6,5.2304,54.7,9.36559,1899.53,29.23,37.06,284.977,6.154,5.341,1.395,4.292,83.34,12.37,5030.69,1.8915,46.5805,3.94735,215.784,6.154,4.174,82.8546,3.077,1.608,1.395,9.737,89.91,0.3511,5030.69,2.6444,46.5805,4.32223,525.265,7.692,10.07,83.3215,3.077,1.623,1.395,3.93,96.07,0,5907.6,2.0744,54.7,3.03741,171.517,4.615,3.181,112.41,3.077,1.935,1.395,2.703,97.3,0,5907.6,1.9579,54.7,1.52577,129.84,3.077,2.337,81.7398,3.077,1.398,1.395,19.5,20.287,28.187,16.5846,76.5,5.2476,52.765,53.001,9.6264,11.505,20.329,21,45.465,8.75,9.059,0.655014,0.281233,7.65,2200,5750,0,8.9359,15.25,5918.46,5.2116,29.23,5.276,5.276,0,0,0,8.651,17.46,3200,38.6135,1.195,41.2646,1.391,52.9306,1.1,-1.8125
2026-09-07T08:35:24.315513+00:00,1.09985,445.454,108,19.9,80.1,0,5896.8,3.541,54.6,6.61836,1184.26,17.19,19.66,246.497,6.25,4.744,1.395,30.8,69.2,0,5907.6,4.7168,54.7,8.26578,1306.97,21.88,25.47,623.371,3.125,12.02,1.39,5.355,83.93,10.72,5030.69,1.9672,46.5805,4.69489,272,6.25,5.251,75.2429,0,1.461,1.39,34.96,65.04,0,5030.69,5.1046,46.5805,8.93236,1727.42,21.88,33.7,401.584,4.688,7.756,1.39,3.65,79.87,16.48,5030.69,1.6638,46.5805,3.42435,182.655,4.688,3.543,63.0549,0,1.221,1.39,9.224,87.43,3.343,5030.69,2.4877,46.5805,4.04597,473.26,10.94,9.107,101.194,4.688,1.973,1.39,3.53,96.47,0,5907.6,2.0239,54.7,2.84381,171.53,9.375,3.209,92.4983,0,1.647,1.39,2.57,97.43,0,5030.69,1.9119,46.5805,1.38377,123.098,3.125,2.165,82.6182,0,1.451,1.39,17.875,19.452,27.031,16.2965,77,5.248,51.501,51.516,9.5994,11.473,19.448,20.5,44.277,7.129,8.398,0.597239,0.245367,7.7,2200,5750,0,9.25,15.75,5919.85,4.95428,21.88,5.15,5.15,0,0,0,8.276,17.15,3200,38.5361,1.195,41.1904,1.391,52.9198,1.1,-1.8125
2026-09-07T08:35:25.336037+00:00,1.16628,467.852,108,20.16,79.84,0,5886,3.5756,54.5,6.74536,1200.22,21.88,20.65,193.413,7.937,3.705,1.385,31.4,68.6,0,5907.6,4.9617,54.7,8.89809,1332.14,17.19,25.8,631.801,12.5,12.13,1.395,6.323,88.16,5.518,5030.69,2.2329,46.5805,5.0994,327.205,11.11,6.311,78.8497,3.175,1.537,1.395,38.34,61.66,0,5030.69,5.2625,46.5805,9.3135,1669.12,23.81,32.46,657.089,6.349,12.59,1.395,3.774,82.99,13.24,5030.69,1.7722,46.5805,3.68248,190.669,7.937,3.7,65.5303,1.587,1.274,1.395,9.751,89.78,0.4646,5030.69,2.6573,46.5805,4.4178,515.161,9.524,9.91,103.664,1.587,2.032,1.395,4.357,95.64,0,5907.6,2.1524,54.7,3.08735,222.193,3.125,4.069,95.4596,6.25,1.694,1.395,2.521,97.48,0,5907.6,1.9464,54.7,1.61446,119.204,3.125,2.145,83.8984,3.125,1.463,1.395,20.25,19.456,27.038,16.3402,70,5.2447,51.466,51.385,9.574,11.443,19.446,20,44.249,8.763,8.841,0.511362,0.219999,7,2200,5750,0,9.08974,15.75,5917.64,5.0507,23.81,5.147,5.147,0,0,0,8.275,17.2,3200,38.6777,1.195,41.261,1.391,52.9197,1.1,-1.75
2026-09-07T08:35:26.355040+00:00,1.22463,494.334,108,20.17,79.83,0,5907.6,3.5479,54.7,6.87413,1201.21,7.812,19.73,259.504,6.154,4.916,1.395,37.51,62.49,0,5907.6,5.4537,54.7,9.93744,1794.05,32.81,34.88,530.292,1.562,9.868,1.39,6.881,88.19,4.931,5896.8,2.2719,54.6,5.29006,348.219,6.154,6.741,88.8612,0,1.723,1.38,39.55,60.45,0,5896.8,5.6997,54.6,10.4059,1304.95,23.08,25.2,1107.49,12.31,21.56,1.38,3.588,84.02,12.39,5891.4,1.7703,54.55,3.76632,171.257,1.538,3.213,76.3488,1.538,1.47,1.385,8.358,89.98,1.66,5891.4,2.4968,54.55,4.24889,456.065,3.077,8.734,79.0859,0,1.535,1.385,3.984,96.02,0,5891.4,2.0968,54.55,3.0889,185.328,0,3.404,108.434,0,1.861,1.385,2.426,97.57,0,5891.4,1.9257,54.55,1.45005,115.913,0,2.086,82.3241,0,1.43,1.385,21.25,20.575,28.585,16.9349,70.5,5.2008,52.939,52.947,9.5265,11.387,20.578,20.25,45.693,6.002,9.271,0.707587,0.271508,7.05,2200,5750,0,8.90385,15.75,5918.16,5.34038,32.81,5.294,5.294,0,0,0,8.757,17.83,3200,38.5302,1.195,41.2621,1.391,52.9248,1.1,-1.8125
2026-09-07T08:35:27.374198+00:00,1.34213,535.925,108,23.34,76.66,0,5902.2,3.9202,54.65,7.90053,1386.83,14.06,23.71,241.953,3.125,4.607,1.39,40.7,59.3,0,5891.4,6.0994,54.55,11.5609,1800.33,23.44,35.16,676.194,9.375,13.4,1.385,6.101,90.6,3.302,5891.4,2.2687,54.55,5.65278,309.043,3.125,5.978,84.925,0,1.667,1.385,44.41,55.59,0,5891.4,5.9904,54.55,11.2689,1501.07,25,29.38,1229.49,15.62,23.63,1.385,3.725,88.07,8.208,5016.9,1.861,46.4527,4.18619,172.138,0,3.445,79.2633,0,1.56,1.385,9.593,90.34,0.06216,5016.9,2.6165,46.4527,4.63501,501.955,6.25,9.667,103.92,0,2.048,1.385,3.723,96.28,0,5891.4,2.0873,54.55,3.38313,173.361,3.125,3.303,103.65,0,1.799,1.385,2.614,97.39,0,5891.4,1.9442,54.55,1.59885,121.5,0,2.199,89.1799,0,1.553,1.385,24.125,22.193,30.819,17.7132,81,5.2634,55.348,55.173,9.6304,11.51,22.178,20.75,48.118,6.445,10.19,0.811814,0.348689,8.1,2200,5750,0,9.21795,15.75,5915.47,5.8979,25,5.535,5.535,0,0,0,9.437,18.65,3200,38.5746,1.195,41.2593,1.39,52.8088,1.1,-1.8125
2026-09-07T08:35:28.394096+00:00,1.58529,630.424,108,23.75,76.25,0,5875.2,3.8271,54.4,7.93844,1407.19,15.62,25.1,186.646,4.688,3.562,1.38,49.43,50.57,0,5886,7.5252,54.5,15.522,2356.35,32.81,46.08,701.754,12.5,13.53,1.385,7.698,91.15,1.156,5012.3,2.4129,46.4102,6.01018,361.199,6.25,6.995,129.057,0,2.521,1.385,55.18,44.82,0,5886,7.4083,54.5,15.0351,1753.51,25,34.21,1658.02,25,32.61,1.385,4.551,89,6.448,5012.3,1.9595,46.4102,4.47889,213.114,1.562,4.13,94.6324,0,1.838,1.385,10.56,89.34,0.1017,5012.3,2.6207,46.4102,5.30603,546.19,6.25,10.46,117.498,0,2.277,1.385,4.384,95.62,0,5886,2.0658,54.5,3.4407,213.793,1.562,4.004,110.196,0,2.003,1.385,2.968,97.03,0,5886,1.9155,54.5,1.79108,133.465,0,2.417,104.186,0,1.821,1.385,25.125,24.841,34.301,21.2914,121,5.26,58.763,58.779,9.5852,11.457,24.806,23.5,51.544,8.203,12.1,1.02139,0.385316,12.1,2200,5750,0,9.08974,15.75,5900.32,6.49585,32.81,5.876,5.876,0,0,0,10.56,22.41,3200,38.5729,1.195,41.2392,1.382,52.2492,1.1,-1.8125
2026-09-07T08:35:29.412575+00:00,1.53683,615.712,108,23.73,76.27,0,5891.4,3.731,54.55,7.57848,1407.48,20.31,23.28,306.354,3.125,5.829,1.39,55.9,44.1,0,5880.6,7.4484,54.45,14.8512,2843.98,40.62,55.69,567.153,4.688,10.98,1.38,6.25,89.05,4.7,5007.7,2.2142,46.3676,5.61629,325.293,3.125,6.265,78.3316,0,1.52,1.38,46.33,53.67,0,5880.6,6.9337,54.45,14.0767,1104.16,10.94,21.43,1748.72,23.44,34.14,1.38,4.134,87.56,8.306,5880.6,1.8946,54.45,4.24279,200.568,1.562,3.879,84.3061,0,1.638,1.385,10.44,89.13,0.4281,5880.6,2.6485,54.45,5.24726,549.877,7.812,10.54,103.374,0,2.002,1.385,4.164,95.84,0,5880.6,2.0735,54.45,3.35746,204.623,0,3.856,105.208,0,1.828,1.385,2.737,97.26,0,5880.6,1.9018,54.45,1.72973,128.311,0,2.327,93.6505,0,1.64,1.385,29.875,23.37,32.356,20.4157,111,5.2072,56.821,56.846,9.5545,11.42,23.394,24.25,49.504,7.227,11.68,1.28669,0.386583,11.1,2200,5750,0,9.48718,16,5906.56,6.33619,40.62,5.682,5.682,0,0,0,9.955,21.49,3200,38.6199,1.195,41.2577,1.386,52.1642,1.1,-1.8125
2026-09-07T08:35:30.431711+00:00,1.58625,631.514,108,23.39,76.61,0,5902.2,3.7112,54.65,7.49634,1387.44,23.44,23.07,281.727,1.562,5.339,1.39,52.98,47.02,0,5907.6,7.1563,54.7,14.6844,2685.6,39.06,52.52,558.896,7.937,10.78,1.39,6.697,85.39,7.916,5030.69,2.2121,46.5805,5.62867,340.196,9.375,6.58,88.8521,1.587,1.727,1.39,53.79,46.21,0,5907.6,8.164,54.7,16.9719,1276.73,26.56,24.84,2004.23,25,39.19,1.39,4.702,82.82,12.48,5030.69,1.8505,46.5805,4.17075,203.778,4.762,3.956,105.613,1.587,2.054,1.39,9.846,87.14,3.013,5030.69,2.5581,46.5805,5.46486,495.708,6.25,9.552,126.721,1.587,2.463,1.39,4.539,95.46,0,5907.6,2.0764,54.7,3.26593,201.565,1.562,3.811,130.661,0,2.335,1.39,2.669,97.33,0,5907.6,1.8604,54.7,1.68959,130.996,1.562,2.397,85.5233,0,1.526,1.39,21.75,23.999,33.139,22.1833,120,5.2139,57.558,57.679,9.549,11.413,24.01,25.625,50.288,9.49,12.01,0.890512,0.344057,12,2200,5750,0,8.94872,15.5,5897.6,6.36704,39.06,5.756,5.756,0,0,0,10.22,23.35,3200,38.6684,1.195,41.2629,1.382,52.1466,1.1,-1.8125
2026-09-07T08:35:31.450486+00:00,1.48367,593.032,108,26.44,73.56,0,5907.6,3.9696,54.7,7.94183,1560.98,20.63,27.78,212.564,4.762,4.026,1.39,47.99,52.01,0,5907.6,7.0554,54.7,14.0439,1979.99,28.57,38.75,1071.98,10.94,20.91,1.395,7.032,85.19,7.774,5030.69,2.0839,46.5805,5.27821,368.837,12.7,7.15,76.5857,0,1.487,1.395,44.29,55.71,0,5902.2,6.1519,54.65,12.1566,1727.2,30.16,33.53,975.893,17.46,19.11,1.39,4.632,78.23,17.14,5026.09,1.6882,46.5379,3.81394,206.272,4.688,4.001,100.848,0,1.953,1.39,11.18,87.23,1.591,5026.09,2.6513,46.5379,4.9249,567.821,11.11,10.99,122.524,3.125,2.392,1.39,4.227,95.77,0,5902.2,2.0054,54.65,3.04501,192.352,3.175,3.424,117.072,1.587,2.094,1.395,2.578,97.42,0,5902.2,1.8369,54.65,1.51091,119.856,1.587,2.179,87.7371,0,1.494,1.395,18.5,22.491,31.002,19.6333,76,5.1728,55.28,55.235,9.4644,11.313,22.501,25.75,48.005,9.406,11.33,0.970584,0.331909,7.6,2200,5750,0,8.91026,15.75,5900.47,5.90371,30.16,5.528,5.528,0,0,0,9.575,20.67,3200,38.679,1.195,41.2909,1.382,52.0782,1.1,-1.8125
2026-09-07T08:35:32.216505+00:00,1.23322,499.378,108,21.26,78.74,0,5902.2,3.6925,54.65,7.18485,1264.14,18.46,20.29,303.468,7.692,5.77,1.39,40.61,59.39,0,5907.6,5.5529,54.7,10.1,1898.5,33.85,36.9,604.79,12.31,11.65,1.39,5.837,86.81,7.351,5030.69,2.1664,46.5805,5.26789,302.457,10.77,5.834,73.3536,3.077,1.421,1.39,34.17,65.83,0,5907.6,5.3669,54.7,10.1261,1701.05,21.54,33.3,388.124,6.154,7.373,1.39,4.223,83.65,12.13,5030.69,1.8539,46.5805,4.01839,192.228,3.077,3.734,95.0976,1.538,1.847,1.39,10.43,88.9,0.6614,5907.6,2.718,54.7,4.67337,562.396,4.615,10.75,98.6822,1.538,1.924,1.39,4.194,95.81,0,5907.6,2.1264,54.7,3.25901,202.771,3.077,3.838,95.2078,3.077,1.647,1.39,2.597,97.4,0,5907.6,1.9523,54.7,1.68978,117.922,3.077,2.112,89.8646,1.538,1.526,1.39,18.375,20.346,28.265,17.2269,89,5.215,52.66,52.701,9.5368,11.399,20.363,24.75,45.4,8.462,9.369,0.644466,0.297422,8.9,2200,5750,0,9.12821,15.5,5916,5.41399,33.85,5.266,5.266,0,0,0,8.665,18.13,3200,38.6545,1.195,41.3554,1.391,52.1994,1.1,-1.8125
2026-09-07T08:35:33.232867+00:00,1.37,551.235,108,22.78,77.22,0,5907.6,3.8283,54.7,7.47575,1354.13,18.75,22.16,290.014,6.25,5.465,1.39,47.31,52.69,0,5011.88,6.1598,46.4062,11.4891,2173.94,29.69,42.6,737.001,14.06,14.23,1.345,5.809,92.32,1.872,5837.4,2.2974,54.05,5.39688,302.551,6.25,5.758,84.9777,0,1.666,1.355,39.64,60.36,0,5837.4,6.3177,54.05,12.1003,2063.91,32.81,39.77,360.498,0,6.916,1.345,4.308,88.03,7.658,5837.4,1.9505,54.05,4.08975,210.32,3.125,4.078,75.6858,1.562,1.461,1.345,11.1,88.88,0.01707,5837.4,2.7857,54.05,4.92663,587.268,9.375,11.35,103.544,0,2.018,1.345,3.509,96.49,0,5837.4,2.0662,54.05,3.1465,155.908,0,2.867,112.041,0,1.977,1.345,2.54,97.46,0,5837.4,1.9442,54.05,1.583,119.659,1.562,2.178,88.3004,0,1.501,1.345,22.625,22.032,30.583,17.912,71.5,5.2149,55,54.727,9.588,11.46,21.999,24,47.779,7.715,10.37,0.950376,0.357345,7.15,2200,5750,0,9.22436,16.25,5915.3,5.68313,32.81,5.5,5.5,0,0,0,9.361,18.85,3200,38.725,1.195,41.325,1.389,52.831,1.1,-1.8125
2026-09-07T08:35:34.252257+00:00,1.33174,528.316,108,21.89,78.11,0,5891.4,3.6845,54.55,7.2387,1300.23,10.94,21.65,248.845,0,4.7,1.39,43.87,56.13,0,5896.8,6.3207,54.6,12.259,2142.96,25,41.82,537.375,3.125,10.34,1.385,5.899,89.49,4.611,5021.49,2.1866,46.4953,5.28112,278.111,1.562,5.457,94.3804,0,1.839,1.385,42.84,57.16,0,5896.8,6.2257,54.6,12.0793,1999.72,37.5,39.38,575.113,4.688,11.02,1.385,3.797,82.99,13.22,5021.49,1.7698,46.4953,3.87751,187.271,0,3.655,66.7004,0,1.304,1.385,8.605,91.11,0.2881,5021.49,2.4933,46.4953,4.57668,445.079,4.688,8.586,95.4317,0,1.861,1.385,3.738,96.26,0,5896.8,2.0542,54.6,3.094,170.172,0,3.155,107.376,1.562,1.86,1.385,2.529,97.47,0,5896.8,1.9222,54.6,1.60291,118.17,0,2.139,86.1131,0,1.501,1.385,21.75,22.62,31.328,18.4228,79.5,5.2524,55.905,56.131,9.6742,11.562,22.619,23.75,48.668,5.566,10.02,0.720705,0.291899,7.95,2200,5750,0,9.26282,15.5,5911.62,5.74184,37.5,5.59,5.59,0,0,0,9.625,19.39,3200,38.7078,1.195,41.2871,1.387,52.7189,1.1,-1.8125
2026-09-07T08:35:35.273424+00:00,1.59338,636.062,108,22.94,77.06,0,5859,3.7432,54.25,7.53166,1360.56,14.06,22.89,279.756,3.125,5.262,1.375,44.64,55.36,0,5880.6,7.3868,54.45,15.5224,2185.24,28.12,42.56,576.894,4.688,11.14,1.375,6.585,89.04,4.375,5880.6,2.2336,54.45,5.4985,341.027,9.375,6.597,85.0373,0,1.659,1.375,64.83,35.17,0,5880.6,8.1675,54.45,16.3716,3574.08,57.81,69.91,358.427,3.125,6.948,1.375,4.377,87.74,7.878,5007.7,1.9123,46.3676,4.18519,209.868,1.562,4.08,86.2028,0,1.68,1.375,9.413,88.28,2.306,5880.6,2.4601,54.45,5.208,477.512,4.688,9.157,123.06,1.562,2.398,1.375,3.756,96.24,0,5880.6,2.0226,54.45,3.15416,190.737,0,3.618,98.6084,0,1.75,1.375,2.793,97.21,0,5880.6,1.8956,54.45,1.72906,131.598,0,2.437,98.3781,0,1.726,1.375,26.5,24.644,34.025,22.3324,115.5,5.2541,58.564,58.36,9.6246,11.504,24.633,25.75,51.309,8.008,12.11,1.01938,0.376213,11.55,2200,5750,0,9.32051,16.25,5900.33,6.32939,57.81,5.856,5.856,0,0,0,10.48,23.51,3200,38.7468,1.195,41.2692,1.382,52.7697,1.1,-1.8125
2026-09-07T08:35:36.291860+00:00,1.7248,673.374,108,20.39,79.61,0,5869.8,3.2062,54.35,6.67009,1205.68,20.31,20.69,207.251,6.25,3.897,1.375,74.82,25.18,0,5864.4,10.534,54.3,22.7152,3882.84,64.06,76.01,675.441,7.812,13.14,1.38,4.628,69.11,26.27,5864.4,1.5352,54.3,4.64554,239.791,6.25,4.608,59.1898,0,1.129,1.38,55.65,44.35,0,5869.8,7.9949,54.35,17.6341,3049.16,50,59.56,297.874,4.688,5.733,1.37,3.244,66.58,30.17,5044.36,1.3284,46.707,3.4509,156.725,4.688,3.009,60.39,0,1.152,1.37,8.424,72.12,19.45,5044.36,1.9749,46.707,4.9023,442.471,4.688,8.528,79.2879,1.562,1.417,1.37,3.125,96.88,0,5864.4,1.8229,54.3,2.88452,150.376,1.562,2.841,87.3553,0,1.548,1.38,2.195,97.8,0,5864.4,1.7138,54.3,1.50463,96.8631,0,1.787,83.2814,0,1.406,1.38,27,25.539,35.012,29.2279,101.5,5.1519,59.21,59.271,9.4421,11.287,25.528,29.625,51.966,10.74,12.9,0.934229,0.345831,10.15,2200,5750,0,9.32692,15.75,5883.17,7.05912,64.06,5.921,5.921,0,0,0,10.86,30.77,3200,38.6864,1.195,41.2555,1.371,52.9449,1.1,-1.8125
2026-09-07T08:35:37.310050+00:00,1.5579,610.972,108,20.27,79.73,0,5907.6,3.3898,54.7,6.82513,1199.7,19.05,20.41,211.004,3.175,3.91,1.39,57.13,42.87,0,5896.8,7.7408,54.6,16.4976,2773.55,38.1,54.1,742.9,14.29,14.47,1.39,4.591,75.15,20.26,5896.8,1.6349,54.6,4.57551,226.146,4.762,4.353,67.3832,1.587,1.299,1.39,54.99,45.01,0,5896.8,8.1189,54.6,17.2287,2070.53,34.92,40.46,1239.79,22.22,24.23,1.39,3.958,68.69,27.35,5021.49,1.4555,46.4953,3.50063,180.73,4.762,3.505,72.5219,1.587,1.406,1.39,9.387,83.32,7.294,5896.8,2.2765,54.6,5.20354,471.294,9.524,9.076,103.004,1.587,2.102,1.39,3.067,96.93,0,5896.8,1.8597,54.6,2.75215,163.508,3.175,3.093,66.489,1.587,1.186,1.39,2.404,97.6,0,5896.8,1.7626,54.6,1.662,96.2997,1.587,1.747,90.6943,1.587,1.499,1.39,20.75,23.765,32.677,24.6754,74,5.1374,56.869,56.992,9.4139,11.254,23.787,29.625,49.582,10.22,11.68,0.92654,0.327243,7.4,2200,5750,0,9.01923,15.5,5893.25,6.39886,38.1,5.687,5.687,0,0,0,10.12,25.97,3200,38.5384,1.195,41.3384,1.377,52.8525,1.1,-1.8125
2026-09-07T08:35:38.327684+00:00,1.28239,512.754,108,23,77,0,5896.8,3.8134,54.6,7.24814,1368.5,13.85,22.38,291.582,3.077,5.518,1.385,41.36,58.64,0,5030.69,5.6883,46.5805,10.6,2007.91,29.23,39.34,512.952,7.692,9.836,1.39,6.58,88.45,4.972,5030.69,2.2448,46.5805,5.23626,344.583,1.538,6.676,67.7237,0,1.317,1.39,37.56,62.44,0,5030.69,5.687,46.5805,10.7266,1299.85,20,25.43,979.897,10.77,18.98,1.39,3.541,85.19,11.27,5030.69,1.761,46.5805,3.67574,170.571,1.538,3.308,65.3611,0,1.261,1.39,9.947,89.89,0.164,5030.69,2.6106,46.5805,4.54344,531.057,7.692,10.24,91.2465,1.538,1.779,1.39,3.566,96.43,0,5907.6,2.0229,54.7,2.85668,170.405,1.538,3.116,93.519,0,1.644,1.39,2.684,97.32,0,5907.6,1.9302,54.7,1.58738,118.576,0,2.113,90.3395,0,1.493,1.39,19,20.811,28.908,17.2666,70.5,5.208,53.301,53.275,9.5364,11.398,20.824,27.875,46.035,6.154,9.653,0.750665,0.26993,7.05,2200,5750,0,9.04487,15.5,5917.97,5.33812,29.23,5.33,5.33,0,0,0,8.861,18.18,3200,38.6931,1.195,41.3267,1.39,52.9208,1.1,-1.75
2026-09-07T08:35:39.345360+00:00,1.31699,525.28,108,23.63,76.37,0,5896.8,3.8594,54.6,7.61398,1404.69,17.19,23.53,265.951,0,4.989,1.385,42.83,57.17,0,5896.8,5.8908,54.6,11.1502,1947.32,26.56,37.97,665.026,10.94,12.83,1.385,5.467,91.06,3.47,5021.49,2.1886,46.4953,5.39266,283.299,4.688,5.471,74.8198,0,1.465,1.385,39.77,60.23,0,5896.8,6.1699,54.6,11.8642,1035.95,10.94,20.06,1381.07,21.88,26.87,1.385,4.281,85.85,9.869,5021.49,1.8793,46.4953,4.09657,193.619,3.125,3.759,86.6557,1.562,1.691,1.385,9.539,90.46,0,5021.49,2.5931,46.4953,4.72282,490.322,7.812,9.394,105.203,1.562,2.052,1.385,3.409,96.59,0,5896.8,2.0383,54.6,3.16295,170.255,1.562,3.136,84.6918,1.562,1.48,1.385,2.77,97.23,0,5896.8,1.9533,54.6,1.686,121.149,0,2.152,94.4545,0,1.566,1.385,17.125,22.762,31.601,17.7365,79.5,5.2613,56.107,56.128,9.6288,11.508,22.74,26.375,48.896,6.836,9.901,0.70789,0.285213,7.95,2200,5750,0,9.37821,15.5,5916.28,5.7629,26.56,5.611,5.611,0,0,0,9.677,18.67,3200,38.6182,1.195,41.2405,1.389,52.7064,1.1,-1.75
2026-09-07T08:35:40.363623+00:00,1.34695,537.607,108,22.25,77.75,0,5896.8,3.6679,54.6,7.1989,1322.4,12.5,22.33,239.941,1.562,4.519,1.39,40.74,59.26,0,5026.09,6.5626,46.5379,12.7635,2070.69,31.25,40.38,443.185,1.562,8.503,1.39,6.323,87.45,6.229,5026.09,2.1909,46.5379,5.29511,324.986,7.812,6.326,80.8174,1.562,1.575,1.39,44.75,55.25,0,5026.09,5.9104,46.5379,11.3552,1772.86,25,34.59,945.349,9.375,18.36,1.39,4.289,84.34,11.37,5026.09,1.842,46.5379,3.94641,214.068,1.562,4.162,71.7556,0,1.391,1.39,9.819,88.34,1.839,5026.09,2.5529,46.5379,4.61366,506.199,3.125,9.724,112.238,0,2.194,1.39,3.849,96.15,0,5902.2,2.0436,54.65,3.09272,188.9,0,3.476,95.0481,1.562,1.678,1.39,2.669,97.33,0,5026.09,1.9052,46.5379,1.60793,126.498,0,2.278,86.7682,0,1.5,1.39,20.75,26.06,36.123,18.4126,79,5.2574,60.685,60.534,9.6471,11.531,26.056,25.625,53.437,6.055,10.19,0.850528,0.319384,7.9,2200,5750,0,9.30769,16.5,5913.31,5.7166,31.25,6.069,6.069,0,0,0,11.09,19.38,3200,38.6919,1.195,41.2891,1.387,52.3948,1.1,-1.8125
2026-09-07T08:35:41.383125+00:00,1.34057,536.738,108,24.21,75.79,0,5907.6,3.9562,54.7,7.78588,1438.37,17.19,24.11,276.232,6.25,5.13,1.39,44.29,55.71,0,5896.8,6.1431,54.6,11.5598,2378.25,31.25,46.44,335.762,6.25,6.419,1.39,5.736,90.81,3.449,5021.49,2.208,46.4953,5.44738,296.457,3.125,5.689,76.6612,1.587,1.498,1.39,39.61,60.39,0,5896.8,5.9901,54.6,11.5597,1244.24,25,24.17,1171.6,9.375,22.77,1.39,4.022,88.28,7.696,5021.49,1.9545,46.4953,4.15773,188.579,4.688,3.664,82.6138,1.587,1.611,1.39,10.08,89.91,0.0107,5896.8,2.6136,54.6,4.73502,540.505,7.812,10.33,89.0759,1.587,1.74,1.39,3.58,96.42,0,5896.8,2.0594,54.6,3.18492,167.71,1.562,3.087,98.3314,3.125,1.682,1.39,2.528,97.47,0,5896.8,1.9397,54.6,1.66629,120.002,1.562,2.156,83.4143,1.562,1.453,1.39,19.75,25.768,35.742,17.8543,115.5,5.2608,60.325,60.419,9.6855,11.577,25.752,24.75,53.106,7.719,10.12,0.719673,0.29725,11.55,2200,5750,0,9.35256,16,5914.31,5.74522,31.25,6.033,6.033,0,0,0,10.96,18.79,3200,38.6767,1.195,41.3323,1.389,52.2316,1.1,-1.75
2026-09-07T08:35:42.401371+00:00,1.33643,534.75,108,23.19,76.81,0,5896.8,3.8391,54.6,7.53866,1377.51,14.06,23.24,264.467,10.94,4.949,1.395,44.25,55.75,0,5880.6,5.9137,54.45,11.0288,2391.3,34.38,46.74,321.032,4.688,6.163,1.38,6.107,89.9,3.993,5880.6,2.2374,54.45,5.43431,288.523,4.688,5.591,101.566,6.154,1.982,1.38,39.98,60.02,0,5880.6,6.1705,54.45,11.7854,1041.66,15.62,20.2,1402.52,21.88,27.34,1.38,3.612,86.39,10,5869.8,1.8555,54.35,4.06894,175.298,4.688,3.407,69.2551,3.077,1.34,1.38,8.969,90.58,0.4518,5869.8,2.5551,54.35,4.59259,485.744,3.125,9.33,80.1866,3.077,1.572,1.38,4.611,95.39,0,5869.8,2.1775,54.35,3.34484,214.211,4.688,3.947,118.935,3.125,2.127,1.38,2.915,97.09,0,5869.8,1.988,54.35,1.70996,126.804,3.125,2.274,96.9909,3.125,1.736,1.38,19.75,24.977,34.684,17.5212,76.5,5.2564,59.265,59.192,9.6742,11.563,24.963,23.75,52.029,8.777,10.12,0.849685,0.324961,7.65,2200,5750,0,9.29487,15.75,5914.77,5.68731,34.38,5.926,5.926,0,0,0,10.62,18.44,3200,38.6647,1.195,41.3754,1.39,52.2733,1.1,-1.75
2026-09-07T08:35:43.420173+00:00,1.39067,565.828,108,26.07,73.93,0,5886,4.1042,54.5,7.86598,1546.91,25,25.44,336.425,4.688,6.3,1.38,35.72,64.28,0,5848.2,6.0245,54.15,11.7632,1943.84,37.5,37.54,262.666,0,4.906,1.375,6.911,87.5,5.584,5848.2,2.3005,54.15,5.54396,374.626,6.25,7.202,74.2707,1.587,1.447,1.375,46.96,53.04,0,5848.2,6.1466,54.15,11.506,1779.34,30.16,34.73,1158.54,20.31,22.3,1.375,4.467,85.96,9.57,5025.8,1.9526,46.5352,4.08667,212.886,6.349,4.089,89.7636,1.587,1.749,1.375,11.91,87.92,0.1698,5848.2,2.798,54.15,5.0139,642.593,7.812,12.26,103.605,0,2.026,1.375,4.072,95.93,0,5848.2,2.1333,54.15,3.23309,196.696,4.762,3.649,100.734,0,1.767,1.375,2.958,97.04,0,5848.2,2.0203,54.15,1.84131,133.126,3.125,2.348,97.2368,0,1.649,1.375,20.25,25.19,34.925,18.1061,72.5,5.264,59.561,59.512,9.6906,11.582,25.204,23.625,52.298,9.321,10.59,0.731489,0.299207,7.25,2200,5750,0,9.51923,16,5912.83,5.63339,37.5,5.956,5.956,0,0,0,10.73,19.06,3200,38.6533,1.195,41.3267,1.388,52.8246,1.1,-1.75
2026-09-07T08:35:44.438867+00:00,1.60448,644.364,108,31.07,68.93,0,5896.8,4.4344,54.6,8.91458,1837.54,28.57,28.98,447.611,4.762,8.372,1.39,51.07,48.93,0,5891.4,7.2168,54.55,14.5703,2700.55,50.79,52.85,391.089,6.25,7.486,1.385,8.241,88.31,3.45,5891.4,2.4035,54.55,6.12412,423.084,11.11,8.112,91.8295,0,1.789,1.385,46.87,53.13,0,5891.4,7.5886,54.55,15.3714,1497.85,26.56,29.09,1371.2,22.22,26.47,1.385,4.337,89.47,6.194,5030.44,1.9609,46.5781,4.46931,207.527,4.688,3.995,87.9605,0,1.718,1.375,12.31,87.69,0,5853.6,2.8452,54.2,5.78156,656.757,12.7,12.46,108.067,0,2.093,1.375,3.825,96.18,0,5853.6,2.0563,54.2,3.39066,179.087,1.562,3.304,98.3682,1.587,1.682,1.375,2.729,97.27,0,5853.6,1.9305,54.2,1.90982,119.369,1.587,2.119,91.9426,0,1.575,1.375,19.75,24.848,34.282,19.3186,79,5.2665,58.858,58.981,9.6283,11.508,24.877,24.125,51.583,10.77,12.01,0.635022,0.321203,7.9,2200,5750,0,9.07692,15.5,5896.21,6.31989,50.79,5.886,5.886,0,0,0,10.59,20.34,3200,38.6894,1.195,41.4158,1.381,52.9249,1.1,-1.75
2026-09-07T08:35:45.455431+00:00,1.68127,670.631,108,31.02,68.98,0,5886,4.2144,54.5,8.46002,1835.73,16.92,30.19,376.839,6.154,7.016,1.385,56.73,43.27,0,5896.8,8.0542,54.6,16.0932,2986.93,50.77,58.36,466.756,6.154,9.02,1.385,7.809,88.05,4.139,5021.49,2.4179,46.4953,6.18929,404.489,9.231,7.776,87.4371,0,1.71,1.385,47.35,52.65,0,5021.49,7.4896,46.4953,15.4973,2574.65,43.08,50.23,318.389,4.615,6.454,1.385,4.403,86.49,9.106,5021.49,1.9171,46.4953,4.49457,215.677,3.077,4.096,81.0235,1.538,1.578,1.385,13.55,85.51,0.9308,5021.49,3.0313,46.4953,6.0633,719.612,10.77,13.69,125.457,1.538,2.435,1.385,4.302,95.7,0,5896.8,2.1146,54.6,3.49815,208.745,1.538,3.875,105.616,0,1.896,1.385,2.948,97.05,0,5896.8,1.9422,54.6,1.817,117.747,1.538,2.108,104.993,0,1.756,1.385,19.875,24.357,33.615,19.8433,79,5.2685,58.221,58.243,9.635,11.515,24.383,24.625,50.925,9.808,12.64,1.0936,0.371852,7.9,2200,5750,0,9.34615,15.75,5897.35,6.56194,50.77,5.822,5.822,0,0,0,10.38,20.89,3200,38.8016,1.195,41.3929,1.381,52.9605,1.1,-1.75
2026-09-07T08:35:46.217732+00:00,1.59047,645.009,108,30.91,69.09,0,5886,4.4412,54.5,8.95283,1828.87,26.56,28.89,461.146,18.75,8.627,1.385,47.95,52.05,0,5016.9,7.2364,46.4527,14.5532,2270.79,39.06,44.29,689.529,6.25,13.34,1.39,7.557,90.9,1.54,5016.9,2.4517,46.4527,6.27703,363.522,7.812,6.993,112.52,1.562,2.206,1.39,48.94,51.06,0,5016.9,7.492,46.4527,15.1788,2613.37,46.88,50.97,396.171,3.125,7.562,1.39,4.316,89.68,6,5016.9,2.0143,46.4527,4.5971,222.876,3.125,4.369,64.7797,1.562,1.257,1.39,12.58,87.42,0,5016.9,2.9622,46.4527,5.99287,642.072,6.25,12.26,147.653,1.562,2.871,1.39,4.18,95.82,0,5891.4,2.1161,54.55,3.56769,195.905,6.25,3.661,104.166,1.562,1.724,1.39,2.619,97.38,0,5896.8,1.9223,54.6,1.91104,119.415,1.562,2.107,87.3574,1.562,1.505,1.39,24.125,24.27,33.528,19.2843,70,5.2516,58.026,58.023,9.6231,11.501,24.262,24.625,50.805,10.84,12.04,0.631463,0.308692,7,2200,5750,0,9.58333,16.25,5898.76,6.41942,46.88,5.803,5.803,0,0,0,10.32,20.3,3200,38.7648,1.195,41.4715,1.382,52.965,1.1,-1.75
2026-09-07T08:35:47.233389+00:00,1.61422,649.39,108,30.01,69.99,0,5880.6,4.2485,54.45,8.58008,1776.3,15.62,28.5,416.247,10.94,7.819,1.38,51.51,48.49,0,5016.9,7.6905,46.4527,15.485,2443.35,34.38,47.75,716.733,10.94,13.94,1.38,7.631,88.8,3.574,5016.9,2.3328,46.4527,5.9975,394.374,6.25,7.611,92.1596,0,1.799,1.38,48.63,51.37,0,5016.9,7.3495,46.4527,15.0403,2457.1,45.31,47.99,510.783,3.125,9.906,1.38,4.348,84.58,11.07,5891.4,1.8559,54.55,4.38839,217.444,1.562,4.163,77.5691,0,1.507,1.38,11.88,88.12,0,5012.3,2.8345,46.4102,5.75188,618.336,9.375,11.81,120.823,0,2.343,1.38,4.383,95.62,0,5886,2.1017,54.5,3.4756,214.674,4.688,4.024,99.7868,0,1.76,1.38,3.022,96.98,0,5886,1.9249,54.5,1.91879,137.459,0,2.47,97.101,0,1.714,1.38,21.75,24.513,33.815,19.4768,86,5.2603,58.43,58.45,9.6894,11.58,24.517,24.75,51.182,8.887,12.19,0.808909,0.362499,8.6,2200,5750,0,9.4359,16.5,5895.86,6.39552,45.31,5.843,5.843,0,0,0,10.43,20.5,3200,38.7407,1.195,41.3964,1.381,52.9439,1.1,-1.75
2026-09-07T08:35:48.250558+00:00,1.65659,667.051,108,29.9,70.1,0,5880.6,4.3217,54.45,8.82278,1769.03,20.31,26.9,491.932,6.25,9.257,1.375,52.96,47.04,0,5891.4,8.2373,54.55,16.7556,2673.46,35.94,52.26,540.902,10.94,10.51,1.385,7.011,87.17,5.822,5016.9,2.238,46.4527,5.96747,365.719,6.25,7.075,83.4704,0,1.623,1.385,53.23,46.77,0,5891.4,7.532,54.55,15.3716,2201.07,34.38,42.8,1024.91,12.5,20.05,1.38,4.344,84.42,11.23,5016.9,1.8582,46.4527,4.40479,218.1,3.125,4.213,75.6345,0,1.46,1.38,11.77,86.08,2.147,5891.4,2.7186,54.55,5.54536,592.117,9.375,11.31,141.589,0,2.723,1.38,3.913,96.09,0,5880.6,2.0251,54.45,3.40578,201.104,0,3.603,90.5645,1.562,1.57,1.38,2.532,97.47,0,5880.6,1.8714,54.45,1.72458,117.952,0,2.149,85.2531,1.562,1.472,1.38,21.25,25.551,35.199,20.6026,73.5,5.2563,59.771,59.641,9.6712,11.559,25.542,25.75,52.54,8.887,12.44,0.737473,0.416961,7.35,2200,5750,0,9.21154,15.75,5893.45,6.58998,35.94,5.977,5.977,0,0,0,10.87,21.69,3200,38.7647,1.195,41.3141,1.379,52.9442,1.1,-1.75
2026-09-07T08:35:49.266075+00:00,1.7803,711.037,108,31.78,68.22,0,5880.6,4.2294,54.45,8.75798,1877.35,20.63,29.5,481.135,4.762,9.017,1.375,53.68,46.32,0,5875.2,8.4375,54.4,17.9932,2768.24,52.38,54.13,504.462,7.937,9.759,1.38,7.375,89.59,3.032,5875.2,2.2735,54.4,6.13653,368.761,0,7.095,92.4552,0,1.772,1.38,60.52,39.48,0,5842.8,8.6019,54.1,17.8758,2659.85,47.62,51.75,985.86,15.87,19.33,1.375,5.087,85.99,8.918,5021.16,1.8937,46.4922,4.61879,232.275,0,4.503,102.31,0,1.97,1.375,12.44,86.68,0.8754,5842.8,2.761,54.1,6.14678,639.22,7.937,12.14,134.346,0,2.589,1.375,4.466,95.53,0,5842.8,2.0499,54.1,3.58055,212.649,3.175,4.08,102.124,0,1.759,1.375,2.679,97.32,0,5842.8,1.8646,54.1,1.99709,129.162,0,2.322,86.3989,0,1.517,1.375,23.125,25.906,35.592,21.8356,72,5.2641,60.152,60.092,9.6781,11.567,25.866,26.5,52.95,10.02,13.33,1.01684,0.412942,7.2,2200,5750,0,9.39103,15.75,5885.7,6.92224,52.38,6.015,6.015,0,0,0,11.01,22.98,3200,38.7741,1.195,41.3941,1.375,52.8369,1.1,-1.75
2026-09-07T08:35:50.285040+00:00,1.85211,733.619,108,33.27,66.73,0,5880.6,4.6225,54.45,9.69469,1964.24,26.56,32.09,438.128,4.688,8.209,1.38,59.19,40.81,0,5880.6,8.2954,54.45,17.5113,3252.06,54.69,63.57,330.094,1.562,6.354,1.38,8.152,89.84,2.011,5007.7,2.4342,46.3676,6.5991,418.598,4.688,8.078,89.8008,0,1.748,1.38,57.1,42.9,0,5842.8,8.6925,54.1,18.1187,3166.84,50,61.93,292.947,0,5.621,1.38,5.431,87.27,7.294,5021.16,2.0021,46.4922,4.89777,258.451,3.125,5.006,84.6298,0,1.64,1.38,14.52,85.48,0,5842.8,2.8805,54.1,6.39214,716.008,12.5,13.81,172.429,1.562,3.347,1.38,4.432,95.57,0,5842.8,2.0751,54.1,3.69294,210.562,3.125,3.961,105.691,0,1.826,1.38,3.119,96.88,0,5842.8,1.9277,54.1,2.09459,139.939,1.562,2.523,97.4806,0,1.709,1.38,25.125,26.977,37.111,21.7089,82,5.2639,61.765,61.861,9.6659,11.552,27.013,26.875,54.453,10.25,13.84,0.982627,0.451741,8.2,2200,5750,0,9.05128,15.75,5887.55,7.0493,54.69,6.176,6.176,0,0,0,11.49,22.85,3200,38.7578,1.195,41.2853,1.377,52.96,1.1,-1.75
2026-09-07T08:35:51.302738+00:00,1.6579,660.747,108,29.27,70.73,0,5886,4.283,54.5,8.8829,1731.59,26.15,27.14,434.122,9.231,8.17,1.385,48.78,51.22,0,5886,8.19,54.5,17.0482,2590.58,41.54,50.58,400.889,7.692,7.763,1.385,6.89,88.4,4.712,5012.3,2.2206,46.4102,5.93312,339.389,4.615,6.6,94.7946,6.154,1.847,1.385,57.34,42.66,0,5012.3,7.504,46.4102,15.441,1159.26,20,23.15,2269.43,40,44.18,1.385,4.313,82.08,13.61,5012.3,1.7617,46.4102,4.36032,191.528,4.615,3.733,92.5442,3.077,1.795,1.385,12.43,87.57,0,5012.3,2.7692,46.4102,5.71718,644.708,12.31,12.38,121.455,3.077,2.347,1.385,3.879,96.12,0,5886,2.0038,54.5,3.39573,188.217,6.154,3.523,92.1686,1.538,1.58,1.385,2.888,97.11,0,5886,1.8985,54.5,1.90548,133.253,3.077,2.401,88.0338,1.538,1.526,1.385,25.125,24.575,33.84,20.534,76.5,5.2601,58.452,58.56,9.677,11.565,24.594,26.5,51.191,11.92,12.42,0.728904,0.341265,7.65,2200,5750,0,9.40385,16,5891.84,6.66264,41.54,5.845,5.845,0,0,0,10.47,21.61,3200,38.769,1.195,41.3722,1.378,52.926,1.1,-1.75
2026-09-07T08:35:52.320293+00:00,1.82021,723.653,108,33.15,66.85,0,5875.2,4.4613,54.4,9.14182,1961.17,28.12,32.31,398.607,9.375,7.425,1.37,54.03,45.97,0,5880.6,8.5907,54.45,17.8784,2649.44,39.06,51.64,683.032,14.06,13.2,1.38,7.797,91.65,0.5528,5007.7,2.4136,46.3676,6.36584,392.163,6.25,7.536,99.3648,1.562,1.942,1.38,60.3,39.7,0,5007.7,8.178,46.3676,16.9262,1262.11,25,24.49,2370.37,40.62,46.28,1.38,5.307,93.14,1.558,5007.7,2.1415,46.3676,4.9065,263.526,10.94,5.103,81.3181,1.562,1.581,1.38,13.95,86.05,0,5007.7,2.9161,46.3676,6.18549,744.171,10.94,14.17,119.29,1.562,2.308,1.38,4.288,95.71,0,5880.6,2.0972,54.45,3.65512,209.541,6.25,3.925,100.872,1.562,1.769,1.38,3.196,96.8,0,5880.6,1.9716,54.45,2.06325,136.19,4.688,2.463,107.284,4.688,1.866,1.38,21.75,28.077,38.638,21.3216,127.5,5.2641,63.154,62.966,9.6594,11.545,28.021,26.625,55.973,12.89,13.63,0.963264,0.401809,12.75,2200,5750,0,9.16026,16,5889.74,6.88742,40.62,6.315,6.315,0,0,0,11.92,22.44,3200,38.7892,1.195,41.4618,1.377,52.8544,1.1,-1.75
2026-09-07T08:35:53.338021+00:00,1.85876,736.125,108,32.7,67.3,0,5869.8,4.4732,54.35,9.30143,1932.89,20.31,31.74,397.019,4.688,7.429,1.38,56.36,43.64,0,5859,9.0825,54.25,19.1555,2461.68,42.19,47.98,964.152,6.25,18.67,1.38,9.308,90.2,0.4909,5859,2.5801,54.25,6.65103,501.002,4.688,9.627,79.7787,0,1.562,1.38,61.56,38.44,0,5859,8.1092,54.25,16.9974,2152.8,32.81,42,1563.57,18.75,30.39,1.38,4.703,91.34,3.954,5859,2.0337,54.25,4.75088,234.448,1.562,4.507,78.6322,0,1.532,1.38,13.79,86.21,0,5859,2.8947,54.25,6.24787,707.084,10.94,13.34,152.421,4.688,2.963,1.38,4.403,95.6,0,5859,2.0718,54.25,3.52565,201.657,1.562,3.735,114.089,1.562,2.004,1.38,3.054,96.95,0,5859,1.9589,54.25,2.10948,138.286,0,2.513,98.4856,1.562,1.685,1.38,21.25,26.542,36.484,22.2882,78.5,5.2702,61.065,61.137,9.6687,11.556,26.533,27.375,53.837,9.473,13.85,0.8026,0.350425,7.85,2200,5750,0,9.5,16,5886.95,6.97197,42.19,6.106,6.106,0,0,0,11.29,23.46,3200,38.7548,1.195,41.4234,1.376,52.8609,1.1,-1.75
2026-09-07T08:35:54.357238+00:00,1.74357,692.282,108,32.24,67.76,0,5875.2,4.5029,54.4,9.29509,1906.08,28.12,31.62,398.577,9.375,7.411,1.38,52.72,47.28,0,5842.8,8.3802,54.1,17.5627,2253.87,32.81,44.06,973.855,18.75,18.93,1.37,7.372,90.28,2.349,5021.16,2.2852,46.4922,6.1101,375.106,14.06,7.278,82.7989,1.562,1.603,1.37,58.76,41.24,0,5842.8,8.1546,54.1,16.7966,2154.99,43.75,42.12,1393.86,20.31,27.22,1.37,4.495,87.52,7.987,5021.16,1.8618,46.4922,4.44451,219.827,3.125,4.287,74.5081,1.562,1.443,1.37,11.71,88.29,0,5842.8,2.6338,54.1,5.74111,624.888,7.812,11.95,95.4901,1.562,1.848,1.37,4.216,95.78,0,5842.8,2.0239,54.1,3.44765,198.421,3.125,3.685,103.028,3.125,1.843,1.37,2.848,97.15,0,5842.8,1.8883,54.1,1.94502,127.906,1.562,2.336,93.3061,1.562,1.624,1.37,20.25,25.25,34.754,21.1676,83.5,5.2468,59.304,59.257,9.6576,11.543,25.234,27.125,52.068,12.01,13.08,0.965601,0.38144,8.35,2200,5750,0,9.08974,16.25,5889.6,6.8016,43.75,5.93,5.93,0,0,0,10.74,22.28,3200,38.7435,1.195,41.4108,1.377,52.9299,1.1,-1.75
2026-09-07T08:35:55.375470+00:00,1.79554,712.99,108,32.14,67.86,0,5859,4.4573,54.25,9.27916,1900.1,20.31,31.09,398.36,4.688,7.439,1.38,54.51,45.49,0,5880.6,8.7121,54.45,18.0917,2304.73,35.94,44.96,1030.15,15.62,20.02,1.385,8.636,89.75,1.614,5007.7,2.4572,46.3676,6.49389,447.226,10.94,8.652,82.8227,1.562,1.615,1.385,58.73,41.27,0,5880.6,7.8341,54.45,16.3331,1509.37,25,29.42,2052.97,35.94,40.12,1.385,4.599,89.95,5.454,5007.7,1.9553,46.3676,4.67635,213.199,7.812,4.131,90.3578,1.562,1.754,1.385,13.76,86.24,0,5007.7,2.8821,46.3676,6.04387,695.393,4.688,13.28,148.38,1.562,2.877,1.385,4.122,95.88,0,5880.6,2.0528,54.45,3.56219,206.016,3.125,3.858,94.8869,1.562,1.683,1.385,3.048,96.95,0,5880.6,1.9138,54.45,1.90229,135.096,1.562,2.452,98.7908,1.562,1.675,1.385,16.875,25.523,35.096,21.2618,79,5.2758,59.706,59.738,9.6324,11.513,25.558,26.875,52.412,10.84,13.44,0.886229,0.379588,7.9,2200,5750,0,9.33333,16.5,5887.76,6.88572,35.94,5.971,5.971,0,0,0,10.88,22.38,3200,38.8056,1.195,41.4168,1.376,52.9202,1.1,-1.75
2026-09-07T08:35:56.392475+00:00,1.76378,702.398,108,33.03,66.97,0,5902.2,4.7308,54.65,9.80022,1951.54,23.44,31.98,411.893,12.5,7.711,1.39,46.78,53.22,0,5030.69,7.3942,46.5805,15.6365,1719.14,23.44,33.4,1163.91,18.75,22.54,1.395,8.584,89.84,1.58,5030.69,2.5222,46.5805,6.68731,451.997,7.812,8.695,81.7635,0,1.598,1.395,59.89,40.11,0,5030.69,7.9999,46.5805,16.2019,1072.18,20.31,20.82,2549.82,39.06,49.8,1.395,5.023,91.39,3.591,5030.69,2.0856,46.5805,4.92759,261.914,4.688,5.064,65.3809,0,1.275,1.395,15.65,84.32,0.02562,5030.69,3.0955,46.5805,6.39768,806.171,12.5,15.4,153.859,1.562,2.991,1.395,4.61,95.39,0,5907.6,2.1333,54.7,3.74639,214.508,3.125,4.005,115.268,0,1.992,1.395,2.806,97.19,0,5907.6,1.9454,54.7,2.07378,127.987,3.125,2.336,91.0343,0,1.568,1.395,19.75,25.216,34.739,20.6271,70.5,5.2602,59.324,59.412,9.6127,11.489,25.256,26.625,52.014,10.64,13.2,0.937127,0.376995,7.05,2200,5750,0,9.12821,15.75,5891.12,6.74938,39.06,5.932,5.932,0,0,0,10.75,21.71,3200,38.8265,1.195,41.4217,1.379,52.9452,1.1,-1.75
2026-09-07T08:35:57.410732+00:00,1.33353,530.202,108,22.34,77.66,0,5896.8,3.7478,54.6,7.54058,1327.94,17.19,23.06,225.662,4.688,4.286,1.385,39.66,60.34,0,5902.2,6.2797,54.65,12.1288,1731.1,25,33.86,708.292,12.5,13.76,1.39,6.475,89.22,4.309,5026.09,2.2709,46.5379,5.56608,331.247,1.562,6.455,78.2304,0,1.528,1.39,43.91,56.09,0,5902.2,5.8523,54.65,11.1729,1300.02,25,25.38,1372.66,17.19,26.92,1.39,4.094,83.82,12.08,5026.09,1.8289,46.5379,4.14962,195.113,0,3.818,78.1346,0,1.518,1.39,9.685,89.66,0.6564,5026.09,2.6246,46.5379,4.84937,510.121,1.562,9.931,92.5092,1.562,1.799,1.39,4.112,95.89,0,5902.2,2.0809,54.65,3.31646,211.098,1.562,3.958,85.774,0,1.502,1.39,3.072,96.93,0,5902.2,1.9758,54.65,1.86269,133.031,0,2.434,102.311,0,1.755,1.39,16.875,22.003,30.543,17.971,115.5,5.2686,55.082,55.085,9.6472,11.53,21.983,25.375,47.868,6.738,10.12,0.721198,0.306146,11.55,2200,5750,0,9.32692,15.5,5914.78,5.84083,25,5.508,5.508,0,0,0,9.355,18.92,3200,38.7136,1.195,41.3668,1.39,52.9899,1.1,-1.75
2026-09-07T08:35:58.427632+00:00,1.31698,525.938,108,21.23,78.77,0,5907.6,3.6157,54.7,7.25806,1262.69,19.05,22.19,194.977,3.175,3.696,1.395,41.95,58.05,0,5896.8,6.0921,54.6,11.64,1998.14,31.75,38.91,590.884,11.11,11.47,1.39,6.705,87.5,5.793,5021.49,2.2239,46.4953,5.48515,340.335,3.175,6.638,82.4481,1.587,1.599,1.39,42.06,57.94,0,5896.8,6.2293,54.6,11.9591,1578.53,20.63,30.63,1026.65,19.05,20.14,1.39,3.844,83.49,12.67,5021.49,1.7841,46.4953,4.04557,184.64,4.762,3.577,73.8043,3.175,1.426,1.39,9.497,90.01,0.4977,5896.8,2.5903,54.6,4.80463,502.465,9.524,9.714,94.9012,3.175,1.845,1.39,3.697,96.3,0,5896.8,2.0544,54.6,3.25063,186.067,1.587,3.422,85.4165,1.587,1.496,1.39,2.713,97.29,0,5896.8,1.925,54.6,1.68152,126.531,1.587,2.3,86.5297,1.587,1.481,1.39,20.75,22.053,30.605,18.0482,73.5,5.2531,55.12,55.139,9.6073,11.483,22.057,24.5,47.867,8.532,10.03,0.756521,0.304601,7.35,2200,5750,0,9.14744,15.25,5913.75,5.85322,31.75,5.512,5.512,0,0,0,9.386,19,3200,38.8439,1.195,41.3384,1.389,52.9899,1.1,-1.75
2026-09-07T08:35:59.444374+00:00,1.34444,536.325,108,22.88,77.12,0,5902.2,3.8417,54.65,7.65235,1359.88,7.812,23.6,236.24,3.125,4.482,1.39,44.81,55.19,0,5902.2,6.4257,54.65,12.3365,2032.19,35.94,39.89,743.887,7.812,14.46,1.385,5.78,86.76,7.463,5026.09,2.1273,46.5379,5.34253,293.357,4.688,5.743,73.8332,1.562,1.44,1.385,40.35,59.65,0,5902.2,5.9249,54.65,11.3874,1508.46,23.44,29.52,957.85,14.06,18.72,1.385,4.126,80.4,15.47,5026.09,1.7433,46.5379,3.94143,186.287,3.125,3.667,82.6671,1.562,1.605,1.385,9.915,85.96,4.12,5902.2,2.5618,54.65,4.62363,521.862,6.25,10.2,92.7468,0,1.807,1.385,3.68,96.32,0,5902.2,2.0165,54.65,3.17994,185.328,1.562,3.486,84.2192,0,1.507,1.385,2.904,97.1,0,5902.2,1.9208,54.65,1.5748,139.838,0,2.516,82.5506,0,1.451,1.385,21.25,22.089,30.624,18.7084,96,5.2588,55.089,55.051,9.6104,11.487,22.05,24.625,47.895,6.934,10.25,0.829228,0.322426,9.6,2200,5750,0,9.03205,16,5911.55,5.78646,35.94,5.509,5.509,0,0,0,9.383,19.69,3200,38.7772,1.195,41.3826,1.388,52.995,1.1,-1.6875
2026-09-07T08:36:00.209353+00:00,1.33885,532.064,108,22.39,77.61,0,5907.6,3.8265,54.7,7.56538,1332.14,18.46,23.23,214.798,3.077,4.081,1.4,45.74,54.26,0,5902.2,6.2606,54.65,12.021,2154.23,35.38,42.32,638.363,10.77,12.3,1.395,5.76,88,6.245,5902.2,2.067,54.65,5.13863,274.116,4.615,5.337,96.0837,1.562,1.87,1.385,39.56,60.44,0,5896.8,6.0958,54.6,11.7976,1557.59,26.15,30.39,870.963,9.231,17.01,1.39,3.809,83.29,12.9,5896.8,1.7581,54.6,3.929,184.917,4.615,3.614,70.6619,1.538,1.362,1.39,9.75,88.79,1.457,5896.8,2.509,54.6,4.68463,502.674,9.231,9.769,105.729,1.562,2.057,1.39,3.89,96.11,0,5896.8,2.0657,54.6,3.16163,197.95,3.077,3.766,85.9681,0,1.497,1.39,2.984,97.02,0,5896.8,1.9492,54.6,1.76813,136.254,0,2.455,90.6003,0,1.564,1.39,19.375,21.916,30.419,18.2336,83.5,5.2557,54.995,54.962,9.6205,11.499,21.952,24,47.698,8.08,10.16,0.747356,0.306481,8.35,2200,5750,0,9.32692,15.5,5914.03,5.7485,35.38,5.5,5.5,0,0,0,9.341,19.19,3200,38.842,1.195,41.317,1.389,52.96,1.1,-1.75
2026-09-07T08:36:01.228386+00:00,1.28844,510.738,108,21.05,78.95,0,5902.2,3.6824,54.65,7.28787,1253.31,20.31,21.97,192.638,6.25,3.622,1.395,40.56,59.44,0,5030.69,5.939,46.5805,11.1444,1442.1,18.75,28.18,1059.32,20.31,20.74,1.395,5.651,87.81,6.539,5030.69,2.0999,46.5805,5.19728,286.898,4.688,5.615,67.7022,3.077,1.318,1.395,41.8,58.2,0,5030.69,5.8327,46.5805,11.0025,1457.1,26.56,28.61,1089.48,17.19,21.3,1.395,3.74,83.32,12.94,5030.69,1.7127,46.5805,3.8651,168.277,3.125,3.285,79.746,3.175,1.547,1.395,8.99,89.73,1.281,5030.69,2.4871,46.5805,4.4552,462.984,7.812,9.029,93.9445,3.077,1.826,1.395,4.326,95.67,0,5907.6,2.0971,54.7,3.22946,202.788,3.125,3.8,102.208,3.125,1.729,1.395,2.73,97.27,0,5030.69,1.936,46.5805,1.61807,129.045,3.125,2.363,84.2722,3.125,1.483,1.395,17.375,21.126,29.343,17.6773,113.5,5.1872,53.692,53.79,9.5144,11.372,21.142,23.25,46.421,9.177,9.777,0.821741,0.3018,11.35,2200,5750,0,9.36538,15.75,5916.03,5.6672,26.56,5.369,5.369,0,0,0,8.996,18.61,3200,38.8406,1.195,41.3663,1.39,52.9693,1.1,-1.6875
2026-09-07T08:36:02.245858+00:00,1.25373,498.998,108,20.03,79.97,0,5896.8,3.618,54.6,7.15115,1194.49,17.19,21.17,167.803,0,3.17,1.385,33.2,66.8,0,5026.09,5.7744,46.5379,10.8667,1380.27,21.88,26.97,696.366,7.812,13.5,1.39,6.166,86.68,7.155,5026.09,2.1507,46.5379,5.25213,301.374,3.125,5.887,85.4711,0,1.661,1.39,46.81,53.19,0,5026.09,5.6731,46.5379,10.2281,1386.17,23.44,27.09,1469.07,20.31,28.8,1.39,3.465,83.92,12.61,5026.09,1.7343,46.5379,3.85098,173.172,4.688,3.39,61.0621,0,1.182,1.39,9.094,90.36,0.5461,5026.09,2.5035,46.5379,4.2231,448.138,9.375,8.742,123.379,0,2.398,1.39,3.841,96.16,0,5902.2,2.0434,54.65,3.11737,179.667,3.125,3.376,101.526,0,1.744,1.39,2.767,97.23,0,5902.2,1.9424,54.65,1.50926,132.229,0,2.385,83.7853,1.562,1.464,1.39,19.375,21.213,29.472,17.3051,72,5.2017,53.772,53.781,9.5075,11.364,21.198,22.5,46.557,7.031,9.558,0.616875,0.269558,7.2,2200,5750,0,9.14744,15.25,5917.68,5.57145,23.44,5.377,5.377,0,0,0,9.02,18.22,3200,38.6647,1.195,41.2843,1.391,52.965,1.1,-1.75
2026-09-07T08:36:03.264502+00:00,1.28308,508.947,108,20.6,79.4,0,5869.8,3.5666,54.35,7.12612,1227.34,9.375,21.37,188.968,1.562,3.599,1.385,38.02,61.98,0,5012.3,6.013,46.4102,11.2156,1426.99,18.75,27.88,914.208,14.06,17.81,1.38,5.714,85.4,8.881,5012.3,2.051,46.4102,5.18201,276.669,4.688,5.403,84.1611,4.688,1.634,1.38,44.46,55.54,0,5012.3,5.9309,46.4102,10.7853,1477.39,18.75,28.85,1232.97,17.19,24.15,1.38,4.217,80.57,15.22,5012.3,1.7457,46.4102,3.93613,210.717,6.25,4.112,65.4605,0,1.268,1.38,8.712,88.18,3.111,5012.3,2.4314,46.4102,4.06637,457.427,1.562,8.938,86.9949,1.562,1.692,1.38,3.86,96.14,0,5886,2.0492,54.5,3.20022,181.712,1.562,3.426,98.7505,0,1.718,1.38,2.728,97.27,0,5886,1.9161,54.5,1.31262,132.971,0,2.403,80.4227,0,1.409,1.38,18.875,21.711,30.134,17.9257,75.5,5.2696,54.719,54.601,9.6482,11.531,21.725,22.625,47.462,6.25,9.729,0.623011,0.257696,7.55,2200,5750,0,9.42308,15.75,5915.37,5.68338,18.75,5.472,5.472,0,0,0,9.245,18.87,3200,38.8104,1.195,41.4082,1.389,52.9701,1.1,-1.6875
2026-09-07T08:36:04.283219+00:00,1.35887,537.797,108,22.02,77.98,0,5907.6,3.7879,54.7,7.49849,1309.7,15.62,23.3,174.124,6.25,3.302,1.395,47.22,52.78,0,5896.8,5.6855,54.6,10.5352,2453.96,35.94,48.05,443.28,6.349,8.565,1.385,5.988,83.62,10.39,5896.8,2.0463,54.6,5.24343,296.08,1.562,5.785,83.7538,1.587,1.627,1.385,41.1,58.9,0,5896.8,6.4756,54.6,12.3582,1956.43,28.12,38.16,561.624,7.937,10.95,1.385,4.145,79.86,16,5021.49,1.719,46.4953,3.90391,205.185,0,4.02,68.6479,0,1.332,1.385,9.064,88.14,2.794,5896.8,2.4973,54.6,4.53826,466.092,9.375,9.076,104.709,0,2.041,1.385,3.651,96.35,0,5896.8,2.0264,54.6,3.12273,176.904,1.562,3.268,92.3573,1.562,1.632,1.385,2.702,97.3,0,5021.49,1.9187,46.4953,1.54192,128.954,0,2.344,82.9515,0,1.464,1.385,18.875,22.332,30.999,18.0418,68,5.1724,55.306,55.194,9.5273,11.387,22.301,22.5,48.076,7.242,10.31,1.17245,0.348153,6.8,2200,5750,0,9.05769,15.5,5915.63,5.75909,35.94,5.531,5.531,0,0,0,9.49,18.99,3200,38.6909,1.195,41.4697,1.389,52.9748,1.1,-1.75
2026-09-07T08:36:05.301440+00:00,1.15134,463.961,108,19.81,80.19,0,5902.2,3.5289,54.65,6.71357,1180.69,20.31,20.67,179.318,1.587,3.386,1.385,32.42,67.58,0,5907.6,4.772,54.7,8.41405,1031.96,14.06,20.2,1012.18,15.38,19.71,1.395,5.153,84.51,10.33,5030.69,1.9383,46.5805,4.72917,268.512,6.349,5.215,66.5699,0,1.281,1.395,36.88,63.12,0,5030.69,5.2106,46.5805,9.24813,802.437,7.937,15.67,1465.87,20,28.67,1.395,4.511,77.42,18.07,5030.69,1.7194,46.5805,3.685,218.113,1.562,4.251,84.9229,0,1.64,1.395,9.698,85.31,4.991,5030.69,2.477,46.5805,4.17727,484.723,4.688,9.428,125.442,1.587,2.428,1.395,3.851,96.15,0,5907.6,2.0537,54.7,2.99838,194.834,1.562,3.61,88.8739,0,1.544,1.395,2.817,97.18,0,5907.6,1.9115,54.7,1.45185,134.214,1.538,2.394,84.7191,0,1.442,1.395,18.875,20.196,28.06,16.4619,72.5,5.1919,52.44,52.636,9.5541,11.419,20.211,21.75,45.191,6.036,8.846,0.522726,0.22102,7.25,2200,5750,0,9.37179,15.75,5918.78,5.05951,20.31,5.244,5.244,0,0,0,8.601,17.33,3200,38.6257,1.195,41.3224,1.391,52.995,1.1,-1.6875
2026-09-07T08:36:06.320648+00:00,1.19802,486.112,108,19.65,80.35,0,5907.6,3.5125,54.7,6.7057,1169.74,14.29,19.7,210.842,3.125,4.032,1.395,30.26,69.74,0,5891.4,4.9549,54.55,8.88592,1083.81,19.05,20.89,860.771,9.524,16.69,1.39,6.566,85.05,8.383,5891.4,2.1381,54.55,5.05196,330.999,10.94,6.451,87.8473,1.562,1.715,1.39,42.57,57.43,0,5891.4,5.4403,54.55,9.51393,711.518,12.5,13.7,1904.15,26.98,37.14,1.39,4.099,80.05,15.85,5891.4,1.7058,54.55,3.69064,185.138,7.812,3.617,89.4793,3.125,1.742,1.39,9.298,88.56,2.146,5891.4,2.5018,54.55,4.06965,478.399,12.7,9.247,116.093,3.125,2.253,1.39,4.465,95.54,0,5891.4,2.1396,54.55,3.1629,215.753,4.762,4.061,109.676,1.587,1.929,1.39,2.898,97.1,0,5891.4,1.9587,54.55,1.50552,132.644,1.587,2.403,90.9383,0,1.525,1.39,19.75,20.601,28.598,16.5304,71.5,5.2676,53.19,53.222,9.6872,11.578,20.587,21.125,45.97,8.291,9.193,0.679507,0.272965,7.15,2200,5750,0,9.48077,15.75,5915.74,5.1122,26.98,5.319,5.319,0,0,0,8.76,17.4,3200,38.6657,1.195,41.3474,1.39,53,1.1,-1.6875
2026-09-07T08:36:07.338596+00:00,1.16793,471.74,108,19.94,80.06,0,5902.2,3.5495,54.65,6.86396,1189.16,7.692,19.07,275.724,3.077,5.186,1.39,30.8,69.2,0,5896.8,4.8896,54.6,8.76761,1156.48,15.38,22.5,762.563,7.692,14.72,1.395,5.654,85.66,8.684,5021.49,2.0325,46.4953,4.99851,287.609,4.615,5.584,76.4214,0,1.489,1.395,39.46,60.54,0,5021.49,5.057,46.4953,9.04068,685.86,6.154,13.28,1717.34,26.15,33.48,1.395,3.732,81.44,14.83,5021.49,1.7436,46.4953,3.87153,182.116,0,3.553,68.4262,0,1.327,1.395,10,89.13,0.8642,5021.49,2.6486,46.4953,4.50124,525.893,4.615,10.2,96.1569,0,1.88,1.395,4.248,95.75,0,5021.49,2.1265,46.4953,3.24963,216.284,3.077,4.039,84.84,0,1.427,1.395,2.949,97.05,0,5902.2,1.9833,54.65,1.73859,131.621,0,2.343,91.3434,0,1.541,1.39,14.5,23.965,33.29,16.3718,81,5.2404,57.823,57.668,9.6384,11.52,23.978,20.5,50.575,4.904,8.851,0.525143,0.225952,8.1,2200,5750,0,9.35256,16,5918.62,5.20697,26.15,5.782,5.782,0,0,0,10.2,17.23,3200,38.6766,1.195,41.3899,1.391,53,1.1,-1.6875
2026-09-07T08:36:08.355571+00:00,1.15278,464.625,108,19.69,80.31,0,5902.2,3.5636,54.65,6.7701,1173.89,18.75,20.55,175.663,3.175,3.331,1.39,34.01,65.99,0,5896.8,4.9315,54.6,8.57136,1352.39,20.31,26.31,793.448,14.06,15.36,1.395,6.495,83.44,10.06,5021.49,2.0686,46.4953,4.92902,334.491,1.587,6.526,78.8607,0,1.531,1.395,35.73,64.27,0,5896.8,4.9879,54.6,8.68631,468.758,6.25,8.981,1731.06,29.69,33.76,1.395,3.886,79.77,16.35,5021.49,1.7206,46.4953,3.66344,193.722,0,3.785,68.045,0,1.317,1.395,8.281,88.86,2.861,5021.49,2.4071,46.4953,3.92374,431.907,1.562,8.393,100.559,0,1.964,1.395,4.176,95.82,0,5896.8,2.1023,54.6,3.06281,205.059,0,3.825,96.2162,0,1.653,1.395,3.007,96.99,0,5896.8,1.9861,54.6,1.5745,139.591,0,2.493,90.3414,0,1.552,1.395,19.375,23.915,33.227,16.3093,76,5.2687,57.842,57.896,9.6992,11.593,23.908,20,50.616,5.962,8.834,0.623084,0.247614,7.6,2200,5750,0,9.17949,15.75,5919.49,5.00477,29.69,5.784,5.784,0,0,0,10.17,17.17,3200,38.7387,1.195,41.407,1.391,53,1.1,-1.6875
2026-09-07T08:36:09.374594+00:00,1.16319,473.693,108,20.47,79.53,0,5907.6,3.5048,54.7,6.73148,1220.21,12.5,20.06,252.012,3.125,4.781,1.4,29.45,70.55,0,5902.2,4.6107,54.65,8.1459,832.811,6.349,16.04,1032.49,15.62,20.02,1.395,5.717,86.26,8.023,5902.2,2.0918,54.65,5.04467,292.941,3.125,5.661,77.368,0,1.508,1.395,40.36,59.64,0,5902.2,5.3335,54.65,9.1987,570.92,7.812,11.01,1921.52,31.75,37.53,1.395,3.741,82.59,13.66,5902.2,1.7682,54.65,3.82683,182.917,1.562,3.553,71.0323,1.562,1.379,1.395,10.11,87.7,2.192,5902.2,2.6184,54.65,4.30093,514.891,1.587,9.908,122.681,1.562,2.401,1.395,3.484,96.52,0,5902.2,2.0768,54.65,3.16992,177.192,1.587,3.27,82.5546,0,1.411,1.395,2.988,97.01,0,5902.2,2.0011,54.65,1.59397,129.296,0,2.331,98.2582,0,1.675,1.395,17.875,20.229,28.123,16.2727,82.5,5.2316,52.54,52.604,9.5688,11.437,20.229,19.625,45.314,5.509,8.909,0.48044,0.21464,8.25,2200,5750,0,9.28205,15.5,5919.57,5.19682,31.75,5.254,5.254,0,0,0,8.608,17.13,3200,38.6737,1.195,41.3674,1.392,52.995,1.1,-1.6875
2026-09-07T08:36:10.392098+00:00,1.1892,479.031,108,20.2,79.8,0,5907.6,3.514,54.7,6.74788,1204.58,10.94,20.25,226.857,6.25,4.238,1.395,28.69,71.31,0,5902.2,4.7837,54.65,8.44463,825.116,13.85,15.9,969.241,15.62,18.8,1.39,6.037,83.44,10.52,5902.2,2.0421,54.65,4.96275,308.479,7.812,5.982,81.366,1.562,1.582,1.39,43.62,56.38,0,5902.2,5.4653,54.65,9.42138,713.043,12.5,13.8,1965.63,29.69,38.43,1.39,3.951,80.95,15.1,5902.2,1.7496,54.65,3.78538,194.222,3.125,3.786,71.2586,0,1.384,1.39,9.698,88.04,2.259,5902.2,2.4989,54.65,3.982,501.71,10.77,9.667,105.376,0,2.063,1.39,3.695,96.3,0,5902.2,2.0721,54.65,3.12838,184.224,3.077,3.411,85.4922,1.538,1.481,1.39,3.035,96.97,0,5902.2,1.9847,54.65,1.435,129.152,1.562,2.338,98.7476,0,1.657,1.39,17.875,20.219,28.092,16.4943,76.5,5.1964,52.424,52.375,9.5363,11.397,20.211,19.625,45.206,7.393,9.047,0.516508,0.231229,7.65,2200,5750,0,9.15385,16,5918.73,5.1775,29.69,5.242,5.242,0,0,0,8.601,17.36,3200,38.8,1.195,41.338,1.391,52.98,1.1,-1.75
2026-09-07T08:36:11.408908+00:00,1.18336,476.124,108,21.33,78.67,0,5907.6,3.5696,54.7,6.78172,1272.03,7.937,21.94,210.535,0,4.004,1.4,29.18,70.82,0,5902.2,5.0527,54.65,9.06708,1377.09,20.63,26.59,451.629,4.762,8.679,1.385,5.629,84.92,9.448,5902.2,2.0352,54.65,4.93167,297.464,4.688,5.771,70.492,0,1.371,1.385,42.15,57.85,0,5902.2,5.232,54.65,9.00978,602.419,6.349,11.45,1979.13,31.25,38.82,1.385,3.904,80.75,15.35,5026.09,1.7144,46.5379,3.72844,199.832,1.562,3.894,61.1876,0,1.181,1.385,9.107,86.53,4.361,5902.2,2.4088,54.65,3.98571,474.454,9.524,9.148,97.198,0,1.892,1.385,4.25,95.75,0,5902.2,2.0892,54.65,3.09616,196.172,1.587,3.693,109.064,0,1.891,1.385,2.786,97.21,0,5902.2,1.9546,54.65,1.44471,130.943,3.175,2.401,88.3339,0,1.529,1.385,20.25,20.29,28.2,16.4243,70,5.2628,52.828,52.88,9.6705,11.558,20.323,19.375,45.546,5.717,9.016,0.625918,0.247894,7,2200,5750,0,9.35897,15.5,5918.64,5.20323,31.25,5.283,5.283,0,0,0,8.648,17.29,3200,38.7302,1.195,41.339,1.391,53,1.1,-1.75
2026-09-07T08:36:12.426425+00:00,1.13939,457.341,108,19.83,80.17,0,5907.6,3.519,54.7,6.58119,1182.05,15.38,19.92,224.73,3.077,4.251,1.395,29.02,70.98,0,5907.6,4.7715,54.7,8.31207,1333.3,27.69,26.14,478.025,7.692,9.28,1.395,5.152,84.85,10,5030.69,1.9221,46.5805,4.59884,265.509,3.077,5.19,67.413,1.538,1.308,1.395,40.2,59.8,0,5030.69,5.0892,46.5805,8.67781,608.593,7.692,11.97,1838.44,36.92,35.98,1.395,3.833,79.43,16.73,5030.69,1.6786,46.5805,3.4847,166.361,4.615,3.254,88.1478,0,1.708,1.395,9.384,86.83,3.783,5030.69,2.4183,46.5805,3.83687,484.84,6.154,9.459,94.3387,0,1.824,1.395,3.776,96.22,0,5907.6,2.0234,54.7,2.87648,183.666,1.538,3.392,90.049,1.538,1.578,1.395,2.746,97.25,0,5907.6,1.9103,54.7,1.25592,129.466,0,2.344,82.5174,0,1.415,1.395,16,19.571,27.202,16.3155,74.5,5.2329,51.645,51.722,9.5755,11.444,19.585,19.25,44.402,7.308,8.688,0.467428,0.213598,7.45,2200,5750,0,9.51923,15.75,5919.77,4.95484,36.92,5.165,5.165,0,0,0,8.334,17.17,3200,38.7058,1.195,41.3554,1.391,52.9951,1.1,-1.6875
2026-09-07T08:36:13.446098+00:00,1.2326,501.319,108,21.47,78.53,0,5902.2,3.6629,54.65,7.03804,1278.89,6.25,21.39,253.127,4.688,4.764,1.39,43.4,56.6,0,5907.6,5.3834,54.7,9.22022,2182.44,32.81,42.57,528.561,4.688,10.2,1.39,6.616,88.45,4.931,5030.69,2.2813,46.5805,5.27165,358.875,4.688,6.946,77.0254,1.562,1.501,1.39,30.21,69.79,0,5907.6,5.0642,54.7,9.17029,689.335,9.375,13.24,1194.06,14.06,23.17,1.39,4.358,81.94,13.7,5030.69,1.8027,46.5805,3.87137,205.267,1.562,3.993,85.0651,0,1.654,1.39,10.05,89.79,0.1617,5030.69,2.6438,46.5805,4.15891,543.77,6.25,10.56,92.7909,1.562,1.809,1.39,4.36,95.64,0,5907.6,2.1257,54.7,3.15028,210.649,1.562,3.94,102.162,0,1.751,1.39,2.795,97.2,0,5907.6,1.9772,54.7,1.44069,128.588,0,2.353,90.5,0,1.568,1.39,18.125,21.303,29.603,16.4513,76,5.208,53.954,53.827,9.5531,11.418,21.277,19.125,46.751,5.566,9.463,0.681046,0.264921,7.6,2200,5750,0,9.39103,15.75,5918.29,5.22122,32.81,5.395,5.395,0,0,0,9.054,17.32,3200,38.6787,1.195,41.3964,1.391,52.985,1.1,-1.6875
2026-09-07T08:36:14.210840+00:00,1.21794,488.558,108,21.72,78.28,0,5902.2,3.6561,54.65,6.93336,1292.82,15.62,22.15,209.702,3.125,3.94,1.385,30.62,69.38,0,5902.2,4.9787,54.65,8.72816,1244.54,15.62,24.07,659.883,9.375,12.77,1.395,6.029,86.34,7.635,5026.09,2.1118,46.5379,5.07392,306.813,4.688,5.969,78.9827,0,1.539,1.395,42.66,57.34,0,5902.2,5.279,54.65,9.09375,693.104,7.812,13.35,1923.02,28.12,37.54,1.395,4.546,84.29,11.16,5026.09,1.958,46.5379,4.0197,225.762,0,4.343,79.1542,1.587,1.543,1.395,9.933,88.79,1.274,5026.09,2.6653,46.5379,4.29644,538.316,10.94,10.4,89.9029,0,1.753,1.395,3.533,96.47,0,5902.2,2.0775,54.65,3.10655,178.554,0,3.287,82.3374,0,1.42,1.395,2.742,97.26,0,5902.2,1.9818,54.65,1.47979,127.762,1.562,2.325,86.289,0,1.471,1.395,16.5,23.221,32.27,16.2914,79,5.1787,56.549,56.514,9.5218,11.381,23.201,19,49.348,6.154,9.242,0.505545,0.230058,7.9,2200,5750,0,9.22436,15.75,5919.71,5.13868,28.12,5.655,5.655,0,0,0,9.873,17.15,3200,38.7179,1.195,41.3675,1.391,52.995,1.1,-1.6875
2026-09-07T08:36:15.228367+00:00,1.23887,499.489,108,22.23,77.77,0,5902.2,3.7171,54.65,7.11466,1324.4,9.375,22.53,229.748,4.688,4.341,1.4,31.67,68.33,0,5907.6,4.944,54.7,8.78888,1267.55,18.75,24.49,735.72,10.94,14.23,1.39,6.65,86.82,6.526,5030.69,2.2486,46.5805,5.34397,330.214,4.688,6.395,99.3618,0,1.936,1.39,41.08,58.92,0,5907.6,5.1574,54.7,8.98068,665.941,4.688,12.8,1842.22,28.12,35.96,1.39,4.516,81.62,13.87,5030.69,1.8717,46.5805,4.01919,223.648,4.688,4.345,79.9622,0,1.555,1.39,10.82,88.15,1.032,5030.69,2.7007,46.5805,4.41314,601.247,9.375,11.58,80.7114,1.562,1.571,1.39,3.996,96,0,5907.6,2.1134,54.7,3.21087,199.265,3.125,3.7,88.8606,0,1.519,1.39,2.927,97.07,0,5907.6,1.9979,54.7,1.63559,128.393,3.125,2.295,94.5742,1.562,1.587,1.39,20.25,22.992,31.951,16.2579,75,5.2061,56.337,56.444,9.5361,11.399,23.009,18.875,49.076,6.543,9.428,0.624986,0.260739,7.5,2200,5750,0,9.3141,16,5919.07,5.20925,28.12,5.634,5.634,0,0,0,9.791,17.11,3200,38.7248,1.195,41.3639,1.391,52.995,1.1,-1.75
2026-09-07T08:36:16.246036+00:00,1.29572,519.692,108,21.45,78.55,0,5902.2,3.6605,54.65,7.16529,1277.67,14.06,21.12,256.152,4.688,4.789,1.39,36.28,63.72,0,5902.2,5.6269,54.65,10.1809,1635.18,26.56,31.73,613.549,6.25,11.82,1.395,6.261,90.18,3.555,5026.09,2.2965,46.5379,5.37563,337.543,1.562,6.548,65.4592,0,1.274,1.395,43.89,56.11,0,5026.09,5.5465,46.5379,9.89414,743.227,7.812,14.28,1926.73,32.81,37.57,1.395,4.617,84.01,11.37,5026.09,1.8979,46.5379,4.11762,236.473,3.125,4.603,63.7421,0,1.239,1.395,9.995,89.98,0.02886,5026.09,2.6897,46.5379,4.47835,549.822,4.688,10.57,84.7869,1.562,1.656,1.395,4.152,95.85,0,5902.2,2.1401,54.65,3.28491,204.325,3.125,3.856,95.462,0,1.633,1.395,2.932,97.07,0,5902.2,2.0279,54.65,1.62125,135.095,0,2.436,89.8501,0,1.53,1.39,19.375,20.964,29.137,16.861,80.5,5.2492,53.646,53.614,9.6169,11.494,20.969,19.375,46.406,6.641,9.79,0.598607,0.250721,8.05,2200,5750,0,9.35256,16,5917.31,5.46922,32.81,5.365,5.365,0,0,0,8.923,17.75,3200,38.7898,1.195,41.3954,1.391,52.98,1.1,-1.6875
2026-09-07T08:36:17.261373+00:00,1.36659,548.385,108,21.14,78.86,0,5896.8,3.6469,54.6,7.28783,1259.52,10.94,21.01,258.851,4.688,4.803,1.385,40.65,59.35,0,5902.2,6.6488,54.65,12.5114,1960.95,29.69,38.22,578.316,6.25,11.23,1.395,6.008,88,5.99,5026.09,2.1779,46.5379,5.39454,312.192,4.688,6.068,72.4211,0,1.361,1.395,48.04,51.96,0,5026.09,5.6644,46.5379,10.3884,1086.64,15.62,21.1,1836.83,21.88,35.95,1.395,3.891,84,12.11,5026.09,1.8102,46.5379,4.06964,198.375,1.562,3.825,62.5872,0,1.169,1.395,9.758,88.59,1.647,5026.09,2.6061,46.5379,4.40493,520.408,9.375,10.11,93.7395,1.562,1.783,1.395,4.364,95.64,0,5902.2,2.1206,54.65,3.34544,219.607,1.562,3.999,94.2581,1.562,1.628,1.395,2.801,97.2,0,5902.2,1.9482,54.65,1.46506,132.25,0,2.378,87.2137,0,1.482,1.395,18.875,22.176,30.79,17.9585,75.5,5.2491,55.288,55.187,9.6177,11.495,22.167,20.5,48.059,6.836,10.38,0.671819,0.298864,7.55,2200,5750,0,9.08974,15.75,5914.13,5.8363,29.69,5.529,5.529,0,0,0,9.433,18.9,3200,38.8186,1.195,41.3758,1.39,52.995,1.1,-1.6875
2026-09-07T08:36:18.279475+00:00,1.25063,504.425,108,21.9,78.1,0,5896.8,3.8032,54.6,7.43907,1303.8,15.62,22.99,208.637,7.937,3.932,1.395,37.14,62.86,0,5896.8,5.3471,54.6,9.73003,1610.27,25,31.41,779.24,14.06,15.22,1.39,5.862,84.8,9.339,5026.09,2.0413,46.5379,5.12198,291.206,1.587,5.668,85.139,1.587,1.649,1.39,40.26,59.74,0,5902.2,5.6777,54.65,10.3055,1272.69,17.19,24.8,1186.15,18.75,23.23,1.395,3.735,79.36,16.91,5026.09,1.6642,46.5379,3.76646,173.407,3.175,3.382,75.6805,1.587,1.467,1.395,9.416,87.49,3.098,5902.2,2.46,54.65,4.27073,494.017,9.375,9.61,88.7094,1.587,1.719,1.395,3.851,96.15,0,5902.2,2.0767,54.65,3.15264,191.254,1.562,3.633,88.5889,3.125,1.526,1.395,2.898,97.1,0,5902.2,1.9609,54.65,1.51922,134.196,1.562,2.388,87.8046,1.562,1.514,1.395,18.375,21.075,29.276,17.1795,76,5.1927,53.675,53.732,9.6068,11.482,21.046,20.625,46.47,7.83,9.634,0.740889,0.290628,7.6,2200,5750,0,9.26923,15.5,5916.6,5.47789,25,5.368,5.368,0,0,0,8.956,18.08,3200,38.7136,1.195,41.3206,1.391,52.9799,1.1,-1.6875
2026-09-07T08:36:19.298974+00:00,1.254,503.558,108,20.7,79.3,0,5907.6,3.6802,54.7,7.23921,1232.18,17.46,20.81,249.165,6.25,4.705,1.39,39.32,60.68,0,5907.6,5.7235,54.7,10.3769,1516.55,30.16,29.56,899.505,14.29,17.58,1.395,5.672,88.17,6.162,5907.6,2.1111,54.7,5.17558,297.93,3.125,5.823,62.6112,0,1.213,1.395,40.74,59.26,0,5896.8,5.4861,54.6,9.77284,1206.51,12.7,23.06,1301.12,20.63,25.63,1.395,3.897,82.19,13.92,5021.49,1.736,46.4953,3.79192,192.415,1.562,3.741,68.5977,1.562,1.315,1.395,8.807,90.21,0.9829,5896.8,2.443,54.6,3.96486,480.71,4.762,9.366,72.0641,0,1.39,1.395,3.541,96.46,0,5896.8,2.0401,54.6,3.07141,158.207,0,2.926,105.278,0,1.847,1.395,2.721,97.28,0,5896.8,1.9469,54.6,1.39546,127.587,1.587,2.304,86.5088,0,1.491,1.395,24.125,20.705,28.769,17.2275,82,5.2532,53.413,53.415,9.6785,11.567,20.751,20.75,46.115,7.13,9.547,0.628412,0.272264,8.2,2200,5750,0,9.49359,15.75,5917.94,5.4552,30.16,5.341,5.341,0,0,0,8.83,18.13,3200,38.7349,1.195,41.4307,1.391,52.99,1.1,-1.75
2026-09-07T08:36:20.315591+00:00,1.37125,547.409,108,21.57,78.43,0,5902.2,3.7042,54.65,7.32123,1283.91,17.19,22.35,218.169,3.125,4.118,1.39,50.11,49.89,0,5896.8,6.2444,54.6,11.2589,1671.82,26.56,32.41,1457.92,23.44,28.63,1.38,6.16,88.89,4.947,5021.49,2.2215,46.4953,5.36652,322.063,6.25,6.279,66.2536,1.562,1.28,1.38,39.05,60.95,0,5896.8,5.9655,54.6,11.1962,1568.08,29.69,30.82,803.129,9.375,15.67,1.38,3.894,83.7,12.41,5021.49,1.8059,46.4953,3.98815,191.899,3.125,3.753,67.2875,1.562,1.311,1.38,8.763,90.52,0.7164,5896.8,2.4983,54.6,4.26198,455.347,7.812,8.873,98.4081,1.562,1.919,1.38,4.487,95.51,0,5896.8,2.143,54.6,3.29229,211.572,3.125,3.985,108.281,1.562,1.957,1.38,3.094,96.91,0,5896.8,1.9706,54.6,1.44212,148.193,1.562,2.713,86.2064,1.562,1.539,1.38,21.25,21.98,30.521,17.7759,80,5.2441,55.073,55.066,9.6629,11.549,21.96,21.125,47.839,8.691,10.48,0.945475,0.362865,8,2200,5750,0,9.12179,15.5,5914.71,5.69449,29.69,5.507,5.507,0,0,0,9.345,18.71,3200,38.7984,1.195,41.51,1.39,52.9651,1.1,-1.6875
2026-09-07T08:36:21.332357+00:00,1.32953,522.49,108,20.84,79.16,0,5886,3.6207,54.5,7.18043,1240.69,18.46,22.17,165.436,3.077,3.123,1.39,51.06,48.94,0,5891.4,6.2187,54.55,11.2369,1546.45,32.31,30.46,1550.73,26.15,30.3,1.39,5.629,88.48,5.886,5016.9,2.104,46.4527,5.15625,256.497,6.154,5.037,101.452,1.538,1.978,1.39,35.09,64.91,0,5891.4,5.7525,54.55,10.816,1490.73,21.54,29.26,656.271,7.692,12.81,1.39,4.489,82.22,13.29,5016.9,1.8174,46.4527,3.99492,214.95,6.154,4.216,73.2432,1.538,1.423,1.39,9.532,89.12,1.349,5016.9,2.5396,46.4527,4.25744,488.023,7.692,9.537,101.106,1.538,1.967,1.39,3.479,96.52,0,5891.4,2.0158,54.55,3.10119,173.316,4.615,3.309,82.7293,1.538,1.44,1.39,2.832,97.17,0,5891.4,1.9275,54.55,1.34028,127.024,3.077,2.34,91.1942,1.538,1.542,1.385,16.875,21.777,30.229,17.9104,74,5.2535,54.778,54.78,9.6572,11.543,21.771,21.5,47.55,9.038,10.06,0.630203,0.304753,7.4,2200,5750,0,9.15385,16.25,5915.66,5.63579,32.31,5.478,5.478,0,0,0,9.264,18.85,3200,38.7768,1.195,41.3948,1.389,52.9554,1.1,-1.6875
2026-09-07T08:36:22.350787+00:00,1.37661,549.761,108,21.39,78.61,0,5896.8,3.5607,54.6,7.01703,1273.1,12.5,21.11,264.17,3.125,5.003,1.385,40.48,59.52,0,5902.2,6.6624,54.65,12.8089,1987.8,31.25,38.82,517.621,4.688,10.03,1.385,6.12,85.38,8.504,5026.09,2.1026,46.5379,5.11899,296.517,0,5.786,90.5765,0,1.752,1.385,50.35,49.65,0,5026.09,6.1501,46.5379,11.299,1479.01,17.19,28.81,1584.34,21.88,31.07,1.385,3.923,81.55,14.53,5026.09,1.7306,46.5379,3.80636,188.386,0,3.684,71.1202,0,1.37,1.385,8.806,88.41,2.78,5026.09,2.4471,46.5379,4.1731,445.439,4.688,8.647,106.669,0,2.065,1.385,3.845,96.15,0,5902.2,2.0206,54.65,3.06425,188.79,0,3.566,89.0303,0,1.572,1.385,2.747,97.25,0,5902.2,1.919,54.65,1.28557,130.181,0,2.359,83.4381,0,1.471,1.385,23.125,22.232,30.824,18.8226,74,5.2425,55.348,55.296,9.644,11.527,22.22,22.625,48.117,5.957,10.44,0.717858,0.320351,7.4,2200,5750,0,9.08333,15.75,5912.65,5.76841,31.25,5.535,5.535,0,0,0,9.455,19.81,3200,38.7796,1.195,41.2936,1.388,52.9599,1.1,-1.75
2026-09-07T08:36:23.369447+00:00,1.35411,539.069,108,22.65,77.35,0,5880.6,3.7799,54.45,7.39514,1346.83,18.75,23.38,222.761,6.25,4.199,1.385,52.27,47.73,0,5880.6,6.2483,54.45,11.2778,1604.67,29.69,31.31,1584.79,25,31.07,1.39,5.906,89.78,4.311,5007.7,2.1747,46.3676,5.23298,297.027,4.688,5.791,79.0523,1.562,1.531,1.39,34.91,65.09,0,5880.6,5.8284,54.45,11.0948,1609.36,26.56,31.37,551.058,7.812,10.75,1.39,3.757,85.22,11.02,5007.7,1.8024,46.3676,3.89902,187.452,1.562,3.668,62.1951,1.562,1.197,1.39,9.075,90.77,0.1571,5880.6,2.5268,54.45,4.29354,459.633,4.688,8.973,108.624,1.562,2.104,1.39,3.989,96.01,0,5880.6,2.0791,54.45,3.13564,199.723,4.688,3.749,92.2065,1.562,1.652,1.39,2.856,97.14,0,5880.6,1.954,54.45,1.46046,135.543,1.562,2.412,84.1873,1.562,1.475,1.39,19.75,22.051,30.626,17.683,76.5,5.1665,54.939,54.885,9.533,11.394,22.036,22.125,47.703,8.691,10.29,0.92184,0.339426,7.65,2200,5750,0,9.15385,15.75,5916.8,5.63889,29.69,5.494,5.494,0,0,0,9.377,18.61,3200,38.6597,1.195,41.2993,1.39,52.984,1.1,-1.6875
2026-09-07T08:36:24.386322+00:00,1.38076,556.267,108,23.19,76.81,0,5902.2,3.8019,54.65,7.54443,1378.93,21.88,23.81,237.148,7.812,4.532,1.39,48.73,51.27,0,5902.2,6.5347,54.65,12.0833,2304.6,32.81,45.08,705.186,18.75,13.79,1.375,5.707,86.16,8.135,5902.2,2.1228,54.65,5.36383,285.126,6.25,5.506,87.5987,3.175,1.699,1.375,39.7,60.3,0,5891.4,5.5942,54.55,10.5349,1450.39,21.88,28.16,1046.63,18.75,20.54,1.385,4.206,82.2,13.59,5891.4,1.8011,54.55,4.07856,195.165,7.812,3.812,84.0033,3.175,1.632,1.385,9.701,89.42,0.8815,5891.4,2.6569,54.55,4.53514,498.598,12.5,9.588,114.766,3.125,2.236,1.385,4.091,95.91,0,5891.4,2.1154,54.55,3.3632,196.757,3.125,3.718,98.413,4.688,1.74,1.385,2.755,97.24,0,5891.4,1.9479,54.55,1.48732,125.516,4.688,2.271,91.4425,3.125,1.585,1.385,17.375,22.367,31.06,17.7479,95.5,5.1993,55.51,55.508,9.6084,11.484,22.358,21.875,48.263,10.85,10.61,0.927428,0.301734,9.55,2200,5750,0,9.35897,16,5915.3,5.83547,32.81,5.551,5.551,0,0,0,9.514,18.68,3200,38.743,1.195,41.3474,1.39,52.9799,1.1,-1.6875
2026-09-07T08:36:25.403439+00:00,1.33444,533.579,108,21.93,78.07,0,5902.2,3.7598,54.65,7.46112,1305.69,26.56,22.64,216.06,3.175,4.066,1.395,52.33,47.67,0,5886,6.3512,54.5,11.3734,1548.25,25,30.25,1723.62,33.33,33.8,1.39,5.99,87.76,6.248,5012.3,2.1214,46.4102,5.32079,288.144,9.524,5.66,84.2357,0,1.637,1.39,32.99,67.01,0,5886,5.4929,54.5,10.5612,994.931,15.62,19.38,1031.27,18.75,20.16,1.39,4.279,84.24,11.49,5012.3,1.8406,46.4102,4.10518,199.722,3.175,3.892,77.401,0,1.501,1.39,9.14,89.91,0.9467,5007.7,2.4813,46.3676,4.30596,471.295,9.524,9.296,94.1929,0,1.829,1.39,3.999,96,0,5880.6,2.0798,54.45,3.251,188.165,1.562,3.56,99.7713,0,1.782,1.39,2.788,97.21,0,5880.6,1.9423,54.45,1.50598,125.058,1.562,2.273,89.4624,0,1.518,1.39,32.25,22.138,30.737,17.6937,79.5,5.2504,55.351,55.372,9.6463,11.529,22.183,21.875,48.041,9.237,10.2,0.804996,0.3042,7.95,2200,5750,0,9.16667,16,5915.27,5.68008,33.33,5.535,5.535,0,0,0,9.439,18.62,3200,38.7797,1.195,41.3141,1.39,53,1.1,-1.75
2026-09-07T08:36:26.420670+00:00,1.36463,543.343,108,22.38,77.62,0,5907.6,3.8032,54.7,7.39738,1331.78,18.75,22.77,241.051,4.615,4.568,1.395,48.39,51.61,0,5896.8,6.3075,54.6,11.6496,2634.07,35.94,51.56,333.837,4.615,6.497,1.39,6.061,86.84,7.098,5021.49,2.1134,46.4953,5.11063,314.801,10.77,6.166,69.5184,1.538,1.351,1.39,37.73,62.27,0,5896.8,5.7293,54.6,10.8133,723.816,10.94,13.98,1581.93,28.12,31.03,1.39,3.989,81.68,14.33,5021.49,1.7281,46.4953,3.72888,190.128,6.154,3.705,75.155,0,1.451,1.39,10.38,88.22,1.407,5896.8,2.582,54.6,4.45525,515.271,9.231,10.05,130.865,4.615,2.549,1.39,4.612,95.39,0,5896.8,2.123,54.6,3.11588,211.379,4.688,3.978,114.311,1.562,2.021,1.39,2.927,97.07,0,5896.8,1.9427,54.6,1.52038,128.3,1.562,2.331,97.2804,1.562,1.736,1.39,19.75,21.92,30.418,17.9344,97,5.2452,54.853,54.882,9.6083,11.484,21.873,21.875,47.672,9.041,10.36,0.729286,0.309675,9.7,2200,5750,0,9.30769,15.75,5914.38,5.53313,35.94,5.485,5.485,0,0,0,9.308,18.88,3200,38.846,1.195,41.329,1.389,53,1.1,-1.75
2026-09-07T08:36:27.438315+00:00,1.30128,523.779,108,21.37,78.63,0,5907.6,3.6869,54.7,7.10105,1272.94,25,22.47,190.047,4.688,3.617,1.395,47.59,52.41,0,5902.2,5.9662,54.65,10.8521,1408.5,28.12,27.38,1575.55,26.56,30.94,1.385,5.35,89.22,5.428,5902.2,2.105,54.65,4.9931,271.446,12.5,5.353,69.1411,4.688,1.342,1.385,36.73,63.27,0,5902.2,5.8464,54.65,11.1201,753.603,17.19,14.42,1543.05,20.31,30.28,1.385,3.659,85.83,10.51,5026.09,1.7925,46.5379,3.72894,177.683,10.94,3.483,68.3601,4.688,1.325,1.385,9.285,90.43,0.2865,5902.2,2.5819,54.65,4.53586,461.848,15.62,9.007,118.817,7.812,2.323,1.385,3.423,96.58,0,5902.2,2.0469,54.65,2.97856,175.981,9.375,3.309,79.7733,4.688,1.408,1.385,2.72,97.28,0,5902.2,1.9377,54.65,1.5657,129.166,6.25,2.347,84.5496,4.688,1.473,1.385,22.625,21.336,29.63,17.5466,73.5,5.2028,54.041,54.099,9.5308,11.392,21.379,21.625,46.745,12.7,10.03,0.634661,0.269294,7.35,2200,5750,0,9.16026,16,5916.86,5.44534,28.12,5.404,5.404,0,0,0,9.098,18.47,3200,38.8315,1.195,41.325,1.39,52.989,1.1,-1.75
2026-09-07T08:36:28.203332+00:00,1.93614,831.505,108,30.31,69.69,0,5907.6,4.386,54.7,9.13936,1786.87,15.62,30.1,536.705,4.762,10.25,1.39,56.96,43.04,0,5886,7.4467,54.5,14.6205,2971,50,58,788.514,17.46,15.4,1.385,13.39,82.57,4.038,5012.3,2.8349,46.4102,7.18082,691.89,11.11,13.49,197.269,1.587,3.806,1.385,49.21,50.79,0,5886,6.3579,54.5,12.9821,1102.6,20.31,21.36,2134.99,32.81,41.94,1.385,10.34,80.87,8.794,5012.3,2.439,46.4102,5.69743,529.896,12.7,10.3,163.13,3.175,3.146,1.385,17.8,81.69,0.5018,5886,3.3342,54.5,6.60939,931.465,15.87,18.17,343.338,3.175,6.652,1.385,9.223,90.78,0,5886,2.5231,54.5,4.4709,489.288,6.25,9.361,164.664,3.125,3.06,1.385,6.385,93.61,0,5886,2.2374,54.5,2.65722,285.985,3.125,5.287,186.465,1.562,3.408,1.385,20.25,26.546,36.497,19.4395,94,5.2079,61.109,61.065,9.6414,11.524,26.552,23.125,53.75,12.67,15.86,2.14949,0.654843,9.4,2200,5750,0,9.37179,15.75,5895.68,6.38849,50,6.111,6.111,0,0,0,11.3,20.46,3200,38.7872,1.195,41.3896,1.381,52.986,1.1,-1.6875
2026-09-07T08:36:29.219567+00:00,1.35095,541.456,108,22.65,77.35,0,5907.6,3.7231,54.7,7.19738,1348.2,21.88,23.15,262.86,7.692,4.98,1.395,51.08,48.92,0,5891.4,6.1002,54.55,11.4088,1485.16,26.56,29.35,1648.56,27.69,32.22,1.38,6.091,89.18,4.73,5016.9,2.1817,46.4527,5.20038,308.721,9.231,6.062,83.0211,1.538,1.628,1.38,34.79,65.21,0,5891.4,5.9244,54.55,11.5898,662.145,9.375,12.98,1489.14,28.12,29.1,1.38,4.079,83.25,12.68,5016.9,1.793,46.4527,3.873,201.469,1.538,3.955,66.6273,1.538,1.3,1.38,9.291,89.23,1.482,5891.4,2.513,54.55,4.68025,491.177,6.154,9.583,90.0709,3.077,1.777,1.38,4.144,95.86,0,5891.4,2.1073,54.55,3.14613,204.095,1.562,3.878,95.4075,3.125,1.687,1.38,2.975,97.03,0,5891.4,1.9681,54.55,1.80963,141.125,1.562,2.529,85.5219,1.562,1.514,1.38,22.25,22.17,30.762,17.907,108.5,5.1868,55.048,54.989,9.5145,11.372,22.143,22.625,47.839,9.513,10.36,0.713781,0.403275,10.85,2200,5750,0,9.22436,16.25,5914.83,5.5495,28.12,5.505,5.505,0,0,0,9.422,18.85,3200,38.807,1.195,41.365,1.389,52.964,1.1,-1.75
2026-09-07T08:36:30.238521+00:00,1.35744,545.086,108,21.15,78.85,0,5902.2,3.5947,54.65,7.12149,1260.11,15.87,20.61,272.072,3.175,5.125,1.39,34.88,65.12,0,5896.8,6.1406,54.6,12.0764,1827.83,25.4,35.3,342.396,4.762,6.611,1.385,5.987,88.15,5.866,5896.8,2.1579,54.6,5.21126,309.661,4.762,6.043,75.2258,0,1.453,1.385,52.45,47.55,0,5896.8,6.1458,54.6,11.5212,668.211,9.524,12.66,2539.77,41.27,50.02,1.385,4.235,81.02,14.75,5021.49,1.7506,46.4953,3.88741,206.247,3.175,4.007,71.7611,0,1.38,1.385,10.32,88.83,0.8412,5896.8,2.6279,54.6,4.85557,543.816,6.349,10.58,96.9001,0,1.866,1.385,4.095,95.91,0,5896.8,2.0907,54.6,3.1848,198.228,1.587,3.707,98.8601,1.587,1.741,1.385,2.627,97.37,0,5896.8,1.9463,54.6,1.77119,127.396,0,2.304,82.8942,0,1.433,1.385,21.25,22.142,30.723,18.1159,74,5.1563,55.02,55.181,9.4727,11.323,22.18,22.625,47.718,7.341,10.3,0.796672,0.314432,7.4,2200,5750,0,9.37821,16,5914.02,5.6759,41.27,5.502,5.502,0,0,0,9.438,19.07,3200,38.8164,1.195,41.3862,1.389,52.9749,1.1,-1.75
2026-09-07T08:36:31.255757+00:00,1.35627,540.253,108,21.74,78.26,0,5907.6,3.6324,54.7,7.07485,1293.01,21.54,21.41,263.993,7.692,5.025,1.385,41.85,58.15,0,5902.2,5.9888,54.65,11.7284,1657.93,23.08,32.69,889.276,18.46,17.32,1.385,5.406,86.99,7.604,5026.09,2.051,46.5379,5.01266,256.107,6.154,5.038,91.7387,3.077,1.798,1.385,47.28,52.72,0,5026.09,6.533,46.5379,12.625,569.862,12.31,11.25,2322.12,43.08,45.41,1.385,4.317,82.45,13.23,5026.09,1.7969,46.5379,3.87152,212.847,7.692,4.183,65.7317,0,1.276,1.385,8.751,88.22,3.033,5026.09,2.3885,46.5379,4.63679,427.193,6.154,8.366,119.676,1.538,2.332,1.385,3.5,96.5,0,5902.2,2.0191,54.65,3.04158,179.161,1.538,3.314,78.1685,0,1.357,1.385,2.791,97.21,0,5902.2,1.9341,54.65,1.8328,130.41,1.538,2.401,86.8352,1.538,1.546,1.385,16,22.058,30.585,18.5329,70.5,5.1439,54.768,54.646,9.464,11.313,22.036,23,47.556,9.712,10.3,0.679025,0.29219,7.05,2200,5750,0,9,15.75,5913.32,5.64598,43.08,5.477,5.477,0,0,0,9.377,19.51,3200,38.7716,1.195,41.4032,1.388,52.9454,1.1,-1.6875
2026-09-07T08:36:32.274054+00:00,1.38638,554.511,108,21.19,78.81,0,5902.2,3.6246,54.65,7.0595,1261.44,14.06,21.28,249.977,1.562,4.719,1.385,50.86,49.14,0,5896.8,6.4543,54.6,12.1274,2825.36,46.88,55.32,317.182,3.125,6.164,1.385,5.382,89.12,5.494,5021.49,2.0982,46.4953,5.03088,278.314,4.688,5.455,66.7756,0,1.297,1.385,40.03,59.97,0,5896.8,6.0246,54.6,11.6689,1053.98,15.62,20.5,1401.57,17.19,27.35,1.385,4.312,84.07,11.62,5016.9,1.8139,46.4527,3.84375,212.869,3.125,4.175,69.925,0,1.356,1.39,10.01,88.23,1.757,5891.4,2.5242,54.55,4.54688,503.992,7.812,9.823,119.876,0,2.339,1.39,4.197,95.8,0,5891.4,2.1003,54.55,3.1235,218.28,6.25,4.103,82.6074,0,1.452,1.39,2.648,97.35,0,5891.4,1.9145,54.55,1.60638,125.239,0,2.29,84.7782,0,1.493,1.39,18.875,22.642,31.425,18.2247,123.5,5.1993,55.768,55.704,9.546,11.411,22.611,22.875,48.555,7.52,10.57,0.928313,0.355096,12.35,2200,5750,0,9.37821,15.75,5915.1,5.61175,46.88,5.577,5.577,0,0,0,9.621,19.18,3200,38.744,1.195,41.337,1.389,52.985,1.1,-1.75
2026-09-07T08:36:33.291285+00:00,1.51008,601.513,108,25.5,74.5,0,5902.2,4.0116,54.65,7.89763,1515.06,18.75,24.93,318.317,12.5,5.961,1.39,47.06,52.94,0,5902.2,6.5977,54.65,12.8443,2197.68,37.5,42.86,697.049,7.812,13.53,1.39,6.488,88.85,4.658,5026.09,2.272,46.5379,5.49738,340.908,7.812,6.583,69.4274,0,1.344,1.39,49.05,50.95,0,5026.09,6.2863,46.5379,12.2748,1565.23,20.31,30.41,1398.28,25,27.36,1.39,4.517,85.1,10.38,5026.09,1.9146,46.5379,4.13075,206.296,1.562,3.985,90.1779,1.562,1.747,1.39,10.29,89.37,0.3382,5026.09,2.685,46.5379,5.08875,533.991,3.125,10.23,103.779,1.562,2.012,1.39,4.594,95.41,0,5902.2,2.1561,54.65,3.3015,199.496,0,3.729,127.111,0,2.294,1.39,3.52,96.48,0,5902.2,2.0361,54.65,1.97225,133.371,0,2.356,128.035,0,2.257,1.39,17.375,23.03,31.952,18.7628,72.5,5.1825,56.324,56.437,9.4985,11.353,23.06,23.25,49.006,8.594,11.35,1.12071,0.333347,7.25,2200,5750,0,9.35897,16,5911.76,5.8475,37.5,5.632,5.632,0,0,0,9.813,19.75,3200,38.816,1.195,41.404,1.389,52.95,1.1,-1.6875
2026-09-07T08:36:34.309079+00:00,1.26943,509.884,108,21.33,78.67,0,5907.6,3.6041,54.7,6.82673,1271.1,21.88,21.71,247.337,6.25,4.672,1.385,42.38,57.62,0,5902.2,5.5699,54.65,10.0305,2158.26,35.94,42.21,461.358,9.375,8.939,1.39,6.733,86.31,6.961,5026.09,2.2196,46.5379,5.08501,334.034,6.25,6.544,90.7557,3.125,1.765,1.39,36.03,63.97,0,5902.2,5.2869,54.65,9.93017,1637.83,31.25,31.92,569.639,7.812,11.15,1.39,4.365,81.71,13.92,5026.09,1.7684,46.5379,3.64443,195.885,6.25,3.828,93.2962,3.125,1.804,1.39,9.167,90.14,0.6891,5902.2,2.582,54.65,4.46978,477.566,7.812,9.319,98.0183,6.25,1.915,1.39,4.12,95.88,0,5902.2,2.0544,54.65,2.8903,200.562,6.25,3.794,98.9709,3.125,1.735,1.39,2.815,97.18,0,5902.2,1.9123,54.65,1.6067,133.367,3.125,2.414,90.1768,3.125,1.591,1.39,19.75,24.417,33.911,16.9626,71.5,5.134,58.032,57.855,9.4634,11.312,24.362,22.375,50.871,10.06,9.707,0.622116,0.243761,7.15,2200,5750,0,9.12179,15.5,5918.55,5.1512,35.94,5.803,5.803,0,0,0,10.37,17.86,3200,38.7482,1.195,41.327,1.39,52.9047,1.1,-1.6875
2026-09-07T08:36:35.327596+00:00,1.29708,520.191,108,21.58,78.42,0,5907.6,3.5479,54.7,6.73789,1284.49,25,21.93,235.637,9.375,4.469,1.385,49.18,50.82,0,5902.2,5.9341,54.65,10.592,2668.7,45.31,52.23,368.09,9.375,7.161,1.39,6.303,84.52,9.182,5026.09,2.1016,46.5379,4.93219,321.142,12.5,6.297,79.4114,3.125,1.54,1.39,32.73,67.27,0,5902.2,5.469,54.65,10.414,1595.44,25,31.09,415.328,7.812,8.118,1.39,3.996,80.42,15.58,5026.09,1.7057,46.5379,3.51449,189.656,6.25,3.716,76.6334,3.125,1.484,1.39,9.367,89.02,1.613,5902.2,2.5054,54.65,4.27035,477.342,9.375,9.333,113.369,3.125,2.215,1.39,3.942,96.06,0,5902.2,2.0509,54.65,2.84291,187.788,4.688,3.575,100.71,3.125,1.745,1.39,2.605,97.39,0,5902.2,1.8871,54.65,1.41121,120.995,4.688,2.179,88.3187,3.125,1.539,1.39,18.875,25.86,35.886,17.5038,69.5,5.1732,60.241,60.308,9.5252,11.386,25.885,22.125,52.962,10.94,9.914,0.733778,0.2733,6.95,2200,5750,0,9.19231,15.5,5916.84,5.23264,45.31,6.024,6.024,0,0,0,11.01,18.43,3200,38.7153,1.195,41.4166,1.389,52.965,1.1,-1.6875
2026-09-07T08:36:36.344132+00:00,1.2731,509.187,108,19.83,80.17,0,5907.6,3.42,54.7,6.52142,1181.83,21.88,20.87,170.148,0,3.229,1.395,46.41,53.59,0,5896.8,6.111,54.6,11.0504,2431.45,41.27,47.64,470.986,3.125,9.133,1.39,6.042,83.82,10.14,5021.49,2.0866,46.4953,4.90631,303.066,7.812,5.934,79.2022,0,1.538,1.39,36.38,63.62,0,5896.8,5.4611,54.6,10.1579,1861.85,21.88,36.36,363.558,7.937,7.071,1.39,4.13,78.5,17.37,5021.49,1.6915,46.4953,3.59406,197.029,1.587,3.866,76.9316,0,1.488,1.39,7.668,88.77,3.563,5896.8,2.2959,54.6,3.86899,402.582,9.375,7.859,89.3223,1.587,1.736,1.39,3.988,96.01,0,5021.49,2.0501,46.4953,2.87938,185.132,1.562,3.459,109.458,4.688,1.994,1.39,2.867,97.13,0,5896.8,1.9186,54.6,1.40919,126.968,0,2.302,97.4794,1.562,1.695,1.39,17.875,22.954,31.875,17.5216,72.5,5.1719,56.119,56.08,9.4865,11.339,22.942,21.875,48.903,7.766,9.76,0.571368,0.239431,7.25,2200,5750,0,8.94872,15.5,5917.04,5.29684,41.27,5.612,5.612,0,0,0,9.762,18.44,3200,38.6944,1.195,41.4038,1.39,52.6433,1.1,-1.75
2026-09-07T08:36:37.361355+00:00,1.29113,513.421,108,21.06,78.94,0,5902.2,3.6045,54.65,6.81349,1255.19,20.31,21.91,197.45,1.562,3.716,1.39,48.26,51.74,0,5913,6.2968,54.75,11.4302,2279.27,43.08,44.62,684.623,6.25,13.35,1.39,5.586,86,8.414,5035.29,2.0909,46.623,4.86498,279.278,7.812,5.493,76.9088,1.538,1.496,1.39,34.55,65.45,0,5035.29,5.1929,46.623,9.77451,1539.99,21.88,30.03,568.171,9.231,11.11,1.39,3.652,80.84,15.5,5035.29,1.6746,46.623,3.50136,170.756,1.538,3.342,76.9203,1.538,1.49,1.39,9.284,87.27,3.444,5035.29,2.4705,46.623,4.17166,472.322,10.94,9.235,106.555,4.615,2.07,1.39,4.047,95.95,0,5913,2.0589,54.75,2.85854,203.456,3.125,3.861,91.9982,1.562,1.639,1.39,2.668,97.33,0,5035.29,1.8983,46.623,1.40235,120.847,1.562,2.219,91.0146,1.562,1.546,1.39,23.625,22.17,30.781,17.5746,68,5.1942,55.252,55.325,9.5629,11.429,22.236,21.875,47.924,8.631,9.822,0.621321,0.254959,6.8,2200,5750,0,9.25,16,5917.25,5.28144,43.08,5.525,5.525,0,0,0,9.462,18.5,3200,38.7178,1.195,41.4416,1.39,52.7168,1.1,-1.6875
2026-09-07T08:36:38.378895+00:00,1.32994,535.728,108,22.33,77.67,0,5902.2,3.6655,54.65,7.09804,1329.91,12.5,22.41,255.186,6.25,4.847,1.39,46.67,53.33,0,5896.8,6.0806,54.6,11.0779,2336.37,37.5,45.77,520.465,10.94,10.11,1.385,6.195,84.01,9.8,5021.49,2.0765,46.4953,5.04915,304.272,3.125,5.947,91.0533,1.562,1.763,1.385,38.51,61.49,0,5896.8,5.7777,54.6,10.8573,1432.97,21.88,27.95,965.201,10.94,18.92,1.385,3.712,85.21,11.08,5021.49,1.8055,46.4953,3.80191,184.187,4.688,3.55,79.8427,3.125,1.542,1.385,9.097,88.88,2.028,5896.8,2.484,54.6,4.3236,477.505,7.812,9.321,96.563,1.562,1.873,1.385,3.828,96.17,0,5896.8,2.0505,54.6,2.98508,177.551,1.562,3.316,106.989,1.562,1.919,1.385,2.646,97.35,0,5896.8,1.9035,54.6,1.45524,125.567,1.562,2.288,88.0085,0,1.546,1.385,17.375,22.332,31.009,17.7872,69,5.1685,55.259,55.356,9.5268,11.387,22.281,22,48.081,7.91,10.19,0.787196,0.292578,6.9,2200,5750,0,9.42949,15.5,5916.65,5.45587,37.5,5.526,5.526,0,0,0,9.481,18.72,3200,38.6289,1.195,41.3761,1.39,52.985,1.1,-1.6875
2026-09-07T08:36:39.395962+00:00,1.29652,517.467,108,21.46,78.54,0,5902.2,3.6233,54.65,7.00975,1278.09,14.06,22.6,183.588,3.125,3.501,1.385,46.64,53.36,0,5030.69,5.9448,46.5805,10.7575,2288.11,31.25,44.81,590.967,10.94,11.49,1.395,5.88,86.96,7.165,5030.69,2.1171,46.5805,5.05475,288.925,4.688,5.671,85.8793,3.125,1.668,1.395,36.23,63.77,0,5030.69,5.498,46.5805,10.2959,1363.42,23.44,26.57,874.677,10.94,17.13,1.395,3.624,82.14,14.24,5030.69,1.7032,46.5805,3.6225,172.487,3.125,3.374,73.5512,4.688,1.42,1.395,9.476,88.57,1.956,5030.69,2.5458,46.5805,4.31375,467.147,9.375,9.139,125.496,3.125,2.444,1.395,3.447,96.55,0,5030.69,2.0119,46.5805,2.92163,182.034,3.125,3.439,78.3491,3.125,1.386,1.395,2.888,97.11,0,5907.6,1.9111,54.7,1.43438,133.483,3.125,2.355,93.2595,3.125,1.657,1.395,24.625,21.898,30.408,17.4678,66.5,5.1971,54.812,54.741,9.5268,11.387,21.942,21.75,47.512,8.398,9.915,0.641864,0.268197,6.65,2200,5750,0,9.33974,15.5,5917.7,5.41325,31.25,5.481,5.481,0,0,0,9.337,18.39,3200,38.681,1.195,41.376,1.39,52.955,1.1,-1.6875
2026-09-07T08:36:40.415537+00:00,1.30069,522.881,108,20.03,79.97,0,5907.6,3.5015,54.7,6.70644,1196.83,9.524,20.33,222.004,1.587,4.185,1.39,44.37,55.63,0,5902.2,5.3511,54.65,9.68725,2022.65,28.57,39.51,722.862,12.7,14.1,1.39,6.543,87.3,6.158,5026.09,2.2064,46.5379,5.12866,330.553,1.587,6.463,84.2722,0,1.634,1.39,39.56,60.44,0,5896.8,6.1076,54.6,11.3952,2158.84,31.75,41.98,279.992,1.587,5.406,1.385,4.265,83.54,12.19,5021.49,1.8322,46.4953,3.78043,208.874,0,4.075,76.053,1.587,1.46,1.39,9.163,90.12,0.7144,5896.8,2.5222,54.6,4.51654,491.882,7.937,9.611,89.0734,1.587,1.721,1.39,3.368,96.63,0,5896.8,1.9997,54.6,2.8673,168.745,0,3.167,90.0565,0,1.563,1.39,2.772,97.23,0,5896.8,1.9261,54.6,1.59003,118.007,0,2.112,105.405,0,1.829,1.39,20.25,21.22,29.484,17.2404,70,5.1682,53.73,53.725,9.4624,11.311,21.221,21.5,46.48,6.151,9.947,0.771742,0.285617,7,2200,5750,0,9.02564,16,5919.25,5.30631,31.75,5.373,5.373,0,0,0,9.03,18.15,3200,38.6768,1.195,41.3535,1.391,52.9748,1.1,-1.6875
2026-09-07T08:36:41.434080+00:00,1.31411,525.729,108,21.15,78.85,0,5891.4,3.5429,54.55,6.81806,1258.91,20,20.45,285.461,1.538,5.442,1.385,47.55,52.45,0,5907.6,5.7308,54.7,10.5892,2286.83,44.62,44.84,611.518,6.154,11.87,1.395,5.201,88.13,6.67,5030.69,2.0295,46.5805,4.89686,268.505,3.077,5.248,63.9872,0,1.252,1.395,38.68,61.32,0,5907.6,6.1869,54.7,11.8063,986.609,21.54,19.51,1363.99,9.231,26.64,1.395,3.713,82,14.29,5030.69,1.7087,46.5805,3.66119,184.836,6.154,3.631,64.8964,1.538,1.272,1.395,8.76,90.54,0.7039,5030.69,2.4648,46.5805,4.42083,436.752,4.615,8.511,115.601,1.538,2.263,1.395,3.531,96.47,0,5907.6,2.0196,54.7,2.94923,177.3,3.077,3.338,87.1854,0,1.566,1.395,2.824,97.18,0,5907.6,1.9129,54.7,1.54681,122.097,0,2.162,97.1693,0,1.714,1.395,23.625,21.864,30.335,17.9644,119.5,5.169,54.596,54.694,9.479,11.33,21.868,21.75,47.351,7.692,9.982,0.655664,0.262777,11.95,2200,5750,0,9.21795,15.5,5916,5.42428,44.62,5.46,5.46,0,0,0,9.306,18.91,3200,38.7302,1.195,41.3508,1.389,52.9753,1.1,-1.75
2026-09-07T08:36:42.452580+00:00,1.33233,532.761,108,21.12,78.88,0,5902.2,3.5242,54.65,6.833,1257.23,15.62,20.95,236.232,7.812,4.455,1.39,46.12,53.88,0,5891.4,5.9679,54.55,11.1805,2212.15,39.06,43.24,631.909,9.375,12.25,1.385,5.654,91.14,3.205,5016.9,2.1681,46.4527,5.13829,290.309,6.25,5.634,69.233,3.125,1.346,1.385,41.42,58.58,0,5891.4,6.2292,54.55,11.8679,1102.7,26.56,21.44,1441.83,15.62,28.17,1.385,3.942,85.12,10.94,5016.9,1.8129,46.4527,3.86146,189.416,3.125,3.675,69.8581,3.125,1.349,1.385,8.703,90.87,0.4265,5891.4,2.4776,54.55,4.50125,456.86,9.375,8.798,91.6806,3.125,1.784,1.385,3.909,96.09,0,5891.4,2.0794,54.55,3.09466,176.554,4.688,3.289,108.179,4.688,1.868,1.385,2.362,97.64,0,5891.4,1.9103,54.55,1.63365,104.032,3.125,1.863,86.009,3.125,1.484,1.385,17.875,21.952,30.477,17.7897,77,5.2012,54.814,54.744,9.5374,11.4,21.929,21.75,47.598,9.863,10.1,0.755412,0.283137,7.7,2200,5750,0,9.35897,16,5916.09,5.54213,39.06,5.481,5.481,0,0,0,9.332,18.73,3200,38.7743,1.195,41.3882,1.39,52.99,1.1,-1.6875
2026-09-07T08:36:43.217420+00:00,1.54083,620.04,108,24.32,75.68,0,5896.8,3.8627,54.6,7.64373,1443.5,17.19,22.87,339.502,3.125,6.351,1.39,59.05,40.95,0,5907.6,6.9033,54.7,13.3959,2950.06,46.88,57.71,705.004,9.375,13.65,1.39,6.116,89.01,4.878,5030.69,2.1822,46.5805,5.38611,322.815,3.125,6.183,70.5206,1.562,1.374,1.39,42.98,57.02,0,5030.69,6.6275,46.5805,13.4507,873.555,14.06,16.83,1770.21,28.12,34.46,1.39,3.931,84.61,11.46,5030.69,1.8319,46.5805,4.04883,200.51,3.125,3.856,59.409,1.562,1.15,1.39,11.26,86.66,2.075,5030.69,2.7072,46.5805,5.36863,588.749,6.25,11.23,110.966,1.562,2.166,1.39,3.827,96.17,0,5030.69,2.0648,46.5805,3.15372,196.165,3.125,3.637,83.5284,3.125,1.487,1.39,2.607,97.39,0,5907.6,1.9181,54.7,1.8996,116.186,1.562,2.024,89.9681,1.562,1.581,1.39,16.75,23.456,32.48,19.697,121.5,5.1682,56.77,56.641,9.47,11.32,23.465,23.375,49.484,9.082,11.66,1.10955,0.337905,12.15,2200,5750,0,9.32051,16,5908.32,5.93669,46.88,5.677,5.677,0,0,0,9.985,20.73,3200,38.7812,1.195,41.4466,1.386,52.975,1.1,-1.6875
2026-09-07T08:36:44.234998+00:00,1.32311,529.225,108,23.34,76.66,0,5902.2,3.9625,54.65,7.73636,1386.91,17.19,23.11,285.801,6.25,5.382,1.39,39.88,60.12,0,5896.8,5.2444,54.6,9.62763,1842.04,26.56,36,597.973,9.375,11.62,1.385,5.925,88.15,5.926,5021.49,2.1614,46.4953,5.36624,299.197,4.688,5.822,76.6114,0,1.487,1.385,43.51,56.49,0,5896.8,6.0894,54.6,11.2136,1379.67,20.31,26.9,1273.81,12.5,24.95,1.385,4.671,81.52,13.81,5021.49,1.8099,46.4953,4.01889,209.221,1.562,4.083,95.9612,1.562,1.861,1.385,8.911,90.15,0.9366,5021.49,2.492,46.4953,4.36486,474.185,6.25,9.196,85.0379,0,1.653,1.385,3.5,96.5,0,5896.8,2.0299,54.6,3.12075,171.566,0,3.177,86.0978,0,1.517,1.385,2.576,97.42,0,5896.8,1.9035,54.6,1.5209,109.28,0,1.937,94.2416,0,1.637,1.385,25.125,21.79,30.257,17.2928,75,5.1975,54.631,54.819,9.5498,11.414,21.794,22.75,47.388,6.641,10.02,0.632134,0.252084,7.5,2200,5750,0,8.98077,15.75,5916.21,5.49737,26.56,5.463,5.463,0,0,0,9.274,18.2,3200,38.7487,1.195,41.3954,1.39,53,1.1,-1.6875
2026-09-07T08:36:45.254106+00:00,1.33845,541.016,108,22.33,77.67,0,5896.8,3.7278,54.6,7.37638,1329.6,21.88,22.22,286.633,3.125,5.419,1.39,46.04,53.96,0,5902.2,5.6413,54.65,10.2541,2084.27,28.12,40.7,781.459,14.06,15.15,1.39,5.664,90.38,3.956,5026.09,2.2004,46.5379,5.439,288.65,1.562,5.589,78.0758,0,1.522,1.39,38.53,61.47,0,5902.2,5.7674,54.65,10.7938,808.335,10.94,15.6,1562.88,23.44,30.45,1.39,4.356,84.74,10.91,5026.09,1.8793,46.5379,4.23138,210.809,0,4.103,75.2551,0,1.455,1.39,10.41,88.95,0.6411,5026.09,2.6948,46.5379,4.71275,540.174,9.375,10.41,113.921,1.562,2.221,1.39,3.942,96.06,0,5902.2,2.1193,54.65,3.3795,184.077,3.125,3.471,103.538,0,1.778,1.39,2.586,97.41,0,5902.2,1.952,54.65,1.658,117.147,0,2.087,91.4263,0,1.597,1.39,18.375,22.891,31.8,17.1624,70.5,5.2597,56.428,56.418,9.7148,11.611,22.88,22,49.196,7.324,10.24,0.774458,0.285892,7.05,2200,5750,0,9.30769,15.75,5916.74,5.66813,28.12,5.643,5.643,0,0,0,9.736,18.07,3200,38.692,1.195,41.405,1.39,52.995,1.1,-1.6875
2026-09-07T08:36:46.273121+00:00,1.26749,506.304,108,21.4,78.6,0,5902.2,3.6935,54.65,7.2103,1274.43,26.56,21.29,243.807,4.688,4.637,1.395,45.06,54.94,0,5896.8,5.5011,54.6,9.62963,2273.79,39.06,44.45,473.601,3.125,9.179,1.395,6.177,88.23,5.595,5021.49,2.2035,46.4953,5.32678,319.06,7.812,6.213,74.0767,0,1.44,1.395,33.62,66.38,0,5896.8,5.0753,54.6,9.28482,900.382,17.19,17.42,1157.18,10.94,22.52,1.395,4.233,82.88,12.89,5021.49,1.7966,46.4953,3.94051,201.687,0,3.92,77.4522,0,1.499,1.395,9.821,89.19,0.9851,5021.49,2.5773,46.4953,4.23735,500.875,9.375,9.674,112.53,1.562,2.197,1.395,3.812,96.19,0,5896.8,2.0615,54.6,3.14667,179.928,0,3.39,101.153,0,1.709,1.395,2.628,97.37,0,5896.8,1.9295,54.6,1.49775,114.352,0,2.047,96.5586,0,1.668,1.395,18.375,23.087,32.081,16.9437,71.5,5.2443,56.576,56.486,9.6305,11.511,23.071,21.625,49.361,7.52,9.578,0.571643,0.238025,7.15,2200,5750,0,9.41026,16,5918.11,5.39454,39.06,5.658,5.658,0,0,0,9.818,17.84,3200,38.7645,1.195,41.519,1.391,52.995,1.1,-1.6875
2026-09-07T08:36:47.290780+00:00,1.30466,523.526,108,21.11,78.89,0,5902.2,3.5283,54.65,7.00125,1259.67,18.75,21.27,233.714,3.125,4.337,1.39,33.36,66.64,0,5902.2,5.7078,54.65,10.7324,1486.57,17.19,28.89,598.771,9.375,11.5,1.39,6.277,87.57,6.154,5026.09,2.157,46.5379,5.28775,327.944,9.375,6.381,75.673,1.562,1.433,1.39,49.59,50.41,0,5902.2,5.4357,54.65,9.62113,575.226,6.25,11.06,2429.82,37.5,47.57,1.39,4.05,83.89,12.06,5026.09,1.8013,46.5379,4.01438,190.249,4.688,3.649,82.4973,1.562,1.561,1.39,9.34,89.81,0.8494,5026.09,2.5315,46.5379,4.31138,498.82,3.125,9.609,99.9472,1.562,1.903,1.39,3.739,96.26,0,5902.2,2.0444,54.65,3.188,184.994,6.25,3.412,96.6702,1.562,1.713,1.39,2.997,97,0,5902.2,1.9569,54.65,1.588,128.317,1.562,2.201,107.537,1.562,1.826,1.39,16.5,22.247,30.906,17.4202,68.5,5.1978,55.326,55.488,9.5483,11.412,22.278,21.75,48.035,7.812,9.895,0.739105,0.291203,6.85,2200,5750,0,9.25641,15.75,5917.36,5.59775,37.5,5.533,5.533,0,0,0,9.48,18.34,3200,38.752,1.195,41.513,1.391,52.995,1.1,-1.6875
2026-09-07T08:36:48.309422+00:00,1.25261,499.932,108,20.14,79.86,0,5902.2,3.458,54.65,6.77154,1201.55,20.31,20.29,212.243,3.125,4.013,1.385,47.28,52.72,0,5902.2,5.5985,54.65,9.80366,2482.25,40.62,48.51,400.04,3.125,7.674,1.395,6.328,86.31,7.36,5026.09,2.1769,46.5379,5.21875,323.742,7.812,6.271,79.3427,1.562,1.543,1.395,31.99,68.01,0,5026.09,5.092,46.5379,9.41559,796.606,15.62,15.37,1163.37,14.06,22.56,1.395,4.22,84.82,10.96,5026.09,1.8453,46.5379,3.97112,197.495,1.562,3.848,83.0073,1.562,1.613,1.395,8.77,91.23,0,5026.09,2.4793,46.5379,4.07981,468.262,6.25,9.024,91.9394,3.125,1.8,1.395,3.652,96.35,0,5902.2,2.0712,54.65,3.19783,187.313,3.125,3.499,85.9791,1.562,1.513,1.395,2.873,97.13,0,5902.2,1.95,54.65,1.58516,119.225,1.562,2.111,106.547,1.562,1.796,1.395,17.375,20.06,27.887,16.9724,77.5,5.1291,52.071,51.969,9.4502,11.296,20.068,21.25,44.825,7.91,9.465,0.582077,0.230245,7.75,2200,5750,0,9.28205,15.75,5918.65,5.38085,40.62,5.207,5.207,0,0,0,8.54,17.87,3200,38.7759,1.195,41.4562,1.392,52.99,1.1,-1.6875
2026-09-07T08:36:49.326725+00:00,1.1773,473.909,108,18.89,81.11,0,5902.2,3.3577,54.65,6.34985,1127.44,12.7,19.7,166.032,4.762,3.157,1.39,44.98,55.02,0,5902.2,5.2348,54.65,8.78627,998.832,9.524,19.18,1805.09,26.98,35.39,1.39,5.183,86.05,8.769,5902.2,2.0282,54.65,4.69679,257.206,3.175,4.947,86.8295,1.587,1.678,1.39,30.26,69.74,0,5902.2,4.6966,54.65,8.40167,687.606,7.937,13.12,1175.19,19.05,22.9,1.39,4.012,79.09,16.9,5902.2,1.7141,54.65,3.5704,193.044,1.587,3.73,74.1901,3.175,1.429,1.39,8.66,90.57,0.7671,5902.2,2.51,54.65,3.96651,466.028,7.937,8.984,89.7059,1.587,1.744,1.39,3.349,96.65,0,5902.2,2.0078,54.65,2.86236,164.883,3.175,3.053,89.6548,3.175,1.555,1.39,2.391,97.61,0,5902.2,1.8907,54.65,1.39737,109.3,1.587,1.937,91.5163,1.587,1.597,1.39,18.875,19.719,27.419,16.5574,70,5.1568,51.698,51.697,9.5273,11.388,19.704,20.75,44.479,6.845,9.006,0.653599,0.240133,7,2200,5750,0,9.50641,16.25,5920.37,5.04752,26.98,5.17,5.17,0,0,0,8.385,17.43,3200,38.6684,1.195,41.453,1.392,52.9899,1.1,-1.6875
2026-09-07T08:36:50.344458+00:00,1.12856,451.94,108,17.29,82.71,0,5907.6,3.1584,54.7,6.01412,1034.55,15.38,17.45,193.823,6.154,3.652,1.39,44.41,55.59,0,5907.6,5.1718,54.7,8.57978,919.872,9.231,18.06,1809.08,27.69,35.33,1.39,5.367,86.15,8.478,5030.69,1.9665,46.5805,4.63553,256.429,4.615,5.023,79.7331,0,1.555,1.39,28.61,71.39,0,5907.6,4.6382,54.7,8.17307,1091.3,15.38,21.26,663.206,12.31,12.89,1.39,3.687,80.03,16.28,5030.69,1.6478,46.5805,3.42592,165.94,0,3.252,79.566,0,1.541,1.39,7.455,91.4,1.141,5030.69,2.2826,46.5805,3.39631,377.125,6.154,7.356,96.0217,0,1.885,1.39,3.337,96.66,0,5907.6,1.9754,54.7,2.77193,165.712,1.538,3.087,85.2703,0,1.498,1.39,2.7,97.3,0,5907.6,1.8795,54.7,1.17654,109.271,0,1.953,104.153,0,1.78,1.39,16.5,19.636,27.298,16.387,76,5.1087,51.42,51.523,9.4163,11.255,19.644,20.25,44.173,6.154,8.599,0.550703,0.211315,7.6,2200,5750,0,9.12821,16,5921.63,4.944,27.69,5.142,5.142,0,0,0,8.359,17.25,3200,38.7314,1.195,41.3816,1.391,52.9851,1.1,-1.6875
2026-09-07T08:36:51.363530+00:00,1.11009,445.639,108,16.61,83.39,0,5907.6,3.1291,54.7,5.89715,992.887,7.812,17.17,168.807,1.562,3.21,1.39,34.04,65.96,0,5030.69,4.6401,46.5805,7.75125,1625.69,21.88,31.74,477.443,6.25,9.233,1.395,5.25,82.64,12.11,5030.69,1.8592,46.5805,4.47548,252.513,1.562,4.933,83.2109,0,1.618,1.395,36.6,63.4,0,5030.69,4.9344,46.5805,8.33408,1969.89,31.25,38.51,285.559,1.562,5.556,1.395,3.661,78.97,17.37,5030.69,1.6118,46.5805,3.33071,173.154,1.562,3.369,72.6046,0,1.406,1.395,8.555,86.68,4.761,5030.69,2.3984,46.5805,3.67004,454.468,10.94,8.884,84.5686,0,1.648,1.395,3.669,96.33,0,5907.6,1.9867,54.7,2.79279,175.672,4.688,3.238,99.6521,3.125,1.808,1.395,2.626,97.37,0,5907.6,1.8717,54.7,1.17342,114.573,1.562,2.039,99.5359,1.562,1.744,1.395,22.25,19.055,26.502,16.2128,69,5.0988,50.555,50.473,9.3864,11.22,19.049,19.75,43.33,5.957,8.506,0.548038,0.236897,6.9,2200,5750,0,9.03846,15.75,5921.94,4.89602,31.25,5.056,5.056,0,0,0,8.106,17.07,3200,38.6486,1.195,41.3984,1.392,53,1.1,-1.6875
2026-09-07T08:36:52.379457+00:00,1.21506,486.245,108,19.43,80.57,0,5907.6,3.4477,54.7,6.55053,1158.2,20.31,19.79,206.448,4.688,3.909,1.38,48.64,51.36,0,5902.2,5.5493,54.65,9.39945,1290.41,20.31,25.15,1691.15,26.56,33.11,1.39,4.973,85.31,9.72,5026.09,1.9472,46.5379,4.62726,257.121,6.25,5.025,67.0586,1.562,1.301,1.39,30.22,69.78,0,5902.2,4.8501,54.65,8.7085,1182.21,15.62,22.98,672.191,10.94,13.1,1.39,3.584,79.05,17.36,5026.09,1.6402,46.5379,3.46427,173.112,3.125,3.375,67.6178,0,1.306,1.39,7.882,89.63,2.487,5902.2,2.3707,54.65,3.72543,408.26,9.375,7.982,93.9423,0,1.835,1.39,4.221,95.78,0,5902.2,2.0644,54.65,2.94045,187.225,3.125,3.52,118.71,0,2.085,1.39,2.558,97.44,0,5902.2,1.8781,54.65,1.24574,110.984,1.562,1.993,95.284,0,1.681,1.39,19.375,20.552,28.561,16.8702,73,5.1316,52.677,52.609,9.4421,11.286,20.51,19.875,45.492,7.715,9.259,0.679214,0.243746,7.3,2200,5750,0,8.96795,15.5,5919.45,5.08914,26.56,5.268,5.268,0,0,0,8.728,17.76,3200,38.6841,1.195,41.5095,1.391,53,1.1,-1.6875
2026-09-07T08:36:53.398993+00:00,1.21818,496.12,108,18.82,81.18,0,5902.2,3.3442,54.65,6.44938,1122.57,12.5,18.79,229.672,3.175,4.297,1.395,45.97,54.03,0,5859,5.616,54.25,9.62175,2277.73,35.94,44.54,592.659,9.375,11.51,1.375,5.53,85.85,8.616,5035.08,2.034,46.6211,4.81488,272.313,4.688,5.316,83.1268,0,1.618,1.375,31.82,68.18,0,5869.8,5.0651,54.35,8.887,1506.78,20.31,28.43,511.36,3.175,10.01,1.375,3.851,82.34,13.81,5869.8,1.7285,54.35,3.63238,182.638,1.562,3.552,76.7935,0,1.482,1.375,8.965,89.03,2.009,5869.8,2.5211,54.35,4.02313,450.748,4.688,8.836,110.934,0,2.153,1.375,4.157,95.84,0,5869.8,2.0834,54.35,3.05313,195.861,3.125,3.625,106.93,0,1.875,1.375,2.697,97.3,0,5869.8,1.9217,54.35,1.397,119.392,0,2.135,98.4232,0,1.72,1.375,19.375,21.174,29.423,16.8937,126.5,5.157,53.614,53.501,9.4513,11.297,21.161,20.25,46.393,6.159,9.367,0.597226,0.238061,12.65,2200,5750,0,9.16667,15.5,5918.42,5.19113,35.94,5.361,5.361,0,0,0,9.005,17.78,3200,38.748,1.195,41.45,1.391,53,1.1,-1.6875
2026-09-07T08:36:54.416629+00:00,1.41434,563.679,108,22,78.01,0,5902.2,3.6356,54.65,7.30561,1308.96,29.69,23.13,206.975,3.077,3.942,1.395,49.71,50.29,0,5902.2,5.6846,54.65,10.3198,2590.71,40.62,50.71,478.119,9.375,9.314,1.385,7.379,86.51,6.116,5902.2,2.2667,54.65,5.55887,376.926,9.375,7.415,101.861,0,1.976,1.385,37.28,62.72,0,5902.2,5.8702,54.65,11.6489,1840.28,28.12,36.74,437.102,4.615,8.48,1.385,5.254,81.79,12.95,5902.2,1.8892,54.65,4.24762,265.258,1.562,5.174,77.9874,0,1.501,1.385,12.04,85.68,2.285,5902.2,2.7982,54.65,5.10396,660.795,14.06,12.86,90.9456,0,1.77,1.385,4.53,95.47,0,5902.2,2.0957,54.65,3.33254,219.568,3.125,4.06,112.876,0,2.054,1.385,3.251,96.75,0,5902.2,1.9812,54.65,1.74825,137.284,0,2.53,113.223,0,2.027,1.385,19.75,21.634,30.006,18.2152,94,5.2213,54.529,54.687,9.605,11.48,21.661,21.25,47.23,8.977,10.86,1.04638,0.331712,9.4,2200,5750,0,9.46154,15.5,5912.5,5.72457,40.62,5.453,5.453,0,0,0,9.217,19.17,3200,38.7695,1.195,41.4259,1.389,52.985,1.1,-1.6875
2026-09-07T08:36:55.432695+00:00,1.18727,473.917,108,18.13,81.87,0,5907.6,3.2995,54.7,6.31691,1082.9,14.06,18.76,184.223,3.125,3.511,1.39,41.83,58.17,0,5030.69,5.3379,46.5805,9.32237,1995.32,34.38,39.04,571.417,7.812,11.15,1.4,5.368,85.24,9.395,5030.69,2.0071,46.5805,4.75583,275.19,7.812,5.402,70.9594,1.562,1.376,1.4,33.79,66.21,0,5030.69,5.0421,46.5805,9.04146,1689.67,28.12,33.01,382.935,7.812,7.477,1.4,4.134,81.68,14.19,5030.69,1.734,46.5805,3.63406,185.617,6.25,3.633,89.5421,0,1.744,1.4,8.821,88.14,3.038,5030.69,2.4101,46.5805,3.90429,423.276,12.5,8.289,125.009,4.688,2.441,1.4,3.788,96.21,0,5907.6,2.048,54.7,2.98709,187.393,3.125,3.528,94.142,1.562,1.688,1.4,2.87,97.13,0,5907.6,1.9143,54.7,1.38642,126.339,1.562,2.25,98.7439,0,1.704,1.4,18.875,19.919,27.677,16.9676,71.5,5.2531,52.301,52.386,9.6631,11.549,19.961,21.125,45.004,8.398,9.062,0.619316,0.237183,7.15,2200,5750,0,9.48718,16,5918.6,5.11718,34.38,5.23,5.23,0,0,0,8.494,17.86,3200,38.7527,1.195,41.3337,1.391,52.9454,1.1,-1.6875
2026-09-07T08:36:57.451255+00:00,1.19533,481.764,108,18.78,81.22,0,5899.5,3.4014,54.625,6.57967,1120.47,13.28,19.34,204.165,7.812,3.852,1.39,42.8,57.2,0,5902.2,5.2226,54.65,9.06267,966.594,16.41,18.82,1701.72,28.91,33.31,1.393,5.874,83.88,10.25,5026.09,2.0289,46.5379,4.93332,288.6,5.469,5.641,85.6338,0.7812,1.664,1.393,33.2,66.8,0,5463.75,5.1779,50.5902,9.32187,1543.15,25.78,30.09,505.007,7.812,9.861,1.393,3.746,80.8,15.45,5026.09,1.6971,46.5379,3.66582,185.222,4.688,3.614,66.9309,1.562,1.296,1.393,8.714,88.82,2.465,5463.75,2.4643,50.5902,4.09784,449.473,8.594,8.768,98.6903,2.344,1.925,1.393,3.877,96.12,0,5902.2,2.0657,54.65,3.05443,190.098,2.344,3.559,95.9268,1.562,1.651,1.393,2.548,97.45,0,5463.75,1.9082,50.5902,1.44495,111.55,0.7812,2.014,94.9971,1.562,1.661,1.393,18.375,19.925,27.699,16.6619,70.75,5.1965,52.018,51.997,9.5213,11.38,19.913,20.4375,44.796,8.105,9.192,0.618521,0.243653,7.075,2200,5750,0,9.25321,15.5,5919.09,5.20426,28.91,5.202,5.202,0,0,0,8.474,17.54,3200,38.8069,1.195,41.3786,1.391,52.9825,1.1,-1.6875
2026-09-07T08:36:58.216267+00:00,1.1862,478.353,108,18.57,81.43,0,5907.6,3.3581,54.7,6.46815,1108.81,18.75,19.21,197.922,4.688,3.783,1.395,39.94,60.06,0,5896.8,5.2186,54.6,9.06532,1984.15,34.38,38.64,496.513,10.94,9.632,1.385,6.337,84.91,8.749,5896.8,2.126,54.6,4.97956,325.738,3.125,6.337,76.754,0,1.491,1.385,35.23,64.77,0,5896.8,5.0674,54.6,9.00915,1936.24,28.12,37.74,257.329,4.688,5.011,1.385,3.648,82.59,13.76,5896.8,1.7213,54.6,3.6759,181.959,3.125,3.54,63.9826,0,1.228,1.385,8.316,88.86,2.826,5896.8,2.3988,54.6,3.90873,426.822,6.25,8.323,98.9165,1.562,1.926,1.385,3.61,96.39,0,5896.8,2.0442,54.6,3.02721,182.078,1.562,3.377,87.9004,0,1.57,1.385,2.969,97.03,0,5896.8,1.9512,54.6,1.45298,121.211,0,2.192,107.329,1.562,1.827,1.385,19.75,20.351,28.278,16.7975,82.5,5.182,52.627,52.528,9.5461,11.41,20.355,20.25,45.389,7.422,9.113,0.575059,0.227327,8.25,2200,5750,0,8.97436,15.75,5918.86,5.14982,34.38,5.263,5.263,0,0,0,8.662,17.68,3200,38.7994,1.195,41.3731,1.391,53,1.1,-1.6875
2026-09-07T08:36:59.233435+00:00,1.2738,509.092,108,20.63,79.37,0,5907.6,3.6118,54.7,6.97548,1228.74,15.87,21.02,223.107,4.762,4.181,1.39,48.21,51.79,0,5896.8,5.9041,54.6,10.1814,2615.16,49.21,51.13,338.967,1.587,6.547,1.39,5.809,87.57,6.624,5896.8,2.0899,54.6,4.99237,303.165,7.937,5.938,68.0916,1.587,1.32,1.39,32.12,67.88,0,5896.8,5.0897,54.6,9.18544,1398.97,23.81,27.22,586.34,9.524,11.46,1.39,4.043,84.27,11.68,5021.49,1.7819,46.4953,3.79054,198.127,3.175,3.882,67.5646,1.587,1.305,1.39,9.329,90.14,0.5356,5896.8,2.5714,54.6,4.08171,495.715,7.937,9.639,89.9971,1.587,1.738,1.39,4.545,95.45,0,5896.8,2.1143,54.6,3.09484,214.865,3.175,3.984,104.031,1.587,1.804,1.39,2.693,97.31,0,5896.8,1.928,54.6,1.3048,121.183,1.587,2.187,91.4442,1.587,1.613,1.39,17.875,20.944,29.104,16.8915,68.5,5.1581,53.358,53.382,9.482,11.334,20.946,20.125,46.112,8.532,9.687,0.7376,0.27364,6.85,2200,5750,0,9.32051,16.25,5917.66,5.29805,49.21,5.336,5.336,0,0,0,8.913,17.78,3200,38.7988,1.195,41.4314,1.391,53,1.1,-1.6875
2026-09-07T08:37:00.250868+00:00,1.30759,522.883,108,21.44,78.56,0,5907.6,3.5501,54.7,6.94062,1275.94,18.46,22.17,202.334,1.538,3.843,1.395,48.22,51.78,0,5907.6,6.0477,54.7,10.9217,2412.47,40,47.48,591.376,4.615,11.48,1.39,5.808,87.57,6.62,5907.6,2.1019,54.7,5.07373,287.002,1.538,5.623,80.5719,1.538,1.577,1.39,36.01,63.99,0,5907.6,5.5849,54.7,10.3061,1117.99,12.31,21.92,1085.87,15.38,21.2,1.39,3.745,84.82,11.43,5907.6,1.7496,54.7,3.7898,177.598,3.077,3.5,74.2337,1.538,1.449,1.39,9.055,88.94,2.004,5907.6,2.4486,54.7,4.02408,465.644,6.154,9.118,105.449,3.077,2.069,1.39,3.555,96.45,0,5907.6,2.006,54.7,2.998,180.656,3.077,3.395,84.13,0,1.486,1.39,2.922,97.08,0,5907.6,1.9077,54.7,1.27333,124.218,1.538,2.291,100.651,0,1.736,1.39,21.75,21.055,29.245,17.3342,69,5.1651,53.416,53.296,9.4506,11.296,21.023,20.375,46.223,7.115,10.02,0.632105,0.26134,6.9,2200,5750,0,9.24359,15.75,5917.37,5.50487,40,5.342,5.342,0,0,0,8.946,18.25,3200,38.7405,1.195,41.4251,1.39,52.995,1.1,-1.6875
2026-09-07T08:37:01.269069+00:00,1.43077,568.726,108,23.64,76.36,0,5907.6,3.8742,54.7,7.71909,1404.95,14.06,24.75,217.261,9.375,4.048,1.39,44.94,55.06,0,5896.8,5.9378,54.6,11.0739,1223.26,20.31,23.7,1554.54,23.44,30.47,1.385,6.948,86.53,6.526,5896.8,2.223,54.6,5.47998,338.664,7.812,6.578,99.3721,3.125,1.937,1.385,46.93,53.07,0,5896.8,6.1737,54.6,11.489,1483.6,29.69,28.81,1390.32,23.44,27.33,1.385,4.513,82.09,13.39,5021.49,1.7964,46.4953,4.07295,216.192,6.25,4.223,83.3699,4.688,1.62,1.385,9.641,89.19,1.172,5896.8,2.5362,54.6,4.4746,497.863,9.375,9.701,101.492,3.125,1.975,1.385,3.734,96.27,0,5896.8,2.0271,54.6,3.15002,184.611,6.25,3.422,87.9102,3.125,1.563,1.385,2.727,97.27,0,5896.8,1.9105,54.6,1.46584,118.377,4.688,2.164,97.8424,3.125,1.718,1.385,23.125,23.614,32.764,17.7734,70,5.1995,57.208,57.249,9.5771,11.447,23.619,20.875,49.93,10.74,10.87,1.15184,0.329215,7,2200,5750,0,9.48077,15.5,5914.6,5.7271,29.69,5.721,5.721,0,0,0,10.05,18.71,3200,38.8058,1.195,41.4084,1.389,52.995,1.1,-1.6875
2026-09-07T08:37:02.286499+00:00,1.19174,476.745,108,19.08,80.92,0,5907.6,3.3943,54.7,6.63413,1135.68,14.06,18.9,235.026,3.175,4.463,1.385,39.19,60.81,0,5907.6,5.1843,54.7,9.23962,1827.06,23.44,35.86,567.342,11.11,10.94,1.39,5.056,85.44,9.504,5030.69,1.9486,46.5805,4.80838,252.578,1.587,4.963,66.2117,0,1.282,1.39,36.84,63.16,0,5907.6,5.3112,54.7,9.55725,1176.48,19.05,23.09,1085.19,17.19,21.21,1.39,4.064,80.15,15.79,5030.69,1.707,46.5805,3.69675,186.06,4.762,3.632,81.05,0,1.57,1.39,8.839,87.34,3.824,5907.6,2.3843,54.7,3.94075,443.837,7.812,8.637,106.63,0,2.07,1.39,3.572,96.43,0,5907.6,1.9976,54.7,2.99375,174.904,6.349,3.272,89.8325,0,1.538,1.39,2.526,97.47,0,5907.6,1.8708,54.7,1.301,109.29,0,1.972,90.7505,0,1.613,1.39,22.625,24.678,34.27,17.0712,74.5,5.2719,58.882,58.852,9.6875,11.579,24.677,20.75,51.648,6.783,9.066,0.565492,0.233969,7.45,2200,5750,0,9.08333,16,5918.53,5.29513,23.44,5.888,5.888,0,0,0,10.5,17.97,3200,38.754,1.195,41.53,1.39,53,1.1,-1.6875
2026-09-07T08:37:03.304567+00:00,1.18936,472.797,108,19.74,80.26,0,5907.6,3.4118,54.7,6.51766,1176.72,15.87,20.89,166.521,4.688,3.163,1.39,44.45,55.55,0,5907.6,5.526,54.7,9.33868,2231.57,39.68,43.67,483.963,6.25,9.378,1.39,5.727,82.09,12.18,5907.6,1.9432,54.7,4.72245,290.761,4.688,5.672,71.8562,0,1.389,1.39,31.61,68.39,0,5907.6,4.9335,54.7,8.62951,956.619,12.5,18.56,982.01,6.349,19.23,1.39,3.691,79,17.31,5907.6,1.668,54.7,3.53219,170.508,3.125,3.323,76.1027,0,1.466,1.39,7.648,86.85,5.498,5907.6,2.2335,54.7,3.33066,412.182,4.762,8.03,78.1442,0,1.522,1.39,3.701,96.3,0,5907.6,2.0095,54.7,2.89755,162.526,0,3.011,110.18,0,1.927,1.39,2.365,97.63,0,5907.6,1.8677,54.7,1.00351,107.18,0,1.951,87.9101,0,1.559,1.39,22.25,22.337,31.04,16.9766,71.5,5.1674,55.334,55.369,9.4815,11.334,22.363,20.625,48.058,6.12,9.047,0.598858,0.235796,7.15,2200,5750,0,9.23077,15.5,5919.45,5.1369,39.68,5.533,5.533,0,0,0,9.516,17.87,3200,38.7525,1.195,41.4629,1.391,53,1.1,-1.75
2026-09-07T08:37:04.323486+00:00,1.34562,536.847,108,20.54,79.46,0,5913,3.5085,54.75,6.88188,1220.72,17.19,20.16,255.917,7.812,4.823,1.39,37.7,62.3,0,5907.6,6.1448,54.7,11.6981,1709,28.12,33.38,614.403,9.375,11.92,1.395,5.715,85.26,9.021,5907.6,1.9996,54.7,4.89625,280.403,3.125,5.467,85.1018,0,1.659,1.395,50.86,49.14,0,5907.6,5.5924,54.7,10.069,605.919,17.19,11.75,2481.29,32.81,48.64,1.395,3.85,79.02,17.13,5030.69,1.6331,46.5805,3.581,180.886,4.688,3.522,77.2123,0,1.404,1.39,9.24,86.47,4.289,5907.6,2.4176,54.7,4.06563,476.202,7.812,9.297,93.9727,3.125,1.821,1.395,4.004,96,0,5907.6,2.0495,54.7,3.05113,186.873,1.562,3.533,110.123,0,1.976,1.395,2.658,97.34,0,5907.6,1.8585,54.7,1.29763,108.532,0,1.957,103.005,1.562,1.787,1.395,20.75,21.206,29.373,18.3068,64,5.1619,53.649,53.747,9.472,11.322,21.221,21.75,46.373,8.398,10.19,0.868123,0.297875,6.4,2200,5750,0,9.3141,16,5909.82,5.49263,32.81,5.365,5.365,0,0,0,9.03,19.27,3200,38.659,1.195,41.55,1.387,53,1.1,-1.6875
2026-09-07T08:37:05.340611+00:00,1.14682,460.348,108,18.56,81.44,0,5907.6,3.3475,54.7,6.26657,1106.12,12.31,18.76,210.827,1.538,3.986,1.39,46.18,53.82,0,5907.6,5.1847,54.7,8.63365,914.396,12.31,17.8,1930.78,29.23,37.83,1.39,4.488,83.86,11.65,5030.69,1.856,46.5805,4.42878,224.82,1.538,4.393,65.2182,1.538,1.263,1.39,28.2,71.8,0,5030.69,4.9324,46.5805,8.79303,742.58,7.692,14.34,995.16,12.31,19.53,1.39,3.42,77.93,18.65,5030.69,1.5693,46.5805,3.24938,154.688,1.538,3.025,70.6932,0,1.452,1.39,7.613,88.88,3.51,5030.69,2.2935,46.5805,3.52547,388.325,6.154,7.595,92.9828,0,1.824,1.39,3.779,96.22,0,5907.6,2.0099,54.7,2.78178,180.909,3.077,3.422,92.8262,0,1.622,1.39,2.447,97.55,0,5907.6,1.8508,54.7,1.11845,106.996,1.538,1.933,88.2501,0,1.551,1.39,20.25,20.004,27.8,16.5666,74,5.1353,51.955,51.976,9.4364,11.279,20,21.125,44.728,5.673,8.77,0.518963,0.206382,7.4,2200,5750,0,9.24359,16,5919.88,4.98726,29.23,5.195,5.195,0,0,0,8.51,17.44,3200,38.6874,1.195,41.6597,1.391,53,1.1,-1.6875
2026-09-07T08:37:06.357398+00:00,1.20508,482.093,108,19.65,80.35,0,5896.8,3.4572,54.6,6.55742,1171.31,9.375,20.46,186.974,1.562,3.558,1.39,36.32,63.68,0,5896.8,5.0834,54.6,8.83588,1243.32,14.06,24.24,1010.67,14.06,19.73,1.4,5.599,84.89,9.512,5021.49,2.002,46.4953,4.72655,274.729,3.125,5.358,79.869,0,1.55,1.4,41.27,58.73,0,5021.49,5.0888,46.4953,8.64142,766.036,7.812,14.83,1771.21,31.25,34.73,1.4,3.676,80.15,16.17,5021.49,1.6286,46.4953,3.38829,165.105,0,3.243,77.326,0,1.5,1.4,7.956,88.75,3.292,5021.49,2.3093,46.4953,3.53974,410.873,0,8.011,94.3318,0,1.838,1.4,3.389,96.61,0,5896.8,1.9854,54.6,2.79651,163.104,1.562,3.062,88.9199,0,1.546,1.4,2.646,97.35,0,5896.8,1.8921,54.6,1.19559,112.817,0,2.044,96.8934,0,1.66,1.4,17.875,20.068,27.898,16.5834,76.5,5.1331,52.062,52.036,9.4371,11.28,20.062,20.625,44.824,5.176,9.21,0.737393,0.268096,7.65,2200,5750,0,9.04487,15.75,5920.73,5.05178,31.25,5.206,5.206,0,0,0,8.537,17.46,3200,38.6169,1.195,41.5246,1.391,52.995,1.1,-1.6875
2026-09-07T08:37:07.376229+00:00,1.10042,444.533,108,16.9,83.1,0,5907.6,3.1582,54.7,6.05147,1007.26,12.5,16.84,208.29,0,3.893,1.395,39.91,60.09,0,5907.6,4.8728,54.7,8.12874,2082.34,29.69,40.72,369.862,4.688,7.144,1.39,4.795,81.67,13.54,5030.69,1.8255,46.5805,4.49663,230.649,3.125,4.501,78.7591,0,1.522,1.39,30.83,69.17,0,5907.6,4.7903,54.7,8.33911,857.591,9.375,16.63,1076.76,15.62,21.09,1.39,3.685,77.69,18.63,5030.69,1.5899,46.5805,3.42074,168.237,0,3.263,71.851,0,1.383,1.39,7.733,88.87,3.401,5030.69,2.322,46.5805,3.64095,399.547,4.688,7.772,89.3669,3.125,1.735,1.39,3.788,96.21,0,5907.6,1.9887,54.7,2.89133,186.952,1.562,3.484,90.8143,0,1.607,1.39,2.398,97.6,0,5907.6,1.8418,54.7,1.1933,104.215,0,1.861,90.0348,0,1.564,1.39,13.625,19.402,26.972,16.4042,75.5,5.0973,50.966,51.006,9.326,11.148,19.409,20.125,43.727,5.273,8.438,0.501513,0.204983,7.55,2200,5750,0,9.41026,16.5,5920.82,4.99389,29.69,5.097,5.097,0,0,0,8.259,17.27,3200,38.7039,1.195,41.5015,1.391,52.985,1.1,-1.6875
2026-09-07T08:37:08.395673+00:00,1.15001,462.712,108,18.55,81.45,0,5907.6,3.3682,54.7,6.35554,1103.2,14.06,18.85,215.35,1.562,4.069,1.39,43.42,56.58,0,5907.6,5.3998,54.7,9.13772,2165.78,35.94,42.37,491.425,3.125,9.554,1.395,5.117,82.87,12.01,5030.69,1.915,46.5805,4.58171,254.9,0,4.945,77.4165,1.562,1.501,1.395,30.2,69.8,0,5030.69,4.6356,46.5805,8.19935,827.815,12.5,16.03,1043.41,4.688,20.43,1.395,3.434,79.18,17.38,5030.69,1.6153,46.5805,3.34918,150.702,0,2.922,85.0272,0,1.645,1.395,8.413,86.98,4.604,5030.69,2.3821,46.5805,3.6351,409.239,6.25,7.951,119.189,0,2.312,1.395,3.456,96.54,0,5907.6,1.9863,54.7,2.77183,170.545,1.562,3.146,89.9489,1.562,1.579,1.395,2.419,97.58,0,5907.6,1.8486,54.7,1.10753,104.923,0,1.871,94.5219,0,1.647,1.395,16,19.681,27.349,16.7155,62.5,5.1008,51.415,51.422,9.3812,11.213,19.687,20.125,44.173,5.176,8.801,0.562359,0.23165,6.25,2200,5750,0,9.27564,15.5,5920.24,4.98965,35.94,5.142,5.142,0,0,0,8.378,17.6,3200,38.6737,1.195,41.5489,1.391,53,1.1,-1.6875
2026-09-07T08:37:09.412590+00:00,1.28306,516.779,108,20.76,79.24,0,5902.2,3.4508,54.65,6.60125,1234.61,7.812,21.67,191.936,0,3.604,1.4,43.29,56.71,0,5907.6,5.5478,54.7,9.68225,1257.46,25,24.52,1455.54,21.88,28.49,1.39,5.688,82.67,11.64,5030.69,1.9738,46.5805,4.78663,277.828,0,5.361,92.7832,1.562,1.76,1.39,38.92,61.08,0,5030.69,5.2924,46.5805,9.51538,1210.87,12.5,23.57,1174.05,18.75,22.97,1.39,3.797,77.77,18.43,5030.69,1.6311,46.5805,3.5405,178.828,1.562,3.448,79.4654,1.562,1.49,1.39,9.162,86.74,4.097,5030.69,2.4526,46.5805,3.9685,467.761,6.25,9.043,131.778,0,2.53,1.39,3.946,96.05,0,5907.6,2.0335,54.7,2.96888,185.978,1.562,3.45,106.47,0,1.857,1.39,2.747,97.25,0,5907.6,1.8878,54.7,1.27413,118.715,0,2.083,104.392,0,1.81,1.39,18.875,21.064,29.25,17.0175,72,5.1343,53.48,53.383,9.4783,11.33,21.064,20.5,46.227,6.152,9.853,0.818534,0.298184,7.2,2200,5750,0,9.20513,15.75,5917.14,5.23313,25,5.348,5.348,0,0,0,8.963,17.91,3200,38.665,1.195,41.565,1.39,53,1.1,-1.6875
2026-09-07T08:37:10.431021+00:00,1.25339,504.4,108,21.12,78.88,0,5896.8,3.6742,54.6,7.08107,1255.32,18.75,20.58,280.802,7.812,5.283,1.39,41.22,58.78,0,5907.6,5.3161,54.7,9.43537,1938.79,28.12,37.87,593.255,9.375,11.57,1.39,5.14,86.09,8.767,5030.69,2.0042,46.5805,4.89784,245.545,4.688,4.797,83.7267,1.562,1.633,1.39,38.95,61.05,0,5907.6,5.8062,54.7,10.4906,2080.07,35.94,40.64,301.656,4.688,5.888,1.39,3.797,80.38,15.82,5030.69,1.685,46.5805,3.62575,180.349,3.125,3.529,74.451,1.562,1.448,1.39,8.498,90.06,1.443,5030.69,2.4443,46.5805,4.04305,420.874,7.812,8.182,118.28,1.562,2.311,1.39,4.045,95.96,0,5907.6,2.0756,54.7,3.01857,198.546,6.25,3.695,94.2826,1.562,1.623,1.39,2.572,97.43,0,5907.6,1.9014,54.7,1.30811,113.668,1.562,2.018,90.7827,1.562,1.61,1.39,19.375,20.994,29.163,17.2654,70.5,5.1594,53.384,53.417,9.4807,11.333,20.978,20.625,46.171,8.496,9.542,0.609065,0.22997,7.05,2200,5750,0,8.89744,15.5,5917.3,5.28978,35.94,5.338,5.338,0,0,0,8.927,18.17,3200,38.7942,1.195,41.5542,1.39,53,1.1,-1.6875
2026-09-07T08:37:11.449129+00:00,1.27423,509.521,108,21.43,78.57,0,5896.8,3.6575,54.6,7.03664,1274.06,17.19,22.15,214.655,1.562,3.999,1.39,43.37,56.63,0,5913,5.6401,54.75,9.98318,2226.39,37.5,43.55,428.313,6.25,8.322,1.395,5.93,86.13,7.945,5035.29,2.0828,46.623,5.0248,286.656,1.562,5.587,90.1691,1.562,1.749,1.395,36.86,63.14,0,5913,5.66,54.75,10.3885,1957.57,34.38,38.23,325,3.125,6.318,1.395,4.07,84.04,11.89,5035.29,1.7986,46.623,3.77468,177.039,3.125,3.458,91.5639,1.562,1.77,1.395,9.322,89.42,1.255,5035.29,2.5222,46.623,4.18258,481.12,0,9.37,110.38,0,2.146,1.395,3.633,96.37,0,5913,2.0486,54.75,3.00935,177.266,4.688,3.301,91.0912,0,1.617,1.395,2.8,97.2,0,5913,1.934,54.75,1.38983,120.272,0,2.055,100.782,3.125,1.796,1.395,17.625,21.233,29.497,17.1542,73,5.1948,53.869,53.895,9.5376,11.4,21.239,20.625,46.612,7.227,9.713,0.779333,0.286193,7.3,2200,5750,0,9.48077,16,5918.16,5.35867,37.5,5.387,5.387,0,0,0,9.038,18.06,3200,38.7817,1.195,41.5673,1.391,53,1.1,-1.6875
2026-09-07T08:37:12.213680+00:00,1.26878,508.873,108,21.86,78.14,0,5896.8,3.8109,54.6,7.41408,1300.2,20.31,22.51,228.861,3.125,4.276,1.39,34.34,65.66,0,5907.6,5.3812,54.7,9.94877,1509.66,18.75,29.39,635.56,7.812,12.4,1.395,5.155,88.2,6.64,5030.69,2.0604,46.5805,4.98146,260.976,6.25,5.081,74.482,1.562,1.45,1.395,47.13,52.87,0,5907.6,5.9635,54.7,10.6735,1542.93,23.44,30.13,1337.15,20.31,26.23,1.395,3.755,83.99,12.25,5030.69,1.7717,46.5805,3.73898,177.841,3.125,3.482,72.8961,0,1.41,1.395,8.663,90.57,0.7638,5030.69,2.4621,46.5805,4.18525,450.063,3.125,8.743,92.7105,3.125,1.806,1.395,3.451,96.55,0,5907.6,2.0299,54.7,2.99386,169.777,0,3.089,85.7324,0,1.481,1.395,2.52,97.48,0,5907.6,1.9137,54.7,1.45391,99.9589,0,1.774,103.165,0,1.852,1.395,17.375,21.047,29.244,17.3031,69,5.1635,53.499,53.461,9.493,11.347,21.041,20.625,46.27,6.934,9.693,0.610046,0.254791,6.9,2200,5750,0,9.39103,16,5918.23,5.37688,23.44,5.35,5.35,0,0,0,8.954,18.21,3200,38.6723,1.195,41.5471,1.391,53,1.1,-1.6875
2026-09-07T08:37:13.232636+00:00,1.33339,534.518,108,20.86,79.14,0,5902.2,3.6392,54.65,7.02096,1241.74,15.62,21.47,219.244,4.688,4.137,1.39,46.72,53.28,0,5907.6,5.84,54.7,10.7237,1324.69,18.75,25.78,1540.07,28.12,30.16,1.39,6.56,87.56,5.877,5030.69,2.222,46.5805,5.20933,329.212,4.688,6.421,92.4966,6.25,1.795,1.39,39.65,60.35,0,5907.6,6.0396,54.7,11.3008,1751.42,25,34.14,719.936,9.375,14.08,1.39,4.155,84.47,11.37,5030.69,1.8209,46.5805,3.82984,198.614,4.688,3.873,78.4254,1.562,1.514,1.39,8.937,88.92,2.143,5030.69,2.509,46.5805,4.4733,466.885,9.375,9.062,94.5069,3.125,1.835,1.39,3.687,96.31,0,5907.6,2.0434,54.7,2.98503,180.774,6.25,3.377,92.8941,1.562,1.638,1.39,2.771,97.23,0,5907.6,1.9354,54.7,1.50087,104.419,3.125,1.84,116.963,4.688,2.124,1.39,18.875,22.077,30.657,17.6255,118.5,5.228,55.165,55.263,9.5956,11.469,22.101,21,47.877,9.18,10.2,0.881266,0.314237,11.85,2200,5750,0,9.34615,16,5916.98,5.43912,28.12,5.517,5.517,0,0,0,9.405,18.55,3200,38.7285,1.195,41.6267,1.39,53,1.1,-1.6875
2026-09-07T08:37:14.249961+00:00,1.28543,514.938,108,20.65,79.35,0,5902.2,3.6608,54.65,7.08371,1229.9,9.375,20.88,226.275,4.688,4.264,1.395,34.8,65.2,0,5875.2,5.7587,54.4,10.2985,1645.53,26.56,30.22,605.684,9.375,12.01,1.37,5.501,86.12,8.382,5875.2,2.0157,54.4,5.00352,268.643,4.688,5.316,79.3641,0,1.549,1.37,48.82,51.18,0,5875.2,5.9008,54.4,10.7127,1367.45,17.19,27,1546.4,21.88,30.99,1.37,3.914,81.98,14.11,5875.2,1.724,54.4,3.70632,184.614,1.562,3.624,74.6007,0,1.461,1.37,8.412,88.04,3.55,5875.2,2.3395,54.4,4.14942,436.206,4.688,8.561,88.1122,0,1.731,1.37,3.669,96.33,0,5875.2,2.0315,54.4,2.9757,178.844,0,3.337,91.3394,0,1.603,1.37,2.776,97.22,0,5875.2,1.9293,54.4,1.51309,96.0451,0,1.713,120.002,0,2.132,1.37,27.5,21.468,29.811,17.6613,106,5.2298,54.206,54.054,9.5823,11.453,21.434,21.875,47.017,6.25,9.775,0.630252,0.265045,10.6,2200,5750,0,9.3141,15.75,5916.81,5.37424,26.56,5.421,5.421,0,0,0,9.121,18.59,3200,38.7311,1.195,41.6153,1.39,52.9799,1.1,-1.6875
2026-09-07T08:37:15.266830+00:00,1.25077,496.592,108,20.76,79.24,0,5907.6,3.5224,54.7,6.74474,1234.75,18.75,22.54,145.554,1.562,2.752,1.4,33.48,66.52,0,5902.2,5.5295,54.65,10.615,1522.62,18.75,31.54,506.047,9.375,9.646,1.375,5.94,83.82,10.24,5902.2,2.0652,54.65,4.83855,303.9,3.125,5.85,79.8962,0,1.533,1.375,45.44,54.56,0,5896.8,5.3633,54.6,9.2143,1139.15,21.88,21.8,1680.91,21.88,32.35,1.39,3.583,80.55,15.87,5896.8,1.6959,54.6,3.53319,179.669,0,3.522,61.9377,0,1.188,1.39,9.166,87.38,3.455,5896.8,2.4803,54.6,3.87813,488.483,6.25,9.461,95.0981,1.562,1.827,1.39,3.946,96.05,0,5896.8,2.0381,54.6,2.89629,198.433,0,3.665,89.9862,0,1.585,1.39,2.769,97.23,0,5896.8,1.9071,54.6,1.22958,96.8441,0,1.718,122.206,0,2.183,1.39,19.375,20.862,28.967,17.5071,77,5.1627,53.144,53.057,9.4967,11.352,20.798,21.5,45.997,6.445,9.573,0.60288,0.251628,7.7,2200,5750,0,9.10256,15.75,5917.1,5.28908,21.88,5.314,5.314,0,0,0,8.85,18.43,3200,38.7445,1.195,41.5641,1.39,53,1.1,-1.6875
2026-09-07T08:37:16.286970+00:00,1.64938,652.264,108,27.92,72.08,0,5896.8,4.4341,54.6,8.61277,1656.81,28.12,29.46,245.663,6.25,4.58,1.395,53.52,46.48,0,5875.2,6.7178,54.4,12.5459,1871.26,28.12,36.35,1429.25,20.31,27.89,1.39,8.156,86.82,5.026,5875.2,2.4411,54.4,6.00761,405.658,3.125,7.848,105.595,1.562,2.036,1.39,48.7,51.3,0,5875.2,6.4411,54.4,12.1982,1987.15,29.69,38.7,970.473,12.5,18.91,1.39,5.566,83.87,10.57,5049,2.0624,46.75,4.51447,256.425,3.125,4.974,105.523,0,2.031,1.39,13.46,85.86,0.6868,5875.2,2.9798,54.4,5.40282,718.854,10.94,13.91,111.982,0,2.148,1.39,4.638,95.36,0,5880.6,2.2267,54.45,3.47418,239.38,4.688,4.529,97.0511,3.125,1.724,1.385,2.991,97.01,0,5880.6,2.0445,54.45,1.87063,104.683,0,1.866,130.47,0,2.349,1.385,27.5,24.975,34.689,18.0038,122.5,5.2112,59.146,58.951,9.5978,11.472,24.959,21.75,51.893,9.473,12.46,1.06048,0.393461,12.25,2200,5750,0,9.04487,15.75,5915.26,5.95771,29.69,5.915,5.915,0,0,0,10.62,18.95,3200,38.7355,1.195,41.6038,1.39,53,1.1,-1.6875
2026-09-07T08:37:17.306901+00:00,1.89921,748.005,108,28.88,71.12,0,5907.6,4.51,54.7,9.48477,1709.86,31.25,29.95,282.168,3.125,5.301,1.395,64.31,35.69,0,5902.2,8.9235,54.65,18.4008,2614.92,39.06,51.16,1347.14,25,26.38,1.39,10.22,84.04,5.739,5026.09,2.5536,46.5379,6.78172,518.486,9.375,10.08,110.137,3.125,2.131,1.39,57.92,42.08,0,5902.2,7.4612,54.65,15.6856,2106.64,31.25,41.13,1411.85,25,27.68,1.39,5.249,84.01,10.74,5026.09,1.9569,46.5379,4.76523,257.045,4.688,5,80.9098,3.125,1.558,1.395,15.31,83.46,1.224,5026.09,3.227,46.5379,6.69381,767.371,14.06,14.92,175.985,3.125,3.419,1.395,4.835,95.16,0,5902.2,2.1616,54.65,3.6526,226.149,4.688,4.311,115.248,1.562,2.116,1.395,3.195,96.8,0,5902.2,1.9637,54.65,2.08666,97.6754,1.562,1.752,146.499,3.125,2.596,1.395,17.875,29.245,40.528,23.3681,80,5.1762,64.918,65.129,9.5045,11.361,29.308,25.125,57.583,12.7,14.34,0.737408,0.296436,8,2200,5750,0,9.15385,15.5,5906.64,6.92145,39.06,6.492,6.492,0,0,0,12.47,24.6,3200,38.7403,1.195,41.6693,1.387,53,1.1,-1.6875
2026-09-07T08:37:18.325218+00:00,1.31374,522.977,108,21.13,78.87,0,5907.6,3.6657,54.7,7.10771,1257.14,12.5,21.64,212.194,9.375,4.005,1.39,36.2,63.8,0,5902.2,5.4512,54.65,10.1953,1460.95,20.31,28.38,792.399,12.5,15.43,1.395,6.468,84.44,9.089,5026.09,2.1165,46.5379,5.13669,331.053,12.5,6.451,75.1018,1.562,1.444,1.395,47.2,52.8,0,5902.2,5.6903,54.65,10.3392,542.262,6.25,10.39,2322.03,40.62,45.49,1.395,4.053,81,14.95,5026.09,1.747,46.5379,3.79465,191.786,3.125,3.751,78.9408,3.125,1.525,1.395,9.946,87.28,2.777,5026.09,2.6269,46.5379,4.61692,525.042,7.812,10.2,100.892,3.125,1.964,1.395,3.803,96.2,0,5902.2,2.0585,54.65,3.04652,193.93,6.25,3.671,82.0924,3.125,1.414,1.395,2.576,97.23,0.1941,5026.09,1.9177,46.5379,1.63557,92.2186,1.562,1.64,109.602,1.562,1.973,1.395,18.875,24.525,34.054,17.2735,74,5.2024,58.515,58.547,9.5908,11.464,24.54,24.125,51.241,9.082,9.961,0.823148,0.30938,7.4,2200,5750,0,9.07051,15.75,5917.87,5.38308,40.62,5.851,5.851,0,0,0,10.44,18.18,3200,38.6796,1.195,41.5731,1.39,53,1.1,-1.6875
2026-09-07T08:37:19.342600+00:00,1.4031,560.812,108,21.46,78.54,0,5902.2,3.7178,54.65,7.23288,1276.18,15.62,21.07,275.298,3.125,5.189,1.395,50.11,49.89,0,5896.8,6.4887,54.6,12.0734,1812.14,29.69,35.29,1261.85,21.88,24.7,1.39,6.671,84.35,8.981,5021.49,2.1744,46.4953,5.15974,347.264,9.375,6.781,80.3232,1.562,1.559,1.39,41.44,58.56,0,5896.8,5.9481,54.6,11.2644,1334.17,21.88,25.92,1206,20.31,23.62,1.39,4.542,79.37,16.09,5021.49,1.7621,46.4953,3.79481,203.226,6.25,3.962,87.695,1.562,1.699,1.39,9.4,87.08,3.517,5896.8,2.4762,54.6,4.44864,484.306,15.62,9.426,101.114,4.688,1.976,1.39,4.148,95.85,0,5896.8,2.0805,54.6,3.05589,194.083,3.125,3.658,106.515,0,1.929,1.39,2.542,97.46,0,5896.8,1.9002,54.6,1.56294,89.8644,1.562,1.585,112.969,3.125,2.068,1.39,20.75,22.673,31.485,18.4123,67,5.1729,55.779,55.863,9.5229,11.382,22.657,24.125,48.558,9.961,10.65,0.657421,0.26302,6.7,2200,5750,0,9.30128,16,5914.52,5.54066,29.69,5.578,5.578,0,0,0,9.641,19.38,3200,38.7382,1.195,41.5851,1.39,53,1.1,-1.6875
2026-09-07T08:37:20.359633+00:00,1.55065,622.355,108,26.87,73.13,0,5891.4,4.1154,54.55,8.21218,1595.42,21.88,26.73,335.972,1.562,6.293,1.39,45.92,54.08,0,5902.2,5.3283,54.65,9.71553,1174.56,23.44,22.75,1654.1,23.44,32.32,1.39,10.6,83.83,5.573,5026.09,2.6672,46.5379,6.45499,557.338,12.5,10.74,103.215,1.562,1.99,1.39,40.39,59.61,0,5902.2,5.7548,54.65,10.9484,1256.92,15.62,24.37,1226.69,23.44,23.85,1.39,6.434,83.72,9.849,5026.09,2.0898,46.5379,4.72235,321.653,4.688,6.187,97.3537,0,1.865,1.39,15.62,82.08,2.303,5026.09,3.1715,46.5379,5.75037,818.103,20.31,15.76,146.094,1.562,2.822,1.39,5.909,94.09,0,5902.2,2.3156,54.65,3.80345,282.222,1.562,5.325,131.084,0,2.342,1.39,3.332,96.67,0,5902.2,2.0536,54.65,2.05456,126.14,0,2.217,130.819,0,2.365,1.39,19.75,22.459,31.211,17.0787,83,5.1999,55.736,55.888,9.5888,11.461,22.513,23.125,48.391,9.473,11.75,0.985704,0.375269,8.3,2200,5750,0,9.41667,16.25,5914.08,5.77133,23.44,5.574,5.574,0,0,0,9.58,17.98,3200,38.7629,1.195,41.6012,1.391,53,1.1,-1.6875
2026-09-07T08:37:21.379500+00:00,1.53777,616.337,108,24.71,75.29,0,5907.6,3.9653,54.7,7.67323,1467.57,23.44,24.99,282.573,6.25,5.339,1.4,55.28,44.72,0,5907.6,6.1248,54.7,10.884,1342.65,26.56,26.15,2077.51,28.12,40.39,1.39,7.28,87.4,5.32,5030.69,2.3155,46.5805,5.57475,376.958,6.25,7.297,90.1513,4.688,1.739,1.39,41.6,58.4,0,5907.6,5.7977,54.7,10.8418,1380.66,18.75,26.76,1177.72,10.94,22.96,1.39,5.164,83.8,11.04,5030.69,1.9909,46.5805,4.275,245.239,6.25,4.756,91.6917,3.125,1.758,1.39,12.47,85.61,1.917,5030.69,2.8388,46.5805,5.06439,655.258,9.375,12.62,122.76,3.125,2.374,1.39,4.59,95.41,0,5907.6,2.1748,54.7,3.34785,211.641,6.25,3.937,122.496,4.688,2.167,1.39,2.677,96.97,0.3544,5030.69,1.9481,46.5805,1.67298,98.3271,3.125,1.782,118.18,3.125,2.227,1.39,17.875,22.981,31.922,17.2543,68.5,5.1819,56.351,56.142,9.6152,11.493,22.948,22.5,49.116,10.25,11.7,1.17568,0.587135,6.85,2200,5750,0,9.26923,15.75,5916.55,5.59104,28.12,5.635,5.635,0,0,0,9.765,18.16,3200,38.798,1.195,41.6111,1.39,53,1.1,-1.6875
2026-09-07T08:37:22.398215+00:00,1.91668,756.485,108,23.53,76.47,0,5815.8,3.7288,53.85,7.30015,1388.19,14.06,23.28,273.6,1.562,5.251,1.375,45.34,54.66,0,5837.4,5.2516,54.05,9.06281,1363.99,20.31,26.52,1503.06,23.44,29.39,1.38,5.871,86.98,7.146,5016.52,2.0777,46.4492,5.29258,278.977,4.688,5.416,99.1678,3.125,1.923,1.38,34.73,65.27,0,5837.4,4.7185,54.05,9.00583,1261.48,21.88,24.41,918.977,17.19,17.82,1.38,4.415,84.89,10.69,5016.52,1.8632,46.4492,4.29009,197.197,7.812,3.849,97.0642,1.562,1.877,1.38,10.28,88.37,1.354,5016.52,2.6203,46.4492,6.74243,502.163,7.812,9.759,142.372,0,2.773,1.38,4.058,95.94,0,5837.4,2.1361,54.05,3.59434,198.312,3.125,3.742,104.243,4.688,1.925,1.38,63.44,36.38,0.1779,5837.4,8.6527,54.05,15.5083,3482.21,53.12,68.15,292.754,1.562,5.626,1.38,16.875,26.592,36.81,20.0285,68.5,5.1127,61.109,60.985,9.502,11.358,26.574,23.125,53.792,11.62,14.48,1.89264,0.845662,6.85,2200,5750,0,9.44231,16.5,5860.39,5.54593,53.12,6.111,6.111,0,0,0,11.31,21.08,3200,38.8014,1.195,41.6177,1.385,53,1.1,-1.6875
2026-09-07T08:37:23.417002+00:00,2.13136,826.195,108,19.93,80.07,0,5821.2,3.4066,53.9,6.98139,1170.01,15.62,19.81,249.909,3.125,4.797,1.375,46.64,53.36,0,5821.2,5.335,53.9,9.54458,2520.96,43.75,49.3,339.026,3.125,6.573,1.385,7.018,86.76,6.22,5048.07,2.1999,46.7414,5.70992,312.355,1.562,6.08,136.574,1.562,2.678,1.385,33.66,66.34,0,5821.2,4.8529,53.9,9.86963,1119.85,17.19,21.71,963.157,9.375,18.8,1.385,5.483,84.33,10.19,5048.07,1.9293,46.7414,4.80345,231.534,6.25,4.527,120.445,1.562,2.349,1.385,9.616,88.66,1.729,5048.07,2.51,46.7414,7.85365,438.648,7.812,8.521,171.215,6.25,3.353,1.385,5.407,94.59,0,5821.2,2.2348,53.9,4.18544,246.805,1.562,4.752,139.086,1.562,2.474,1.385,85.39,14.61,0,5821.2,10.769,53.9,20.5877,4580.3,81.25,89.84,479.259,6.25,9.28,1.385,19.25,28.088,38.882,21.421,82.5,5.1529,63.331,63.362,9.5462,11.411,28.08,23.75,55.961,12.99,15.93,2.29187,1.30056,8.25,2200,5750,0,9.35897,16.5,5844.52,5.90135,81.25,6.333,6.333,0,0,0,11.95,22.55,3200,38.8891,1.195,41.6623,1.385,52.99,1.1,-1.6875
2026-09-07T08:37:24.441594+00:00,2.03626,789.704,108,19.91,80.09,0,5902.2,3.5165,54.65,7.16039,1167.17,15.62,19.16,281.437,1.562,5.374,1.39,43.16,56.84,0,5880.6,4.9055,54.45,8.49598,1241.14,20.31,24.15,1390.51,26.56,27.25,1.395,5.495,82.27,12.24,5880.6,1.9176,54.45,5.34613,239.296,1.562,4.648,116.997,1.562,2.281,1.395,31.17,68.83,0,5880.6,4.4927,54.45,8.79142,939.086,10.94,18.2,1005.63,14.06,19.4,1.395,4.702,79.68,15.62,5875.2,1.8131,54.4,4.62989,183.788,3.125,3.572,124.08,0,2.407,1.385,7.491,87.02,5.485,5875.2,2.2351,54.4,7.26995,366.539,4.688,7.105,103.956,0,2.023,1.385,4.865,95.14,0,5896.8,2.2624,54.6,4.24385,204.964,1.562,3.873,151.116,1.562,2.87,1.385,86.84,13.16,0,5896.8,11.437,54.6,21.7156,4643,81.25,91.25,476.554,4.688,9.247,1.385,22.625,27.134,37.543,22.7778,97.5,5.1586,61.901,61.958,9.4877,11.341,27.128,25.875,54.558,11.82,15.18,2.00692,0.985572,9.75,2200,5750,0,9.13462,15.75,5839.64,5.80284,81.25,6.19,6.19,0,0,0,11.54,23.98,3200,38.8896,1.195,41.6225,1.384,52.9598,1.1,-1.6875
2026-09-07T08:37:25.202307+00:00,1.94275,756.12,108,23.9,76.1,0,5896.8,3.8091,54.6,7.75723,1405.86,18.75,23.82,258.24,3.125,4.869,1.385,58.27,41.73,0,5902.2,6.5689,54.65,12.746,1663.34,23.44,32.42,1898.25,39.06,37.13,1.395,6.142,80.39,13.46,5026.09,2.0135,46.5379,5.55322,305.041,1.562,5.885,82.8805,0,1.609,1.395,46.83,53.17,0,5902.2,6.2091,54.65,12.826,1345.57,17.19,26.18,1518.23,21.88,29.73,1.395,4.735,71.61,23.65,5026.09,1.6656,46.5379,4.3664,219.907,1.562,4.266,80.7199,0,1.573,1.395,12.28,84.04,3.674,5026.09,2.7262,46.5379,7.09845,597.754,6.25,11.59,152.31,0,2.977,1.395,4.127,95.87,0,5902.2,2.1023,54.65,3.7677,186.81,3.125,3.582,113.413,1.562,2.126,1.395,37.99,62.01,0,5902.2,6.5866,54.65,11.307,1695.79,31.25,33.09,573.806,6.25,11.14,1.395,16.5,26.056,36.012,21.9561,116,5.1179,60.422,60.552,9.4893,11.343,26.102,26.375,52.985,10.94,14.5,2.15327,1.34412,11.6,2200,5750,0,9.13462,16,5869.53,6.27904,39.06,6.042,6.042,0,0,0,11.11,23.11,3200,38.8654,1.195,41.4975,1.383,52.99,1.1,-1.6875
2026-09-07T08:37:26.219448+00:00,1.64825,650.401,108,25.44,74.56,0,5907.6,3.8464,54.7,7.54376,1503.07,21.88,25.15,303.473,1.562,5.814,1.39,56.74,43.26,0,5026.09,7.7008,46.5379,16.0924,1811.12,25,35.38,1638.39,25,32.04,1.39,6.169,89.29,4.537,5026.09,2.1036,46.5379,5.23195,292.851,4.688,5.656,103.856,1.562,2.023,1.39,57.05,42.95,0,5026.09,7.8176,46.5379,16.1755,1248.47,14.06,24.35,2183.93,39.06,42.74,1.39,3.779,75.98,20.24,5026.09,1.4731,46.5379,3.58463,167.407,3.125,3.235,78.9884,1.562,1.529,1.39,9.464,89.57,0.9686,5026.09,2.4398,46.5379,5.11296,479.769,9.375,9.238,113.681,0,2.215,1.39,3.889,96.11,0,5902.2,1.9807,54.65,3.00213,177.487,4.688,3.386,111.7,0,2.054,1.39,2.304,97.7,0,5902.2,1.7775,54.65,1.57297,84.7247,0,1.488,107.496,0,1.949,1.39,21.25,24.328,33.589,25.0762,110,5.1182,57.67,57.306,9.4017,11.239,24.288,30.625,50.457,9.473,12.39,0.631399,0.968915,11,2200,5750,0,9.11538,16.25,5897.81,6.13365,39.06,5.767,5.767,0,0,0,10.34,26.4,3200,38.8195,1.195,41.5486,1.383,52.99,1.1,-1.6875
2026-09-07T08:37:27.237342+00:00,1.15589,465.551,108,18.02,81.98,0,5907.6,3.2798,54.7,6.2451,1074.61,14.29,18.6,198.241,1.587,3.755,1.39,34.54,65.46,0,5907.6,4.6641,54.7,8.39273,1244.91,17.46,24.08,899.252,17.46,17.4,1.39,5.827,83.29,10.88,5902.2,1.9977,54.65,4.73856,297.383,4.762,5.79,78.6329,0,1.509,1.38,38.53,61.47,0,5902.2,4.8973,54.65,8.72674,427.027,1.587,8.146,1935.68,28.57,38,1.38,4.231,80.1,15.67,5902.2,1.6894,54.65,3.50113,203.496,1.587,3.948,76.9211,0,1.476,1.38,7.889,87.61,4.503,5902.2,2.3136,54.65,4.04162,408.013,9.524,7.887,94.5634,0,1.829,1.38,3.819,96.18,0,5902.2,2.022,54.65,2.87902,188.225,0,3.478,99.2306,0,1.791,1.38,2.739,97.26,0,5902.2,1.8752,54.65,1.63481,101,1.587,1.741,121.632,0,2.117,1.38,19.375,18.965,26.366,16.7332,74.5,5.1615,50.721,51.025,9.5214,11.381,19.007,28.625,43.426,6.151,8.847,0.616148,0.259774,7.45,2200,5750,0,9.05769,16,5919.86,4.95913,28.57,5.072,5.072,0,0,0,8.088,17.61,3200,38.7535,1.195,41.5151,1.391,53,1.1,-1.6875
2026-09-07T08:37:28.255714+00:00,1.18002,475.454,108,17.52,82.48,0,5907.6,3.2376,54.7,6.15128,1044.32,12.5,17.42,219.902,4.688,4.217,1.39,42.28,57.72,0,5907.6,4.9946,54.7,8.51439,2259.15,32.81,44.19,328.437,6.25,6.595,1.39,5.794,85.09,9.113,5907.6,2.0419,54.7,4.69119,301.346,7.812,5.914,71.8191,1.562,1.401,1.39,32.88,67.12,0,5907.6,4.7988,54.7,8.56306,1260.3,21.88,24.57,774.963,15.62,15.2,1.39,3.893,81.42,14.69,5030.69,1.7092,46.5805,3.47072,175.535,6.25,3.441,92.0857,1.562,1.79,1.39,8.922,87.44,3.635,5907.6,2.4615,54.7,4.16316,461.458,6.25,9.062,103.91,3.125,2.002,1.39,4.101,95.9,0,5907.6,2.0488,54.7,2.90053,197.228,1.562,3.669,103.88,3.125,1.864,1.39,2.616,97.38,0,5907.6,1.8844,54.7,1.54855,98.3446,1.562,1.759,114.59,1.562,2.094,1.39,16.5,20.228,28.123,16.4952,81.5,5.1685,52.432,52.358,9.5138,11.372,20.228,27,45.181,8.008,9.074,0.814485,0.293585,8.15,2200,5750,0,9.13462,15.75,5920.52,4.90315,32.81,5.243,5.243,0,0,0,8.607,17.36,3200,38.6947,1.195,41.4725,1.391,53,1.1,-1.6875
2026-09-07T08:37:29.272799+00:00,1.22992,494.388,108,19.53,80.47,0,5907.6,3.422,54.7,6.53509,1162.08,10.94,20.1,200.849,3.125,3.834,1.39,40.24,59.75,0,5913,4.9834,54.75,8.70867,2080.31,28.12,40.69,412.712,9.375,8,1.385,6.437,83.62,9.941,5913,2.0607,54.75,4.93432,322.159,4.688,6.248,86.2088,0,1.677,1.385,35.98,64.02,0,5907.6,4.996,54.7,8.96004,1718.4,20.31,33.4,503.619,6.25,9.826,1.395,4.369,80.33,15.3,5907.6,1.7502,54.7,3.73689,210.987,1.562,4.077,80.3939,1.562,1.547,1.395,9.208,86.46,4.335,5907.6,2.4275,54.7,4.18869,466.593,7.812,8.984,118.399,1.562,2.331,1.395,4.305,95.7,0,5907.6,2.0852,54.7,3.05619,219.227,1.562,4.091,95.6654,0,1.717,1.395,2.918,97.08,0,5907.6,1.9276,54.7,1.6757,115.14,1.562,2.024,117.476,0,2.116,1.395,16.875,23.615,32.814,16.5849,71.5,5.1688,57.099,57.06,9.526,11.388,23.591,25.5,49.887,6.152,9.416,0.69651,0.293273,7.15,2200,5750,0,9.33333,15.75,5920.18,5.06543,28.12,5.71,5.71,0,0,0,10.04,17.46,3200,38.7303,1.195,41.4685,1.391,52.994,1.1,-1.6875
2026-09-07T08:37:30.290861+00:00,1.17405,472.475,108,19.26,80.74,0,5902.2,3.4325,54.65,6.50173,1149.43,12.31,19.37,227.554,0,4.264,1.39,38.8,61.2,0,5907.6,5.0073,54.7,8.63968,2023.71,26.15,39.52,367.05,1.538,7.104,1.39,5.7,86.33,7.975,5030.69,2.0794,46.5805,4.83823,289.259,6.154,5.643,79.1776,0,1.521,1.39,34.16,65.84,0,5030.69,4.5653,46.5805,7.95077,1305.43,24.62,25.51,784.859,10.77,15.33,1.39,4.203,82.65,13.15,5030.69,1.7668,46.5805,3.64117,197.636,4.615,3.856,82.105,0,1.58,1.39,8.503,89.71,1.785,5030.69,2.435,46.5805,3.90684,430.825,4.615,8.438,102.849,0,1.998,1.39,3.977,96.02,0,5907.6,2.0656,54.7,2.9652,192.353,1.538,3.596,101.58,0,1.785,1.39,2.808,97.19,0,5907.6,1.9274,54.7,1.52196,111.889,0,1.949,113.907,0,2.04,1.39,15.5,22.764,31.647,16.4281,78.5,5.1657,55.946,56.019,9.4931,11.348,22.78,24.25,48.676,5.769,8.969,0.765817,0.292718,7.85,2200,5750,0,9.27564,15.75,5920.53,4.9272,26.15,5.595,5.595,0,0,0,9.693,17.29,3200,38.7631,1.195,41.4965,1.392,53,1.1,-1.6875
2026-09-07T08:37:31.309595+00:00,1.23219,499.497,108,19.13,80.87,0,5902.2,3.3997,54.65,6.46897,1142.07,15.62,19.28,229.723,1.562,4.4,1.395,36.52,63.48,0,5907.6,5.2412,54.7,9.41028,1386.23,26.56,26.95,900.231,14.06,17.65,1.4,5.981,84.45,9.569,5030.69,2.0613,46.5805,4.79955,312.336,3.125,6.146,76.6164,0,1.485,1.4,41.49,58.51,0,5030.69,5.2637,46.5805,9.34522,1375.44,18.75,26.82,1186.37,20.31,23.3,1.4,4.301,80.05,15.65,5030.69,1.7511,46.5805,3.61987,205.795,1.562,4.058,84.4177,0,1.633,1.4,8.307,87.06,4.632,5030.69,2.3544,46.5805,3.98073,434.65,4.688,8.509,96.2711,0,1.869,1.4,4.456,95.54,0,5030.69,2.1123,46.5805,3.05931,220.346,1.562,4.207,101.82,0,1.771,1.4,3.025,96.98,0,5907.6,1.9767,54.7,1.6036,108.003,0,1.936,131.62,0,2.41,1.4,19.375,20.644,28.691,17.0934,82.5,5.2271,53.155,53.307,9.5778,11.448,20.663,23.5,45.889,6.738,9.527,0.706742,0.284552,8.25,2200,5750,0,9.24359,15.75,5917.87,5.12813,26.56,5.315,5.315,0,0,0,8.793,17.99,3200,38.7718,1.195,41.4484,1.392,53,1.1,-1.625
2026-09-07T08:37:32.327677+00:00,1.21895,492.23,108,19.49,80.51,0,5907.6,3.5258,54.7,6.82186,1163.3,7.812,20.67,172.748,0,3.286,1.395,39.23,60.77,0,5896.8,5.2115,54.6,9.23819,1992.69,29.69,38.95,488.036,4.688,9.523,1.395,6.5,85.75,7.745,5021.49,2.1056,46.4953,5.05201,325.272,0,6.402,94.1247,1.562,1.832,1.395,35.86,64.14,0,5021.49,4.9755,46.4953,8.97035,1827.4,28.12,35.71,397.666,1.562,7.823,1.395,4.412,82.44,13.14,5021.49,1.776,46.4953,3.78015,215.266,0,4.227,79.0834,0,1.533,1.395,9.001,88.97,2.032,5021.49,2.4563,46.4953,4.10415,469.752,6.25,9.271,98.528,0,1.916,1.395,4.203,95.8,0,5021.49,2.0831,46.4953,3.1049,207.297,0,3.949,98.7475,0,1.781,1.395,3.199,96.8,0,5896.8,1.9573,54.6,1.67249,116.672,0,2.055,129.099,0,2.313,1.395,25.5,20.619,28.646,16.8698,89.5,5.2609,53.186,53.068,9.6709,11.559,20.585,22.625,45.992,4.98,9.452,0.726032,0.286602,8.95,2200,5750,0,9.28846,16,5918.45,5.18417,29.69,5.319,5.319,0,0,0,8.76,17.76,3200,38.7889,1.195,41.5276,1.391,53,1.1,-1.6875
2026-09-07T08:37:33.345929+00:00,1.22495,495.517,108,18.54,81.46,0,5907.6,3.3709,54.7,6.58638,1106.65,17.19,18.96,219.08,9.524,4.147,1.395,45.56,54.44,0,5891.4,5.5343,54.55,9.59679,1228.72,17.19,23.1,1640.57,22.22,32.42,1.38,5.849,84.91,9.238,5891.4,2.0277,54.55,4.95085,303.889,10.94,5.959,72.444,0,1.405,1.38,31.07,68.93,0,5891.4,4.8422,54.55,9.09315,1426.18,17.19,27.84,489.674,14.29,9.623,1.38,4.255,81.52,14.23,5891.4,1.7513,54.55,3.80266,206.421,3.175,4.045,77.1823,0,1.491,1.38,9.921,87.36,2.719,5891.4,2.4782,54.55,4.43681,509.268,7.937,10.01,108.183,0,2.113,1.38,4.275,95.73,0,5891.4,2.0771,54.55,3.14193,212.566,4.688,4.027,94.2381,0,1.709,1.38,3.032,96.97,0,5891.4,1.9564,54.55,1.78222,106.912,1.562,1.894,126.287,0,2.237,1.38,19.75,20.193,28.057,16.8282,72.5,5.2347,52.537,52.533,9.6113,11.487,20.183,22,45.302,7.868,9.436,0.775726,0.280931,7.25,2200,5750,0,9.45513,15.5,5917.7,5.23195,22.22,5.254,5.254,0,0,0,8.588,17.71,3200,38.8576,1.195,41.4895,1.391,53,1.1,-1.6875
2026-09-07T08:37:34.364979+00:00,1.16473,463.785,108,18.23,81.77,0,5907.6,3.3818,54.7,6.5761,1086.81,10.94,18.97,169.84,1.562,3.229,1.395,41.48,58.52,0,5907.6,5.1793,54.7,9.22844,2062.01,43.75,41,458.445,4.688,8.867,1.39,5.471,85.5,9.033,5907.6,2.0228,54.7,4.84077,275.752,0,5.384,77.699,1.562,1.496,1.39,33.26,66.74,0,5907.6,4.9962,54.7,8.94922,1615.23,22.22,31.36,433.928,9.375,8.404,1.39,3.603,82.33,14.07,5030.69,1.7125,46.5805,3.6344,172.994,3.125,3.38,70.1385,3.125,1.351,1.39,7.95,87.69,4.362,5907.6,2.3319,54.7,3.84203,414.263,4.688,8.075,89.3459,3.125,1.732,1.39,3.715,96.29,0,5907.6,2.0067,54.7,2.95712,189.179,1.562,3.538,88.2994,1.587,1.515,1.39,2.765,97.24,0,5907.6,1.914,54.7,1.48884,105.982,1.587,1.82,110.646,1.562,1.982,1.39,21.25,20.125,27.968,16.8515,73.5,5.2585,52.544,52.466,9.6484,11.532,20.141,21.375,45.284,7.154,8.882,0.610003,0.251562,7.35,2200,5750,0,9.16667,15.5,5920.09,5.16612,43.75,5.254,5.254,0,0,0,8.571,17.74,3200,38.8696,1.195,41.4985,1.391,53,1.1,-1.625
2026-09-07T08:37:35.383094+00:00,1.3892,554.249,108,21.53,78.47,0,5896.8,3.5697,54.6,7.13492,1281.26,14.06,21.97,241.196,3.077,4.464,1.39,45.36,54.64,0,5907.6,5.8917,54.7,11.2158,2453.18,37.5,48.02,334.737,1.538,6.433,1.39,6.93,84.18,8.888,5030.69,2.149,46.5805,5.42101,335.441,3.077,6.533,107.416,0,2.047,1.39,43.07,56.93,0,5907.6,6.4358,54.7,12.4985,2223.49,36.92,43.44,403.498,6.154,7.796,1.39,4.61,81.54,13.85,5030.69,1.8149,46.5805,4.11979,215.302,0,4.171,90.1494,0,1.699,1.39,10.22,85.79,3.986,5030.69,2.5419,46.5805,4.95846,525.535,6.154,10.22,115.947,1.538,2.216,1.39,4.279,95.72,0,5907.6,2.0841,54.7,3.34747,208.349,1.562,3.84,101.984,0,1.766,1.39,2.919,97.01,0.07134,5907.6,1.9335,54.7,1.87388,111.744,0,1.975,118.765,0,2.131,1.39,19.75,21.952,30.472,18.1519,73,5.2003,54.864,54.999,9.5469,11.411,21.959,22.125,47.603,6.974,10.55,0.82644,0.307421,7.3,2200,5750,0,9.30769,15.5,5913.39,5.80791,37.5,5.486,5.486,0,0,0,9.344,19.11,3200,38.8542,1.195,41.4742,1.389,53,1.1,-1.6875
2026-09-07T08:37:36.402719+00:00,1.32687,531.539,108,23.05,76.95,0,5891.4,3.8626,54.55,7.58658,1369.78,28.12,23.78,231.092,10.94,4.312,1.385,42.18,57.82,0,5891.4,6.0365,54.55,11.1874,1721.59,26.56,33.62,900.044,18.75,17.59,1.395,6.065,87.93,6.003,5016.9,2.1976,46.4527,5.34905,306.521,9.375,5.967,79.8937,4.688,1.551,1.395,40.33,59.67,0,5891.4,5.4007,54.55,10.1004,1250.56,23.44,24.31,1220.05,20.31,23.92,1.395,4.699,83.99,11.31,5016.9,1.8958,46.4527,4.15631,230.604,6.25,4.487,79.5698,3.125,1.538,1.395,9.514,89.13,1.355,5016.9,2.5544,46.4527,4.45384,514.47,14.06,9.989,82.2924,3.125,1.6,1.395,4.175,95.83,0,5891.4,2.1168,54.55,3.32086,192.264,3.125,3.531,114.336,4.688,2.095,1.395,2.678,97.32,0,5891.4,1.9371,54.55,1.68114,103.36,3.125,1.826,108.195,4.688,1.939,1.395,17.375,21.594,30.005,17.1732,74,5.1629,54.197,53.767,9.4918,11.345,21.546,21.625,47.029,11.52,10.13,0.597645,0.253416,7.4,2200,5750,0,9.04487,16,5916.35,5.59069,28.12,5.42,5.42,0,0,0,9.169,18.08,3200,38.8603,1.195,41.511,1.391,53,1.1,-1.6875
2026-09-07T08:37:37.420509+00:00,1.34475,541.201,108,22.15,77.85,0,5896.8,3.6985,54.6,7.24048,1317.47,20.31,22.28,249.221,1.562,4.715,1.385,44.88,55.12,0,5891.4,5.8792,54.55,11.1667,2296.94,31.25,44.91,468.083,7.812,9.113,1.38,5.948,87.4,6.655,5891.4,2.1176,54.55,5.22044,293.766,4.688,5.724,89.0099,0,1.735,1.38,41.15,58.85,0,5891.4,6.1516,54.55,11.8305,1981.46,31.25,38.7,574.574,12.5,11.12,1.38,4.216,80.82,14.96,5880.6,1.7464,54.45,3.90143,203.874,3.125,3.984,76.041,0,1.476,1.38,9.406,88.53,2.064,5880.6,2.5087,54.45,4.67698,502.81,3.125,9.742,93.8816,0,1.826,1.38,4.106,95.89,0,5880.6,2.0867,54.45,3.1746,200.577,4.688,3.785,99.4002,0,1.756,1.38,2.624,97.38,0,5880.6,1.9282,54.45,1.73697,101.661,0,1.807,110.451,1.562,1.998,1.38,21.25,22.146,30.763,17.8235,73.5,5.2266,55.286,55.58,9.6035,11.478,22.177,21.875,47.99,7.617,10.29,0.845257,0.300181,7.35,2200,5750,0,9.17949,15.75,5915.71,5.63076,31.25,5.529,5.529,0,0,0,9.437,18.76,3200,38.7926,1.195,41.496,1.39,53,1.1,-1.6875
2026-09-07T08:37:38.439026+00:00,1.31708,520.981,108,21.92,78.08,0,5907.6,3.8199,54.7,7.42372,1303.02,15.62,23.01,189.379,1.562,3.597,1.39,45.27,54.73,0,5021.49,5.9718,46.4953,11.0475,2580.2,35.94,50.5,179.599,0,3.453,1.39,5.652,87.6,6.745,5021.49,2.0938,46.4953,5.05899,290.593,0,5.658,73.3402,0,1.425,1.39,38.24,61.76,0,5021.49,5.5257,46.4953,10.524,1345.42,17.19,26.24,988.74,10.94,19.46,1.39,3.845,83.5,12.65,5021.49,1.7539,46.4953,3.80736,189.851,0,3.7,67.0173,0,1.296,1.39,9.791,88.3,1.905,5021.49,2.5381,46.4953,4.60596,504.678,9.375,9.844,99.4442,1.562,1.939,1.39,4.369,95.63,0,5896.8,2.1335,54.6,3.19276,216.205,3.125,4.036,98.4037,1.562,1.737,1.39,2.616,97.38,0,5896.8,1.9163,54.6,1.72132,98.1471,0,1.723,111.665,0,2.012,1.39,17.375,21.806,30.276,17.5792,81.5,5.2714,54.827,54.82,9.646,11.529,21.795,21.625,47.603,6.055,9.978,0.654737,0.26799,8.15,2200,5750,0,9.16667,15.75,5914.69,5.46944,35.94,5.483,5.483,0,0,0,9.274,18.5,3200,38.8267,1.195,41.501,1.39,53,1.1,-1.625
2026-09-07T08:37:40.457149+00:00,1.33213,535.933,108,23.29,76.71,0,5899.5,3.924,54.625,7.72664,1383.76,17.19,23.52,259.305,6.25,4.928,1.388,47.29,52.71,0,5466.45,5.7932,50.6152,10.3585,1391.66,25.78,27.1,1536.71,20.31,30.1,1.393,5.649,89.6,4.748,5028.39,2.1339,46.5592,5.30277,286.14,3.125,5.587,76.8366,0.7812,1.496,1.393,36.2,63.8,0,5904.9,5.5991,54.675,10.5133,677.839,7.031,13.1,1556.95,21.88,30.49,1.393,4.499,84.39,11.11,5028.39,1.8567,46.5592,4.05777,226.421,2.344,4.441,68.875,2.344,1.337,1.393,9.6,89.56,0.8427,5028.39,2.6015,46.5592,4.46621,495.266,7.031,9.619,108.962,1.562,2.133,1.393,3.896,96.1,0,5904.9,2.069,54.675,3.192,189.149,2.344,3.554,97.5139,0.7812,1.726,1.393,2.78,97.22,0,5904.9,1.9336,54.675,1.5049,107.164,1.562,1.842,112.388,0.7812,2.032,1.39,19.8125,21.533,29.909,17.3314,72.5,5.1878,54.304,54.36,9.5526,11.418,21.553,21.3125,47.033,7.568,10.19,0.710173,0.272237,7.25,2200,5750,0,9.41987,16.375,5916.01,5.57312,26.56,5.43,5.43,0,0,0,9.172,18.24,3200,38.8314,1.195,41.4893,1.39,53,1.1,-1.625
2026-09-07T08:37:41.223724+00:00,1.30629,524.094,108,23.82,76.18,0,5880.6,3.9943,54.45,7.77242,1414.26,17.19,24.9,216.671,4.688,4.083,1.39,41.31,58.69,0,5026.09,5.637,46.5379,10.2608,1624.58,25,31.69,957.285,15.62,18.75,1.39,5.811,86.91,7.278,5026.09,2.0939,46.5379,5.21142,297.695,3.125,5.826,75.9562,1.562,1.481,1.39,39.76,60.24,0,5026.09,5.6349,46.5379,10.3542,671.382,12.5,13,1772.34,21.88,34.75,1.39,3.89,83.59,12.52,5026.09,1.7707,46.5379,3.90043,192.315,4.688,3.765,69.4606,0,1.352,1.39,9.009,90.3,0.6938,5026.09,2.5445,46.5379,4.35934,452.386,7.812,8.802,112.003,0,2.18,1.39,4.376,95.62,0,5902.2,2.1169,54.65,3.23747,209.818,1.562,3.959,105.095,1.562,1.816,1.39,2.66,97.34,0,5902.2,1.9225,54.65,1.45378,102.248,0,1.814,112.013,0,2.025,1.39,16.875,21.84,30.335,17.5007,72,5.1963,54.684,54.706,9.5586,11.424,21.82,21.25,47.476,7.324,10.01,0.646719,0.261595,7.2,2200,5750,0,9.3141,16,5915.51,5.48472,25,5.468,5.468,0,0,0,9.285,18.42,3200,38.8076,1.195,41.519,1.39,52.9249,1.1,-1.625
2026-09-07T08:37:42.241705+00:00,1.38396,555.226,108,23,77,0,5896.8,3.8311,54.6,7.59322,1365.56,18.75,23.34,246.147,1.562,4.716,1.385,49.49,50.51,0,5902.2,6.3447,54.65,11.7066,2467.59,40.62,48.31,572.119,9.375,11.13,1.395,6.452,87.59,5.957,5026.09,2.1622,46.5379,5.3974,326.749,6.25,6.4,85.8848,1.562,1.675,1.395,38.28,61.72,0,5902.2,5.6051,54.65,10.7192,1417.86,20.31,27.66,966.583,18.75,18.95,1.395,4.285,83.51,12.21,5026.09,1.8316,46.5379,4.06144,211.836,3.125,4.16,72.3419,0,1.401,1.395,9.973,87.5,2.531,5026.09,2.6058,46.5379,4.70946,530.859,10.94,10.34,99.346,0,1.939,1.395,3.949,96.05,0,5902.2,2.0546,54.65,3.2032,195.968,3.125,3.664,93.7789,0,1.662,1.395,2.971,97.03,0,5902.2,1.9398,54.65,1.69082,103.243,1.562,1.846,127.752,0,2.27,1.395,18.875,22.275,30.904,17.8515,77,5.2252,55.434,55.368,9.6349,11.516,22.288,21.625,48.168,8.496,10.59,0.816523,0.305963,7.7,2200,5750,0,9.5,15.75,5913.48,5.69895,40.62,5.543,5.543,0,0,0,9.484,18.79,3200,38.8448,1.195,41.4895,1.389,53,1.1,-1.625
2026-09-07T08:37:43.259980+00:00,1.32614,531.249,108,21.83,78.17,0,5902.2,3.6466,54.65,7.18637,1298.76,20.31,21.94,248.906,6.25,4.772,1.395,45.76,54.24,0,5896.8,5.7733,54.6,10.5438,2114.57,39.06,41.39,707.504,9.375,13.79,1.385,6.273,88.04,5.683,5896.8,2.1987,54.6,5.39357,324.849,7.812,6.372,73.6882,1.562,1.433,1.385,37.86,62.14,0,5896.8,5.9856,54.6,11.3739,945.074,17.19,18.35,1372.57,15.62,26.9,1.385,4.222,83.79,11.98,5021.49,1.8011,46.4953,4.0192,199.759,6.25,3.895,82.3516,1.562,1.596,1.385,9.768,89.46,0.7712,5896.8,2.498,54.6,4.4749,517.901,12.5,10.13,96.7735,1.562,1.883,1.385,4.042,95.96,0,5896.8,2.0742,54.6,3.2131,193.179,3.125,3.646,101.063,1.562,1.77,1.385,2.864,97.14,0,5896.8,1.9466,54.6,1.6614,108.512,1.562,1.897,114.529,1.562,2.044,1.385,19.75,21.493,29.859,17.5621,73,5.2357,54.254,54.136,9.6245,11.503,21.415,21.5,47.122,9.18,10.11,0.679782,0.273588,7.3,2200,5750,0,9.4359,16,5916.14,5.61709,39.06,5.425,5.425,0,0,0,9.113,18.49,3200,38.8122,1.195,41.5171,1.39,53,1.1,-1.625
2026-09-07T08:37:44.278711+00:00,1.29777,518.48,108,21.03,78.97,0,5869.8,3.6652,54.35,7.15778,1251.29,14.06,21.93,203.483,6.25,3.83,1.38,42.03,57.97,0,5896.8,5.5065,54.6,9.99015,1227.48,15.62,23.89,1396.37,23.44,27.32,1.39,5.986,88.82,5.196,5021.49,2.1656,46.4953,5.21012,293.075,6.25,5.725,87.9347,1.562,1.71,1.39,40.69,59.31,0,5896.8,5.8048,54.6,10.7081,516.258,10.94,9.964,1961.34,32.81,38.47,1.39,3.858,84.21,11.93,5021.49,1.7954,46.4953,3.84821,189.391,3.125,3.708,69.4547,1.562,1.34,1.39,9.717,89.03,1.252,5021.49,2.5592,46.4953,4.36977,496.549,6.25,9.67,111.523,3.125,2.165,1.39,3.743,96.26,0,5021.49,2.0556,46.4953,3.05982,183.628,1.562,3.439,93.0325,1.562,1.669,1.39,2.719,97.28,0,5896.8,1.9198,54.6,1.46311,99.67,1.562,1.714,115.203,1.562,2.097,1.39,17.375,21.017,29.201,17.2306,69.5,5.2702,53.794,53.711,9.6301,11.51,21.055,21.25,46.508,8.203,9.915,0.606172,0.255119,6.95,2200,5750,0,9.58333,16,5918.16,5.41563,32.81,5.379,5.379,0,0,0,8.96,18.14,3200,38.8156,1.195,41.5165,1.391,53,1.1,-1.6875
2026-09-07T08:37:45.296205+00:00,1.34697,538.555,108,23.48,76.52,0,5896.8,3.89,54.6,7.70325,1394.6,20.31,24.17,238.06,9.375,4.502,1.385,47.65,52.35,0,5902.2,6.2279,54.65,11.2861,2361.95,45.31,46.24,567.166,7.812,11.05,1.39,5.996,86.44,7.564,5026.09,2.1079,46.5379,5.31475,314.081,6.25,6.122,70.6465,4.688,1.373,1.39,37.54,62.46,0,5902.2,5.3377,54.65,10.0139,1477.29,25,28.8,817.712,17.19,16.02,1.39,3.855,84.09,12.06,5026.09,1.788,46.5379,3.99013,177.214,4.688,3.447,81.6239,4.688,1.585,1.39,9.415,88.34,2.248,5026.09,2.4997,46.5379,4.26025,488.983,9.375,9.476,104.548,6.25,2.032,1.39,3.935,96.07,0,5902.2,2.0551,54.65,3.17488,189.228,4.688,3.588,111.088,4.688,1.981,1.39,2.827,97.17,0,5902.2,1.9308,54.65,1.487,106.95,4.688,1.843,115.751,6.25,2.088,1.39,18.375,21.559,29.938,17.5495,101.5,5.2121,54.35,54.522,9.5415,11.405,21.578,21.25,47.076,11.33,10.27,0.740125,0.276856,10.15,2200,5750,0,9.23718,15.75,5915.9,5.61913,45.31,5.435,5.435,0,0,0,9.182,18.47,3200,38.829,1.195,41.573,1.39,53,1.1,-1.625
2026-09-07T08:37:46.313702+00:00,1.35154,543.242,108,23.95,76.05,0,5896.8,3.8473,54.6,7.43638,1422.94,15.62,24.18,270.673,3.125,5.108,1.39,50.31,49.69,0,5902.2,6.444,54.65,11.8908,2573.23,40.62,50.41,556.535,9.375,10.83,1.39,5.092,86.1,8.807,5026.09,1.9957,46.5379,4.96713,252.667,6.25,4.921,77.0098,0,1.499,1.39,35.63,64.37,0,5026.09,5.4574,46.5379,10.4591,1632.41,29.69,31.82,544.982,3.125,10.65,1.39,4.015,81.31,14.67,5026.09,1.7454,46.5379,3.77975,192.399,4.688,3.753,71.584,0,1.387,1.39,9.793,87.64,2.568,5026.09,2.5189,46.5379,4.39813,495.89,14.06,9.637,115.297,1.562,2.242,1.39,3.568,96.43,0,5902.2,2.0313,54.65,3.04475,175.572,3.125,3.305,90.6265,0,1.601,1.39,2.792,97.21,0,5902.2,1.9134,54.65,1.54263,101.926,0,1.788,118.128,1.562,2.066,1.39,16.875,21.361,29.66,17.9612,78,5.1669,53.923,53.913,9.4963,11.351,21.357,21.75,46.694,8.301,10.32,0.608584,0.249622,7.8,2200,5750,0,9.37821,15.5,5915.76,5.57213,40.62,5.392,5.392,0,0,0,9.088,18.91,3200,38.75,1.195,41.595,1.39,53,1.1,-1.6875
2026-09-07T08:37:47.330863+00:00,1.31408,525.42,108,22.95,77.05,0,5902.2,3.9648,54.65,7.74837,1363.23,17.19,23.4,242.561,6.25,4.602,1.39,41.8,58.2,0,5902.2,5.5683,54.65,10.0253,1129.87,14.06,22.01,1453.84,20.31,28.42,1.39,6.005,85.65,8.346,5026.09,2.0781,46.5379,5.13779,303.348,6.25,5.92,80.643,0,1.571,1.39,40.53,59.47,0,5026.09,5.473,46.5379,9.9402,1353.04,23.44,26.36,1112.9,17.19,21.82,1.39,3.58,80.63,15.79,5026.09,1.6625,46.5379,3.67528,175.884,3.125,3.428,65.6344,0,1.273,1.39,10.38,88.21,1.413,5026.09,2.5757,46.5379,4.29539,527.974,6.25,10.25,122.775,1.562,2.394,1.39,3.401,96.6,0,5902.2,1.9969,54.65,2.97981,162.171,1.562,3.038,94.3355,0,1.657,1.39,2.766,97.23,0,5902.2,1.9007,54.65,1.39393,110.618,0,1.886,107.902,0,1.934,1.39,17.875,20.857,28.974,17.3946,73,5.1946,53.338,53.395,9.5351,11.397,20.865,21.625,46.085,7.324,9.998,0.684503,0.252318,7.3,2200,5750,0,8.98718,15.75,5917.02,5.42966,23.44,5.334,5.334,0,0,0,8.879,18.31,3200,38.7884,1.195,41.5145,1.39,53,1.1,-1.625
2026-09-07T08:37:48.349389+00:00,2.46497,1016.45,108,40.22,59.78,0,5896.8,5.4843,54.6,11.6277,2364.92,39.06,41.76,524.331,9.375,9.962,1.385,67.37,32.63,0,5896.8,7.8077,54.6,15.6386,1659.02,26.56,32.23,2681.87,42.19,52.34,1.395,17.7,80.75,1.554,5021.49,3.3444,46.4953,8.79789,966.272,15.62,18.53,168.828,1.562,3.298,1.395,65.49,34.51,0,5896.8,8.1716,54.6,16.9942,2153.1,31.25,41.82,2086.8,32.81,40.65,1.395,13.98,79.78,6.238,5021.49,2.8717,46.4953,6.9847,743.143,9.375,14.29,141.921,0,2.776,1.395,25.41,74.5,0.09038,5021.49,3.9914,46.4953,8.16915,1386.84,15.62,26.59,217.064,0,4.215,1.395,9.981,90.02,0,5896.8,2.6906,54.6,5.20697,526.042,7.812,10.08,181.85,1.562,3.385,1.395,6.356,93.64,0,5896.8,2.3202,54.6,2.9005,234.05,3.125,4.403,227.078,1.562,4.163,1.395,21.25,30.375,41.728,21.8087,88,5.2488,66.406,66.1,9.7017,11.596,30.348,25,59.098,14.84,19.41,2.06942,0.639855,8.8,2200,5750,0,9.42949,16,5883.56,7.25448,42.19,6.641,6.641,0,0,0,12.91,22.96,3200,38.8806,1.195,41.5721,1.378,53,1.1,-1.625
2026-09-07T08:37:49.366083+00:00,1.65758,669.917,108,33.77,66.23,0,5886,5.1399,54.5,10.5662,1999.51,29.69,34.91,338.394,1.562,6.321,1.385,44.14,55.86,0,5902.2,6.3373,54.65,12.1518,1237.28,18.75,23.8,1522.99,26.56,29.66,1.39,10.02,87,2.975,5026.09,2.7547,46.5379,7.33037,553.488,7.812,10.67,84.939,1.562,1.644,1.39,47.42,52.58,0,5902.2,5.1509,54.65,9.87412,2158.93,29.69,42.05,768.048,14.06,14.8,1.39,6.084,86.11,7.802,5026.09,2.2095,46.5379,5.34867,310.839,9.375,5.976,97.1877,1.562,1.886,1.39,15.26,84.74,0,5902.2,3.4241,54.65,6.22016,830.079,10.94,15.89,151.612,1.562,2.956,1.39,5.132,94.87,0,5902.2,2.289,54.65,4.12776,266.316,6.25,4.986,102.427,1.562,1.775,1.39,3.928,96.07,0,5902.2,2.1498,54.65,2.38892,140.491,1.562,2.458,156.138,3.125,2.773,1.39,20.25,26.387,36.648,17.7845,90.5,5.2704,61.369,61.642,9.7217,11.62,26.42,24,54.065,10.35,12.66,0.859776,0.354788,9.05,2200,5750,0,9.15385,16,5910.55,6.41174,29.69,6.137,6.137,0,0,0,11.24,18.72,3200,38.8485,1.195,41.4885,1.39,53,1.1,-1.625
2026-09-07T08:37:50.384755+00:00,1.80003,742.395,108,30.88,69.12,0,5902.2,4.6433,54.65,9.52345,1817.71,26.56,31.15,398.354,4.688,7.431,1.39,46.24,53.76,0,5902.2,6.8977,54.65,13.283,2352.76,37.5,45.87,712.676,9.375,13.7,1.395,11.6,85,3.403,5902.2,2.6491,54.65,6.77946,598.893,12.5,11.5,153.333,0,2.977,1.395,53.97,46.03,0,5902.2,5.3796,54.65,10.0533,2758.96,46.88,53.84,613.836,3.125,11.75,1.395,8.625,82.52,8.86,5026.09,2.2211,46.5379,5.19233,430.979,10.94,8.265,127.371,0,2.453,1.395,16.11,83.24,0.6491,5902.2,3.1543,54.65,5.68017,828.465,10.94,15.86,205.433,3.125,3.984,1.395,7.41,92.59,0,5902.2,2.3819,54.65,4.12425,372.939,9.375,7.062,135.91,0,2.382,1.395,5.178,94.82,0,5902.2,2.125,54.65,2.19596,175.602,1.562,3.141,195.107,4.688,3.582,1.395,19.75,26.248,36.073,18.8778,87.5,5.2744,60.771,60.623,9.7495,11.653,26.214,24.75,53.527,11.33,14.06,1.24216,0.544454,8.75,2200,5750,0,9.41667,15.75,5894.16,6.0924,46.88,6.077,6.077,0,0,0,11.16,19.87,3200,38.8746,1.195,41.5025,1.38,53,1.1,-1.6875
2026-09-07T08:37:51.402102+00:00,1.51574,607.567,108,27.03,72.97,0,5891.4,4.2846,54.55,8.46779,1601.88,18.75,27.03,275.845,4.688,5.13,1.395,34.61,65.39,0,5907.6,5.444,54.7,10.0665,1286.93,23.44,24.52,877.296,14.06,16.48,1.395,8.178,88.56,3.262,5030.69,2.527,46.5805,6.16928,451.332,6.25,8.532,74.8323,0,1.459,1.395,53.21,46.79,0,5030.69,5.3684,46.5805,9.49565,999.157,17.19,18.96,2268.48,39.06,44.22,1.395,6.25,87.2,6.546,5030.69,2.2618,46.5805,4.925,330.699,6.25,6.324,72.933,0,1.42,1.395,13.32,86.14,0.5361,5030.69,3.1259,46.5805,5.52711,743.052,15.62,13.93,101.903,0,1.977,1.395,5.678,94.32,0,5907.6,2.3581,54.7,3.87624,286.48,4.688,5.245,101.614,0,1.77,1.395,3.299,96.7,0,5907.6,2.1046,54.7,2.16182,121.027,0,2.107,127.608,0,2.257,1.395,17.375,22.41,31.144,16.6543,75.5,5.2694,55.84,56.059,9.6965,11.589,22.456,23.625,48.529,9.375,11.33,0.712676,0.317237,7.55,2200,5750,0,9.52564,15.5,5913.89,5.65473,39.06,5.584,5.584,0,0,0,9.556,17.53,3200,38.8756,1.195,41.6577,1.392,53,1.1,-1.625
2026-09-07T08:37:52.420393+00:00,1.27251,514.354,108,21.64,78.36,0,5907.6,3.8213,54.7,7.46667,1285.91,23.44,21.75,266.238,1.562,4.987,1.395,29.21,70.79,0,5902.2,4.9031,54.65,8.70435,1065.51,21.88,20.65,776.199,6.25,15.11,1.39,7.397,84.61,7.997,5026.09,2.2395,46.5379,5.42077,396.731,12.5,7.688,68.8892,1.562,1.346,1.39,47.78,52.22,0,5902.2,4.9572,54.65,8.29338,827.091,9.375,16.06,2102.08,37.5,41.23,1.39,4.936,80.2,14.86,5026.09,1.8476,46.5379,3.99786,239.283,7.812,4.652,83.514,3.125,1.623,1.39,9.016,86.99,3.995,5902.2,2.5038,54.65,4.07948,476.245,10.94,9.189,97.3654,3.125,1.89,1.39,4.264,95.74,0,5902.2,2.1595,54.65,3.27754,193.54,3.125,3.642,118.815,1.562,2.143,1.39,3.008,96.99,0,5902.2,1.9677,54.65,1.63531,108.853,3.125,1.905,123.398,3.125,2.178,1.39,21.25,20.564,28.583,16.3567,70.5,5.2586,53.101,52.942,9.714,11.61,20.48,22.625,45.977,9.375,9.753,0.654833,0.27706,7.05,2200,5750,0,9.21795,15.75,5917.45,5.13456,37.5,5.31,5.31,0,0,0,8.715,17.22,3200,38.8541,1.195,41.6579,1.392,53,1.1,-1.625
2026-09-07T08:37:53.439005+00:00,1.36984,552.057,108,24.8,75.2,0,5902.2,4.2813,54.65,8.3855,1470.51,20.31,25.67,250.153,3.125,4.644,1.39,28.98,71.02,0,5902.2,5.1271,54.65,9.34338,1266.06,17.19,24.56,538.364,6.25,10.37,1.385,7.437,86.06,6.508,5026.09,2.3282,46.5379,5.72375,374.987,9.375,7.263,99.4246,0,1.94,1.385,53.43,46.57,0,5902.2,5.4053,54.65,9.03675,2976.6,50,58.23,350.302,6.25,6.818,1.385,4.372,81.64,13.99,5026.09,1.8243,46.5379,4.0905,216.821,1.562,4.205,74.9833,0,1.455,1.385,10.46,85.94,3.605,5902.2,2.6053,54.65,4.30288,544.967,10.94,10.52,114.141,1.562,2.21,1.385,4.574,95.43,0,5026.09,2.1883,46.5379,3.42125,224.351,1.562,4.22,101.554,0,1.801,1.385,2.933,97.07,0,5902.2,1.9653,54.65,1.51363,102.977,1.562,1.806,126.722,1.562,2.203,1.385,15.5,22.201,30.821,16.813,72.5,5.2681,55.466,55.412,9.6995,11.592,22.211,22,48.208,8.203,10.5,0.708406,0.306356,7.25,2200,5750,0,9.25,15.75,5914.34,5.3685,50,5.547,5.547,0,0,0,9.451,17.7,3200,38.854,1.195,41.658,1.39,53,1.1,-1.625
2026-09-07T08:37:54.456620+00:00,1.32175,525.949,108,22.48,77.52,0,5907.6,3.9487,54.7,7.8358,1334.18,25.4,23.56,202.179,4.762,3.783,1.4,45.98,54.02,0,5907.6,5.2218,54.7,8.87173,2426.59,41.27,47.49,382.169,6.349,7.404,1.4,6.837,85.45,7.716,5030.69,2.2312,46.5805,5.57688,361.861,11.11,7.026,73.3231,4.762,1.425,1.4,35.08,64.92,0,5907.6,5.1728,54.7,9.35867,1796.28,36.51,35.02,365.23,14.29,7.092,1.4,4.466,80.88,14.65,5030.69,1.7849,46.5805,4.08857,216.822,7.937,4.225,74.464,4.762,1.444,1.4,10.16,86.34,3.505,5030.69,2.6391,46.5805,4.4054,542.346,12.7,10.48,104.029,6.349,2.021,1.4,4.26,95.74,0,5907.6,2.1104,54.7,3.33279,217.177,7.937,4.053,91.5635,6.349,1.61,1.4,2.916,97.08,0,5907.6,1.9353,54.7,1.4799,113.567,6.349,1.948,113.415,3.175,2.033,1.4,16.5,20.961,29.122,16.8405,70.5,5.262,53.808,53.784,9.6686,11.555,21.028,21.5,46.465,12.5,10.04,0.793313,0.29995,7.05,2200,5750,0,9.16026,15.75,5916.23,5.40553,41.27,5.381,5.381,0,0,0,8.948,17.73,3200,38.8442,1.195,41.6824,1.391,53,1.1,-1.625
2026-09-07T08:37:55.218943+00:00,1.63575,669.289,108,27.65,72.35,0,5907.6,4.3327,54.7,8.89339,1636.59,25,28.96,267.187,4.688,5.082,1.39,46.85,53.15,0,5907.6,5.2005,54.7,8.9995,941.156,17.19,18.15,2116.65,42.19,41.47,1.395,13.35,79.03,7.618,5030.69,2.8551,46.5805,7.22623,728.363,9.375,14.03,109.671,3.125,2.111,1.395,34.89,65.11,0,5907.6,5.263,54.7,9.9233,1236.17,28.12,23.92,998.356,14.06,19.37,1.395,9.938,78.3,11.77,5030.69,2.4049,46.5805,5.60911,534.641,12.5,10.18,96.2774,4.688,1.863,1.395,16.81,79.25,3.941,5907.6,3.3086,54.7,5.90778,894,17.19,17.26,198.136,4.688,3.841,1.395,8.532,91.47,0,5907.6,2.5349,54.7,4.45883,458.145,12.5,8.677,101.111,4.688,1.751,1.395,5.546,94.45,0,5030.69,2.2143,46.5805,2.31019,202.761,3.125,3.671,189.4,6.25,3.447,1.395,18.375,23.277,32.276,17.1064,82.5,5.269,56.885,57.121,9.6446,11.527,23.296,21.125,49.599,13.09,12.74,0.83589,0.362513,8.25,2200,5750,0,9.41667,15.5,5909.98,5.84972,42.19,5.688,5.688,0,0,0,9.913,18.01,3200,38.8438,1.195,41.7217,1.39,53,1.1,-1.625
2026-09-07T08:37:56.237753+00:00,1.2987,522.478,108,21.26,78.74,0,5902.2,3.7962,54.65,7.45977,1265.27,16.92,21.47,245.564,4.615,4.612,1.395,54.51,45.49,0,5907.6,5.345,54.7,8.57391,830.771,15.38,16.15,2532.68,50.77,49.63,1.395,6.992,84.02,8.988,5030.69,2.1866,46.5805,5.42337,361.755,9.231,7.056,80.1062,3.077,1.551,1.395,26.19,73.81,0,5030.69,4.7419,46.5805,8.59724,1213.83,27.69,23.58,407.717,6.154,7.94,1.395,4.393,79.92,15.69,5030.69,1.7955,46.5805,4.00555,225.72,6.154,4.396,66.6837,3.077,1.298,1.395,9.541,86.43,4.031,5030.69,2.5656,46.5805,4.07527,499.923,12.31,9.698,107.819,3.077,2.096,1.395,4.134,95.87,0,5030.69,2.1046,46.5805,3.25271,202.594,7.692,3.74,95.862,3.077,1.68,1.395,2.853,97.15,0,5907.6,1.944,54.7,1.41868,112.778,3.077,1.966,110.569,3.077,2.002,1.395,18.375,24.179,33.592,16.3928,71.5,5.2317,58.089,57.959,9.6325,11.513,24.17,20.5,50.86,10.96,9.93,0.689802,0.265186,7.15,2200,5750,0,9.23718,15.5,5918.13,5.23717,50.77,5.809,5.809,0,0,0,10.29,17.26,3200,38.7927,1.195,41.5617,1.391,53,1.1,-1.625
2026-09-07T08:37:57.254135+00:00,1.34492,538.124,108,23.07,76.93,0,5869.8,3.9648,54.35,7.82965,1369.36,20.31,23.75,232.345,3.125,4.336,1.385,29.62,70.38,0,5902.2,5.1398,54.65,9.19824,1207.3,15.62,23.42,652.806,15.62,12.68,1.39,7.469,83.93,8.601,5026.09,2.2502,46.5379,5.65,389.716,7.812,7.56,84.1944,3.125,1.639,1.39,50.57,49.43,0,5902.2,5.0309,54.65,8.43128,787.035,18.75,15.3,2292.82,35.94,44.98,1.39,4.716,80.9,14.38,5026.09,1.8359,46.5379,4.19698,234.749,7.812,4.553,77.7914,3.125,1.513,1.39,11.06,84.65,4.285,5026.09,2.7182,46.5379,4.45465,584.48,12.5,11.31,113.913,3.125,2.219,1.39,4.773,95.23,0,5902.2,2.1815,54.65,3.48957,241.65,6.25,4.574,96.6512,3.125,1.714,1.39,3.212,96.79,0,5902.2,1.9778,54.65,1.55917,114.338,3.125,2.003,130.837,3.125,2.293,1.39,19.75,24.622,34.166,16.5756,74.5,5.2707,58.763,58.738,9.7116,11.607,24.585,20.25,51.57,10.16,10.24,0.692008,0.334258,7.45,2200,5750,0,9.30769,16,5913.17,5.3799,35.94,5.876,5.876,0,0,0,10.46,17.45,3200,38.8744,1.195,41.5477,1.389,53,1.1,-1.625
2026-09-07T08:37:58.272072+00:00,1.37359,553.388,108,22.35,77.65,0,5896.8,3.8316,54.6,7.37826,1327.72,18.75,23.38,208.119,4.688,3.891,1.395,56.88,43.12,0,5891.4,5.6414,54.55,9.12211,868.698,10.94,16.87,2682.8,42.19,52.55,1.385,7.685,83.98,8.339,5891.4,2.3002,54.55,5.49335,396.983,10.94,7.676,95.4133,0,1.842,1.385,25.34,74.66,0,5891.4,4.7012,54.55,8.57467,1161.35,18.75,22.47,430.172,4.688,8.257,1.385,5.522,80.29,14.19,5891.4,1.9364,54.55,4.21611,268.37,1.562,5.177,93.0139,0,1.789,1.385,10.91,84.64,4.448,5891.4,2.6587,54.55,4.25113,578.598,10.94,11.17,114.66,1.562,2.209,1.385,4.978,95.02,0,5891.4,2.2297,54.55,3.43612,255.288,4.688,4.82,97.8704,0,1.711,1.385,3.689,96.31,0,5891.4,2.0426,54.55,1.60028,141.623,0,2.457,133.536,3.125,2.375,1.385,23.125,21.765,30.25,16.4217,76.5,5.2572,54.85,54.818,9.7013,11.594,21.747,20,47.628,8.301,10.54,0.741675,0.344374,7.65,2200,5750,0,9.47436,15.75,5916.29,5.24197,42.19,5.485,5.485,0,0,0,9.254,17.29,3200,38.8765,1.195,41.5,1.392,53,1.1,-1.625
2026-09-07T08:37:59.290560+00:00,2.94496,1228.65,108,48.19,51.81,0,5815.8,6.3322,53.85,13.8272,2824.32,42.19,50.44,578.164,14.06,11.01,1.355,62.98,37.02,0,5794.2,8.6484,53.65,18.0387,2893.66,43.75,56.38,1439.24,21.88,27.81,1.35,26.65,72.52,0.8316,5794.2,4.23,53.65,11.0551,1444.75,23.44,27.67,267.639,3.125,5.188,1.35,77.14,22.86,0,5794.2,7.9177,53.65,16.6225,2144.84,40.62,41.8,2777.96,40.62,54.27,1.35,18.66,77.81,3.529,5794.2,3.3584,53.65,8.55347,1018.39,15.62,19.42,205.918,3.125,3.987,1.35,34.32,65.57,0.1106,5794.2,5.0367,53.65,10.5684,1890.03,28.12,36.4,352.078,4.688,6.835,1.35,15.71,84.29,0,5794.2,3.1808,53.65,6.54196,841.369,15.62,16,209.879,3.125,3.93,1.35,10.84,89.16,0,5794.2,2.7301,53.65,4.30891,396.051,6.25,7.356,374.06,3.125,6.947,1.35,26.5,33.509,45.734,22.0405,99,5.3053,70.778,70.513,9.9037,11.837,33.446,24.25,63.406,19.34,23.46,3.35252,1.28387,9.9,2200,5750,0,9.49359,16.25,5864.64,7.93453,43.75,7.078,7.078,0,0,0,14.23,23.2,3200,38.9287,1.195,41.7376,1.37,53,1.1,-1.625
2026-09-07T08:38:00.309098+00:00,2.12205,859.605,108,37.98,62.02,0,5896.8,5.2884,54.6,11.4915,2237.42,21.88,38.03,474.316,4.688,9.012,1.385,60.62,39.38,0,5902.2,6.1514,54.65,11.8793,1455.55,21.88,28.05,2380.75,34.38,46.39,1.39,17.12,78.24,4.639,5026.09,3.3821,46.5379,9.09278,899.423,7.812,17.24,154.864,0,2.988,1.39,45.35,54.65,0,5902.2,6.5895,54.65,13.8889,1732.17,29.69,33.43,1160.96,9.375,22.36,1.39,11.89,80.19,7.927,5026.09,2.7152,46.5379,7.00213,624.214,9.375,11.93,110.076,0,2.11,1.39,24.56,74.18,1.253,5026.09,4.1252,46.5379,8.43154,1318.88,18.75,25.35,211.806,1.562,4.091,1.39,8.925,91.08,0,5902.2,2.6277,54.65,5.24837,458.036,6.25,8.575,133.811,1.562,2.268,1.39,5.756,94.24,0,5902.2,2.3422,54.65,3.37588,203.407,1.562,3.688,197.993,0,3.615,1.39,15.5,28.429,39.245,19.2022,80.5,5.5798,64.741,65.014,9.9717,11.917,28.52,24.5,57.3,10.55,16.2,1.50284,0.868055,8.05,2200,5750,0,9.47436,15.75,5895.59,7.01479,34.38,6.474,6.474,0,0,0,12.14,20.21,3200,38.9448,1.195,41.6289,1.384,53,1.1,-1.625
2026-09-07T08:38:01.326387+00:00,1.53162,618.436,108,28.23,71.77,0,5902.2,4.485,54.65,9.07996,1673.07,18.75,27.69,356.915,7.812,6.714,1.39,46.78,53.22,0,5026.09,5.6182,46.5379,10.011,959.596,9.375,18.39,1981.79,29.69,38.53,1.39,8.07,87.91,4.018,5026.09,2.492,46.5379,6.47954,420.416,1.562,7.971,89.9511,0,1.756,1.39,42.4,57.6,0,5026.09,5.389,46.5379,9.80851,860.175,4.688,16.34,1728.9,31.25,33.55,1.39,5.489,84.78,9.732,5026.09,2.0972,46.5379,5.08296,278.682,6.25,5.322,80.1332,0,1.561,1.39,13.68,85.89,0.4296,5026.09,3.0932,46.5379,5.41991,744.328,6.25,14.09,104.481,0,2.023,1.39,5.052,94.95,0,5902.2,2.3347,54.65,4.14845,259.315,6.25,4.877,98.2554,0,1.714,1.39,3.461,96.54,0,5902.2,2.1087,54.65,2.05514,120.817,0,2.13,138.15,0,2.399,1.39,19.375,24.307,33.754,16.9233,73,5.8369,59.527,59.713,10.074,12.039,24.342,23.5,52.214,7.617,11.57,0.93434,0.385808,7.3,2200,5750,0,9.3141,16,5911.8,6.0136,31.25,5.953,5.953,0,0,0,10.36,17.81,3200,38.9651,1.195,41.6347,1.39,52.9701,1.1,-1.625
2026-09-07T08:38:02.343872+00:00,1.26052,504.148,108,21.12,78.88,0,5902.2,3.8585,54.65,7.57345,1254.36,9.375,21.47,228.143,1.562,4.304,1.39,33.19,66.81,0,5907.6,4.8554,54.7,8.28303,902.071,6.25,17.42,1149.71,20.31,22.36,1.39,6.143,85.54,8.318,5030.69,2.1481,46.5805,5.35773,301.542,3.125,5.82,95.4642,0,1.855,1.39,43.47,56.52,0.007918,5030.69,4.8127,46.5805,7.96209,2097.96,31.25,40.95,542.151,10.94,10.53,1.39,4.444,81.41,14.14,5030.69,1.8578,46.5805,4.14865,218.369,1.562,4.234,78.0204,0,1.507,1.39,10.36,87.16,2.482,5030.69,2.7323,46.5805,4.28641,539.775,6.25,10.42,110.795,0,2.155,1.39,4.64,95.36,0,5907.6,2.2014,54.7,3.5025,224.958,1.562,4.172,106.93,1.562,1.832,1.39,2.688,97.31,0,5907.6,1.963,54.7,1.47548,97.7818,0,1.738,118.33,0,2.126,1.39,17.375,19.872,27.618,16.4101,68,5.8343,53.226,53.159,10.017,11.971,19.863,22.5,46.007,5.859,9.555,0.551831,0.242088,6.8,2200,5750,0,9.30769,16,5916.05,5.2276,31.25,5.323,5.323,0,0,0,8.452,17.27,3200,38.98,1.195,41.6687,1.391,53,1.1,-1.625
2026-09-07T08:38:03.361538+00:00,1.44046,578.298,108,23.96,76.04,0,5907.6,4.1397,54.7,8.1503,1421.42,20.63,24.06,273.706,1.587,5.147,1.39,39.69,60.31,0,5907.6,5.025,54.7,8.82945,906.968,12.7,17.55,1564.82,26.98,30.55,1.39,8.065,83.61,8.327,5030.69,2.3045,46.5805,5.7791,417.62,7.937,8.047,96.8368,0,1.893,1.39,44.63,55.37,0,5907.6,5.5541,54.7,9.96799,1263.61,20.63,24.6,1490.27,23.81,29.18,1.39,5.639,78.84,15.52,5030.69,1.8824,46.5805,4.35994,281.44,7.937,5.421,84.2934,0,1.64,1.39,13.01,83.27,3.718,5030.69,2.9972,46.5805,5.16498,714.954,7.937,13.8,95.6723,1.587,1.859,1.39,5.659,94.34,0,5907.6,2.2892,54.7,3.66624,296.227,0,5.591,90.1371,0,1.601,1.39,3.388,96.61,0,5030.69,2.0225,46.5805,1.7896,112.041,0,2.006,142.758,0,2.525,1.39,17.875,21.637,30.034,17.0928,82.5,5.8403,55.787,55.758,10.078,12.044,21.654,22.25,48.503,8.234,10.97,0.941169,0.364212,8.25,2200,5750,0,9.57692,16,5912.57,5.47141,26.98,5.579,5.579,0,0,0,9.214,17.99,3200,38.9747,1.195,41.6103,1.39,53,1.1,-1.625
2026-09-07T08:38:04.380059+00:00,1.22694,495.021,108,21.02,78.98,0,5907.6,3.8305,54.7,7.47538,1248.72,20.31,22.12,182.963,3.125,3.472,1.39,42.26,57.74,0,5907.6,4.9433,54.7,8.1355,2054.57,34.38,40.17,621.158,12.5,12.09,1.39,6.309,82.76,10.93,5030.69,2.0756,46.5805,5.21338,307.494,4.688,5.99,99.7682,4.688,1.943,1.39,33.55,66.45,0,5907.6,4.8099,54.7,8.37413,1345.81,25,26.24,717.133,9.375,14.02,1.39,4.806,78.33,16.87,5030.69,1.7815,46.5805,4.01275,230.375,7.812,4.5,80.5744,1.562,1.564,1.39,8.228,87.61,4.163,5030.69,2.3777,46.5805,3.731,440.979,7.812,8.511,94.1699,1.562,1.836,1.39,3.65,96.35,0,5907.6,2.0593,54.7,3.19425,189.81,3.125,3.577,80.6956,1.562,1.425,1.39,2.87,97.13,0,5907.6,1.9326,54.7,1.3925,111.449,4.688,1.965,114.657,1.562,2.062,1.39,21.125,19.627,27.28,16.3586,72.5,5.6245,52.547,52.626,9.911,11.844,19.626,21.375,45.311,8.984,9.468,0.526255,0.270456,7.25,2200,5750,0,9.37821,16.25,5918.64,5.16625,34.38,5.255,5.255,0,0,0,8.352,17.22,3200,38.979,1.195,41.546,1.392,53,1.1,-1.625
2026-09-07T08:38:05.399359+00:00,1.20547,485.999,108,21,79,0,5907.6,3.8519,54.7,7.56831,1246.79,15.62,21.91,195.733,4.688,3.665,1.395,29.48,70.52,0,5907.6,4.7435,54.7,8.13474,909.449,15.62,17.63,961.443,17.19,18.72,1.395,6.482,83.88,9.642,5030.69,2.1631,46.5805,5.39161,332.512,6.25,6.474,82.686,1.562,1.608,1.395,43.94,56.06,0,5030.69,4.7355,46.5805,7.80407,600.698,10.94,11.63,2096.5,37.5,41.13,1.395,4.343,83.73,11.92,5030.69,1.8841,46.5805,4.15335,219.125,3.125,4.233,78.6666,1.562,1.533,1.395,8.469,86.41,5.123,5030.69,2.4027,46.5805,3.77497,438.424,10.94,8.512,100.196,1.562,1.944,1.395,4.136,95.86,0,5907.6,2.1137,54.7,3.2992,203.559,3.125,3.798,95.5527,1.562,1.675,1.395,2.701,97.3,0,5907.6,1.9331,54.7,1.43144,99.655,1.562,1.741,114.999,1.562,2.065,1.395,22.25,19.761,27.462,16.2686,76.5,5.2639,51.984,51.986,9.6306,11.51,19.758,20.75,44.763,8.398,9.266,0.483257,0.221204,7.65,2200,5750,0,9.57051,15.5,5917.61,5.13299,37.5,5.198,5.198,0,0,0,8.408,17.12,3200,38.9311,1.195,41.5105,1.392,53,1.1,-1.625
2026-09-07T08:38:06.416763+00:00,3.10332,1271.49,108,48.82,51.18,0,5778,6.3247,53.5,13.7536,2860.95,44.62,51.42,511.605,3.077,9.684,1.345,81.28,18.72,0,5778,8.2575,53.5,16.7765,2321.73,43.08,45.2,3005.89,46.15,58.65,1.34,28.57,70.29,1.14,5778,4.3951,53.5,11.2112,1542.59,27.69,29.45,274.651,4.615,5.31,1.34,68.7,31.3,0,5778,9.4005,53.5,19.965,3110.71,52.31,60.68,1402.29,23.08,27.14,1.34,20.12,76.96,2.926,5778,3.5007,53.5,8.66244,1098.28,15.38,20.9,167.577,4.615,3.225,1.34,36.74,62.84,0.4205,5778,5.239,53.5,11.1648,2054.48,27.69,39.39,243.827,4.615,4.667,1.34,16.34,83.66,0,5778,3.273,53.5,6.6209,895.282,13.85,16.81,161.833,0,2.945,1.34,9.763,90.24,0,5778,2.6397,53.5,4.13234,340.401,7.692,6.328,351.799,3.077,6.503,1.34,28,35.123,47.913,23.19,99,5.2978,72.791,71.786,9.8604,11.785,34.979,25.75,65.525,20.1,24.27,3.36698,1.50655,9.9,2200,5750,0,9.85256,16.75,5863.63,7.95075,52.31,7.279,7.279,0,0,0,14.88,24.41,3200,38.9652,1.195,41.6289,1.37,53,1.1,-1.625
2026-09-07T08:38:07.435809+00:00,2.12579,885.878,108,36.73,63.27,0,5902.2,4.9876,54.65,11.334,2149.87,32.81,37.87,448.317,6.25,8.566,1.39,51.45,48.55,0,5902.2,5.5842,54.65,11.7877,1317.86,20.31,25.59,2104.51,35.94,41.2,1.39,17.87,76.77,5.36,5026.09,3.2481,46.5379,9.19685,965.137,15.62,18.62,171.982,4.688,3.323,1.39,48.17,51.83,0,5026.09,7.1755,46.5379,15.5995,2159.26,31.25,42.16,1080.15,18.75,21,1.39,14.05,77.2,8.753,5026.09,2.7403,46.5379,7.40473,744.744,14.06,14.32,156.285,3.125,3.027,1.39,25.69,72.17,2.132,5026.09,4.1043,46.5379,9.02205,1419.28,21.88,27.61,203.975,4.688,3.94,1.39,11.47,88.53,0,5902.2,2.7374,54.65,5.76722,593.607,9.375,11.24,168.922,6.25,3.055,1.39,7.151,92.85,0,5902.2,2.2688,54.65,3.50198,253.573,4.688,4.665,236.589,3.125,4.263,1.39,19.75,27.11,37.002,20.7925,97.5,5.282,62.062,62.987,9.7832,11.693,27.245,26.375,54.504,14.55,16.9,2.28036,0.979634,9.75,2200,5750,0,9.34615,15.5,5876.64,7.20094,35.94,6.206,6.206,0,0,0,11.59,21.89,3200,38.9604,1.195,41.6878,1.375,53,1.1,-1.625
2026-09-07T08:38:08.201803+00:00,1.28464,514.57,108,22.94,77.06,0,5902.2,3.9928,54.65,8.01541,1360.43,17.19,23.61,226.57,3.125,4.276,1.39,26.61,73.39,0,5896.8,4.8424,54.6,8.73697,1220.32,17.19,23.67,462.842,9.375,8.915,1.39,5.933,85.65,8.413,5021.49,2.1344,46.4953,5.4623,289.915,6.25,5.595,98.8622,1.562,1.93,1.39,52.1,47.9,0,5021.49,5.0762,46.4953,8.30887,2640.4,46.88,51.7,515.137,4.688,10.02,1.39,4.003,80.96,15.04,5021.49,1.7486,46.4953,4.20516,198.338,3.125,3.85,70.8634,0,1.38,1.39,9.286,86.82,3.891,5021.49,2.5031,46.4953,4.09306,495.219,9.375,9.551,93.969,0,1.825,1.39,4.482,95.52,0,5896.8,2.1697,54.6,3.62112,230.907,4.688,4.376,91.3023,1.562,1.591,1.39,3.116,96.88,0,5896.8,1.9664,54.6,1.59519,109.34,0,1.871,128.711,3.125,2.29,1.39,18.375,20.245,28.134,16.4484,70,5.2595,52.694,52.713,9.6503,11.534,20.241,25,45.453,8.008,9.778,0.710978,0.332568,7,2200,5750,0,9.37821,15.75,5915.58,5.4732,46.88,5.269,5.269,0,0,0,8.613,17.31,3200,38.9028,1.195,41.6533,1.391,53,1.1,-1.625
2026-09-07T08:38:09.219016+00:00,2.01065,814.783,108,32.61,67.39,0,5896.8,4.9109,54.6,10.167,1928.3,28.12,31.53,431.083,7.812,8.116,1.38,55.22,44.78,0,5026.09,5.9916,46.5379,11.5969,2824.29,50,54.82,594.228,9.375,11.16,1.39,11.86,86.14,2.007,5026.09,2.9049,46.5379,7.45821,629.5,7.812,11.85,100.643,3.125,1.958,1.39,64.53,35.47,0,5026.09,8.1312,46.5379,16.5579,1113.39,15.62,21.48,3067.26,50,59.79,1.39,7.922,86.64,5.439,5026.09,2.421,46.5379,5.75627,414.072,9.375,7.845,83.2455,1.562,1.629,1.39,18.74,81.26,0,5026.09,3.5802,46.5379,7.28978,1014.12,23.44,19.02,118.53,1.562,2.31,1.39,6.249,93.75,0,5902.2,2.4246,54.65,4.38328,316.378,3.125,5.875,110.175,1.562,1.863,1.39,3.936,96.06,0,5902.2,2.1826,54.65,2.59877,147.516,3.125,2.653,143.793,1.562,2.6,1.39,18.875,24.464,33.915,20.1845,74.5,5.3742,58.655,58.497,9.7221,11.619,24.429,24.625,51.446,13.57,15.28,0.942107,0.365954,7.45,2200,5750,0,9.23718,15.5,5905.41,6.58158,50,5.865,5.865,0,0,0,10.4,21.25,3200,38.9618,1.195,41.7811,1.388,53,1.1,-1.625
2026-09-07T08:38:10.236291+00:00,1.73182,698.858,108,28.46,71.54,0,5907.6,4.4229,54.7,9.0268,1682.81,25,28.58,348.833,7.812,6.544,1.39,39.25,60.75,0,5896.8,5.9743,54.6,11.4418,1764.8,29.69,34.14,735.752,9.375,13.94,1.385,11.85,82.27,5.884,5021.49,2.6888,46.4953,6.80536,588.588,7.812,11.2,152.22,0,2.958,1.385,56.97,43.03,0,5896.8,5.7552,54.6,10.6998,2737.09,46.88,53.32,783.296,9.375,14.95,1.385,8.476,80.18,11.34,5021.49,2.2225,46.4953,5.27831,447.48,9.375,8.536,87.6799,0,1.697,1.385,16.77,81.81,1.425,5896.8,3.3162,54.6,6.16909,890.109,17.19,16.99,160.889,1.562,3.108,1.385,6.689,93.31,0,5896.8,2.3896,54.6,4.16207,340.963,3.125,6.362,117.562,0,2.11,1.385,4.724,95.28,0,5896.8,2.1934,54.6,2.48635,163.15,1.562,2.834,180.503,3.125,3.271,1.385,18.375,23.123,32.021,17.5177,79,5.8392,57.799,57.826,10.107,12.079,23.117,23.75,50.523,10.74,13.16,1.23648,0.457309,7.9,2200,5750,0,9.50641,15.75,5907.52,6.06976,46.88,5.78,5.78,0,0,0,9.837,18.44,3200,38.976,1.195,41.7595,1.388,53,1.1,-1.625
2026-09-07T08:38:11.255365+00:00,1.2198,490.217,108,21.73,78.27,0,5902.2,3.8728,54.65,7.55904,1290.93,14.29,22.66,191.093,6.349,3.629,1.4,29.96,70.04,0,5907.6,4.6492,54.7,8.11166,1481.36,23.81,28.81,412.225,4.762,7.805,1.4,7.686,81.55,10.76,5030.69,2.2218,46.5805,5.44436,395.4,11.11,7.64,89.293,3.175,1.733,1.4,41.34,58.66,0,5030.69,4.888,46.5805,8.28512,1961.83,33.33,38.34,589.472,7.937,11.43,1.4,4.86,80.01,15.13,5030.69,1.8317,46.5805,4.06042,231.748,3.175,4.456,85.1746,1.587,1.643,1.4,9.223,87.6,3.179,5030.69,2.4944,46.5805,4.01687,484.04,7.937,9.257,97.0505,1.587,1.879,1.4,4.224,95.78,0,5030.69,2.1125,46.5805,3.25038,206.335,1.587,3.812,97.3104,1.587,1.725,1.4,2.947,97.05,0,5907.6,1.9489,54.7,1.50843,115.623,1.587,1.979,114.58,1.587,2.046,1.395,17.375,19.983,27.765,16.3912,74,5.8381,53.532,53.617,10.067,12.031,20.039,22.75,46.218,7.837,9.303,0.609139,0.262686,7.4,2200,5750,0,9.28846,15.5,5917.12,5.11531,33.33,5.353,5.353,0,0,0,8.527,17.25,3200,38.9698,1.195,41.7936,1.391,53,1.1,-1.625
2026-09-07T08:38:12.273034+00:00,1.46739,593.078,108,25.96,74.04,0,5848.2,4.3852,54.15,8.64236,1538.08,21.88,26.37,287.709,4.688,5.415,1.365,33.06,66.94,0,5880.6,5.3658,54.45,9.73239,1456.7,20.31,28.29,648.691,17.19,12.46,1.375,9.072,82.66,8.269,5880.6,2.4356,54.45,6.05232,485.953,9.375,9.347,91.1422,1.562,1.764,1.375,49.05,50.95,0,5880.6,5.3042,54.45,9.14311,987.663,12.5,19.1,2034.07,37.5,39.65,1.375,6.75,84.55,8.703,5880.6,2.1882,54.45,4.751,356.725,4.688,6.824,81.871,0,1.59,1.375,13.16,83.2,3.639,5880.6,2.9161,54.45,4.88786,688.535,14.06,13.2,139.346,1.562,2.705,1.375,5.883,94.12,0,5880.6,2.2768,54.45,3.71054,303.153,6.25,5.651,104.927,1.562,1.834,1.375,3.802,96.2,0,5880.6,2.0737,54.45,1.82443,136.277,4.688,2.426,148.411,0,2.683,1.375,18.375,22.116,30.675,16.9021,78,5.8319,56.322,56.157,10.081,12.048,22.058,22.125,49.138,9.863,11.21,0.971594,0.382248,7.8,2200,5750,0,9.37821,15.5,5910.94,5.49625,37.5,5.632,5.632,0,0,0,9.386,17.79,3200,38.985,1.195,41.7562,1.389,53,1.1,-1.625
2026-09-07T08:38:13.291855+00:00,1.60864,661.126,108,27.4,72.6,0,5880.6,4.4653,54.45,9.12438,1620.27,20,27.8,375.287,7.692,7.054,1.395,42.06,57.94,0,5891.4,5.4175,54.55,10.1459,2124.74,40,41.3,531.559,6.154,10.05,1.39,10.51,84.72,4.774,5016.9,2.6862,46.4527,6.73441,552.535,10.77,10.64,135.442,1.538,2.641,1.39,44.66,55.34,0,5891.4,5.6145,54.55,10.6439,2202.71,35.38,42.97,613.7,6.154,11.59,1.39,8.169,82.11,9.721,5016.9,2.2943,46.4527,5.31522,423.635,12.31,8.179,112.45,0,2.176,1.39,14.86,84.03,1.113,5891.4,3.2114,54.55,6.04208,781.789,12.31,14.96,185.945,0,3.611,1.39,7.931,92.07,0,5891.4,2.5331,54.55,4.36312,406.34,4.615,7.743,135.525,1.538,2.403,1.39,5.272,94.73,0,5891.4,2.2453,54.55,2.58428,234.283,4.615,4.339,141.792,1.538,2.548,1.39,17.875,23.223,32.144,17.3908,103.5,5.8506,58.029,58.225,10.134,12.11,23.257,22,50.69,10.29,12.5,1.33495,0.472729,10.35,2200,5750,0,9.55128,16.25,5905.27,5.84505,40,5.803,5.803,0,0,0,9.897,18.31,3200,38.9851,1.195,41.603,1.388,53,1.1,-1.625
2026-09-07T08:38:14.309619+00:00,2.5077,1014.4,108,43.17,56.83,0,5875.2,5.8627,54.4,12.4122,2538.52,31.25,43.08,530.717,3.125,9.982,1.375,58.3,41.7,0,5788.8,8.2181,53.6,16.6715,2680.01,48.44,51.92,1065.33,15.62,20.19,1.36,19.08,80.67,0.2505,5788.8,3.5928,53.6,9.36583,1043.87,17.19,19.73,133.235,3.125,2.574,1.36,70.13,29.87,0,5788.8,7.3179,53.6,14.8701,3457.02,50,67.49,970.585,17.19,18.41,1.36,14.41,82.91,2.68,5788.8,3.0769,53.6,7.43505,772.449,7.812,14.66,132.611,3.125,2.574,1.36,27.93,72.07,0,5788.8,4.4795,53.6,9.02085,1527.83,20.31,28.96,194.032,0,3.741,1.36,11.14,88.86,0,5788.8,2.8819,53.6,5.65754,587.62,12.5,11.04,137.377,1.562,2.477,1.36,6.612,93.39,0,5788.8,2.42,53.6,3.42764,228.016,4.688,4.039,231.162,3.125,4.214,1.36,27,29.626,40.684,21.0956,80.5,5.7671,66.285,65.49,10.107,12.078,29.476,24.75,59.106,14.94,19.07,2.14088,1.32155,8.05,2200,5750,0,9.60897,16.5,5882.77,7.41746,50,6.628,6.628,0,0,0,12.54,22.21,3200,38.9849,1.195,41.8161,1.378,53,1.1,-1.625
2026-09-07T08:38:15.326135+00:00,2.80105,1154.41,108,43.64,56.36,0,5875.2,6.0144,54.4,13.5933,2561.82,43.75,44.06,589.175,12.5,11.21,1.385,58.4,41.6,0,5880.6,8.3036,54.45,18.7197,2420.46,37.5,47.13,1546.3,20.31,29.95,1.385,21.96,76.16,1.881,5880.6,3.8134,54.45,10.6958,1186.01,14.06,22.72,187.994,1.562,3.585,1.385,84.7,15.3,0,5880.6,9.8942,54.45,21.3551,2334.24,37.5,45.63,3100.31,45.31,60.57,1.385,17.06,78.02,4.927,5880.6,3.2024,54.45,8.45512,913.224,9.375,17.44,160.075,1.562,3.065,1.385,30.47,68.71,0.8249,5880.6,4.6942,54.45,10.7963,1546.98,25,29.78,362.123,9.375,6.976,1.385,14.71,85.29,0,5880.6,3.0646,54.45,6.45587,761.848,7.812,14.25,175.128,1.562,3.253,1.385,9.171,90.83,0,5880.6,2.541,54.45,4.15058,320.198,3.125,5.979,304.72,0,5.655,1.385,30.375,33.879,46.514,26.2309,85,5.3097,71.549,72.134,9.747,11.649,34.003,27.5,64.005,16.89,21.95,2.30219,0.942267,8.5,2200,5750,0,9.44231,15.75,5872.34,8.45524,45.31,7.155,7.155,0,0,0,14.47,27.61,3200,39.001,1.195,41.8686,1.375,53,1.1,-1.625
2026-09-07T08:38:16.343146+00:00,2.10663,833.874,108,29.95,70.05,0,5896.8,4.8757,54.6,10.603,1766.45,20.63,30.45,319.708,1.587,6.069,1.39,54.85,45.15,0,5902.2,6.341,54.65,14.6521,1056.11,17.46,20.5,2360.13,41.27,46.15,1.395,10.24,85.95,3.81,5026.09,2.6545,46.5379,7.47841,526.869,3.175,10.22,115.053,0,2.244,1.395,84.29,15.71,0,5902.2,12.219,54.65,25.7134,1146.43,17.46,22.4,3995,66.67,78.29,1.395,5.945,84.82,9.232,5026.09,2.0523,46.5379,5.4552,278.947,0,5.447,104.107,0,2.024,1.395,16.12,83.09,0.7859,5026.09,3.3516,46.5379,8.46097,779.606,15.87,15.12,223.886,0,4.369,1.395,5.913,94.09,0,5902.2,2.3296,54.65,4.39684,287.768,6.349,5.566,122.345,1.587,2.297,1.395,3.359,96.64,0,5026.09,2.0224,46.5379,2.70934,132.241,1.587,2.483,127.324,0,2.425,1.395,26,29.178,40.311,27.4919,78.5,5.2891,64.964,64.927,9.6672,11.555,29.191,29.125,57.684,12.1,16.01,0.922221,0.38026,7.85,2200,5750,0,9.62821,16.25,5888.87,7.57605,66.67,6.496,6.496,0,0,0,12.42,28.94,3200,38.99,1.195,41.8143,1.382,53,1.1,-1.625
2026-09-07T08:38:17.360917+00:00,2.00086,791.562,108,28.75,71.25,0,5902.2,4.8438,54.65,10.2346,1701.49,27.69,30.35,250.933,1.538,4.734,1.395,43.75,56.25,0,5880.6,6.6963,54.45,15.0302,1002,15.38,19.47,1709.23,26.15,33.34,1.385,8.599,87.01,4.389,5880.6,2.5178,54.45,7.02843,419.432,7.692,8.114,128.075,1.538,2.497,1.385,86.29,13.71,0,5880.6,10.232,54.45,20.8103,801.333,13.85,15.62,4522.36,70.77,88.73,1.385,6.307,82.86,10.84,5007.7,2.1315,46.3676,5.43136,276.142,7.692,5.379,131.273,4.615,2.558,1.385,17.56,81.38,1.061,5880.6,3.6854,54.45,8.4398,931.219,15.38,18.09,148.835,1.538,2.895,1.385,5.898,94.1,0,5880.6,2.3848,54.45,4.3858,284.052,9.231,5.431,126.482,3.077,2.359,1.385,2.941,97.06,0,5880.6,2.0506,54.45,2.73113,109.184,1.538,2.044,122.955,1.538,2.349,1.385,27.5,28.38,39.384,23.7469,79,5.2921,63.912,63.894,9.6552,11.54,28.319,28.5,56.745,13.08,15.25,0.769655,0.342114,7.9,2200,5750,0,9.64744,16.25,5903.55,7.34546,70.77,6.391,6.391,0,0,0,12.05,25,3200,38.9901,1.195,41.8421,1.389,53,1.1,-1.625
2026-09-07T08:38:18.379255+00:00,2.03737,812.257,108,28.78,71.22,0,5896.8,4.7149,54.6,10.2067,1701.56,23.81,29.09,336.572,3.175,6.313,1.39,58.27,41.73,0,5875.2,8.7645,54.4,18.8341,1237.37,23.81,24.03,2441.85,44.44,47.72,1.385,11.22,85.09,3.697,5875.2,2.8491,54.4,7.60639,555.227,6.349,10.74,145.635,3.175,2.844,1.385,74.66,25.34,0,5875.2,8.5792,54.4,17.8629,2301.2,42.86,45.09,2251.51,31.75,43.96,1.385,5.841,83.78,10.38,5875.2,2.1043,54.4,5.4839,264.159,6.349,5.102,118.513,1.587,2.311,1.385,15.89,83.48,0.6342,5875.2,3.4181,54.4,7.54452,854.778,15.87,16.5,132.431,0,2.581,1.385,6.116,93.88,0,5875.2,2.4231,54.4,4.46076,317.306,6.349,6.068,106.983,1.587,1.989,1.385,2.97,97.03,0,5875.2,2.0338,54.4,2.53006,108.447,0,2.025,122.567,1.587,2.337,1.385,26.5,28.325,39.278,23.603,82,5.2883,63.989,63.896,9.6723,11.56,28.373,27.875,56.656,13.29,15.54,0.984402,0.380545,8.2,2200,5750,0,9.5641,15.75,5900.91,7.57734,44.44,6.399,6.399,0,0,0,12.07,24.85,3200,38.9899,1.195,41.7847,1.387,53,1.1,-1.625
2026-09-07T08:38:19.397536+00:00,2.28421,905.079,108,35.34,64.66,0,5902.2,5.2885,54.65,11.4072,2087.87,27.69,35.86,366.678,6.154,6.886,1.395,77.13,22.87,0,5859,9.8988,54.25,19.5388,3658.58,52.31,71.58,1093.87,15.38,21.16,1.37,12.76,86.28,0.9652,5859,3.0384,54.25,8.23716,678.003,3.077,12.76,118.631,0,2.309,1.37,60.46,39.54,0,5859,6.9722,54.25,14.7089,3158.99,55.38,61.7,568.324,6.154,10.84,1.37,8.749,88.1,3.15,5859,2.5708,54.25,6.3735,451.976,10.77,8.584,106.599,1.538,2.077,1.37,22.92,76.84,0.2333,5859,4.0356,54.25,8.17236,1213.04,15.38,23,200.659,1.538,3.894,1.37,7.412,92.59,0,5869.8,2.5508,54.35,4.93146,378.121,7.692,7.113,123.386,0,2.299,1.38,3.647,96.35,0,5869.8,2.1515,54.35,2.74377,125.935,0,2.243,150.598,0,2.798,1.38,33.25,28.046,38.932,22.2797,81,5.2869,63.506,63.615,9.6321,11.512,28.022,27.375,56.26,12.69,17.19,0.9927,0.380838,8.1,2200,5750,0,9.28205,16,5901.83,7.72994,55.38,6.351,6.351,0,0,0,11.92,23.45,3200,38.9811,1.195,41.8305,1.389,53,1.1,-1.625
2026-09-07T08:38:20.417552+00:00,1.9186,760.241,108,29.01,70.99,0,5902.2,4.6149,54.65,9.87249,1713.56,30.16,29.24,331.304,4.762,6.174,1.39,65.36,34.64,0,5907.6,8.6834,54.7,17.0939,3345.8,53.97,65.24,678.309,9.524,13.11,1.395,11.29,84.96,3.755,5030.69,2.8078,46.5805,7.41525,588.041,7.937,11.35,107.803,3.175,2.097,1.395,53.67,46.33,0,5907.6,6.3705,54.7,13.1464,2812.08,47.62,55.02,488.153,3.175,9.414,1.395,7.069,83.76,9.171,5030.69,2.2197,46.5805,5.55228,335.092,6.349,6.461,111.076,1.587,2.169,1.395,16.2,82.49,1.308,5030.69,3.2889,46.5805,6.60757,846.614,19.05,16.27,145.876,3.175,2.848,1.395,5.964,94.04,0,5907.6,2.3547,54.7,4.39142,295.663,6.349,5.587,115.281,0,2.161,1.395,3.31,95.47,1.216,5907.6,1.9993,54.7,2.25288,129.444,1.587,2.438,119.751,1.587,2.28,1.395,28.875,27.346,37.856,21.095,75,5.2496,62.506,62.465,9.6773,11.567,27.371,26.875,55.197,12.5,14.49,1.02866,0.381337,7.5,2200,5750,0,9.27564,16.5,5900.99,6.94672,53.97,6.251,6.251,0,0,0,11.65,22.21,3200,38.985,1.195,41.7894,1.386,53,1.1,-1.625
2026-09-07T08:38:21.435479+00:00,1.33897,542.58,108,21.94,78.06,0,5902.2,3.8717,54.65,7.90467,1303.5,16.92,22.62,225.444,4.615,4.286,1.395,44.53,55.47,0,5886,5.1888,54.5,9.46204,1111.27,15.38,21.61,1735.13,29.23,33.98,1.395,7.685,82.53,9.788,5012.3,2.2616,46.4102,5.87005,391.985,6.154,7.64,103.362,1.538,2.002,1.395,36.46,63.54,0,5886,5.7648,54.5,11.0208,1890.8,29.23,36.93,341.274,6.154,6.605,1.395,5.626,79.78,14.59,5012.3,1.916,46.4102,4.49543,286.133,6.154,5.577,81.054,1.538,1.559,1.395,10.4,86.71,2.882,5012.3,2.7032,46.4102,4.99085,537.503,9.231,10.43,130.784,3.077,2.541,1.395,3.94,96.06,0,5886,2.0818,54.5,3.4477,182.256,6.154,3.389,109.12,1.538,1.942,1.395,3.316,96.68,0,5886,1.9831,54.5,1.87537,135.629,3.077,2.445,116.038,1.538,2.008,1.395,19.375,24.708,34.325,17.7174,82.5,5.2669,58.922,58.873,9.703,11.598,24.688,25.625,51.716,8.846,10.35,0.637425,0.269734,8.25,2200,5750,0,9.39103,15.75,5916.22,5.70549,29.23,5.892,5.892,0,0,0,10.51,18.65,3200,38.9654,1.195,41.7498,1.391,53,1.1,-1.5625
2026-09-07T08:38:23.450515+00:00,1.23932,496,108,21.25,78.75,0,5896.8,3.8703,54.6,7.62396,1262.55,21.88,22.37,182.968,3.125,3.442,1.395,35.04,64.96,0,5902.2,5.0066,54.65,8.81364,1882.35,28.12,36.75,291.724,7.031,5.577,1.39,6.566,84.48,8.958,5464.15,2.1797,50.5939,5.46262,327.776,10.16,6.369,99.8739,3.125,1.934,1.39,38.77,61.23,0,5464.15,4.9621,50.5939,8.70493,2028.27,32.81,39.67,347.417,7.031,6.702,1.393,4.631,80.19,15.18,5026.09,1.8035,46.5379,4.12118,228.143,3.906,4.443,78.5912,1.562,1.512,1.393,9.548,86.59,3.864,5464.15,2.5593,50.5939,4.29682,497.86,8.594,9.671,115.096,1.562,2.227,1.393,4.963,95.04,0,5902.2,2.203,54.65,3.49416,250.338,6.25,4.647,99.9082,1.562,1.745,1.393,3.172,96.83,0,5902.2,1.9773,54.65,1.63929,129.561,1.562,2.331,113.569,2.344,2.022,1.393,18.125,23.063,32.052,16.6996,76,5.274,56.753,56.875,9.7352,11.635,23.074,23.8125,49.489,8.789,9.463,0.789288,0.312934,7.6,2200,5750,0,9.55769,16.125,5915.8,5.30909,40.62,5.675,5.675,0,0,0,9.819,17.58,3200,38.9875,1.195,41.7282,1.392,53,1.1,-1.5625
2026-09-07T08:38:24.216366+00:00,1.12518,448.939,108,19.16,80.84,0,5902.2,3.6603,54.65,7.20629,1140.13,17.19,20.01,180.602,3.125,3.411,1.395,43.04,56.96,0,5886,4.9211,54.5,7.93344,2406.61,40.62,47.04,224.558,4.688,4.29,1.385,5.353,84.42,10.23,5012.3,2.0014,46.4102,5.04583,269.306,4.688,5.237,78.7105,0,1.518,1.385,25.74,74.17,0.09412,5886,4.4783,54.5,7.94143,1261.84,28.12,24.59,310.385,0,5.963,1.385,4.599,79.61,15.79,5012.3,1.8017,46.4102,4.00962,222.422,1.562,4.342,78.9388,0,1.522,1.385,7.967,86.59,5.443,5886,2.3551,54.5,3.67358,418.147,6.25,8.112,90.8991,0,1.758,1.385,3.754,96.25,0,5886,2.0693,54.5,3.24113,179.869,0,3.368,94.0839,0,1.602,1.385,2.903,97.1,0,5886,1.9388,54.5,1.36126,118.061,0,2.019,108.462,0,1.925,1.385,24.625,23.988,33.335,16.3384,85.5,5.2726,57.925,57.769,9.72,11.617,23.951,22.375,50.752,6.641,8.545,0.461103,0.219035,8.55,2200,5750,0,9.27564,16,5918.72,5.13249,40.62,5.793,5.793,0,0,0,10.19,17.2,3200,38.97,1.195,41.7403,1.391,53,1.1,-1.5625
2026-09-07T08:38:25.233265+00:00,1.20863,486.06,108,21.06,78.94,0,5907.6,3.815,54.7,7.64899,1251.99,14.06,21.39,217.889,3.125,4.111,1.4,39.92,60.08,0,5030.69,4.9781,46.5805,8.29347,2205.38,34.38,43.12,263.635,3.125,5.074,1.395,6.483,84.89,8.632,5030.69,2.1784,46.5805,5.51859,327.31,4.688,6.383,88.4493,0,1.726,1.395,33.43,66.57,0,5030.69,4.7146,46.5805,8.19598,1474.42,23.44,28.79,593.821,9.375,11.55,1.395,4.238,81.53,14.23,5030.69,1.8077,46.5805,4.13643,213.935,3.125,4.177,67.825,0,1.313,1.395,8.516,87.19,4.293,5030.69,2.4153,46.5805,3.75264,426.712,1.562,8.282,110.52,0,2.146,1.395,4.469,95.53,0,5907.6,2.1611,54.7,3.50314,208.883,3.125,3.941,109.467,1.562,1.851,1.395,2.748,97.25,0,5907.6,1.9373,54.7,1.36432,102.886,0,1.804,113.838,0,2.047,1.395,19.375,21.69,30.149,16.4609,73,5.2419,54.745,55.018,9.6005,11.475,21.776,21.5,47.389,6.348,9.231,0.631211,0.249483,7.3,2200,5750,0,9.51282,16.25,5915.6,5.31244,34.38,5.475,5.475,0,0,0,9.266,17.33,3200,38.9698,1.195,41.7427,1.392,52.9045,1.1,-1.5625
2026-09-07T08:38:26.250953+00:00,1.21551,492.519,108,20.98,79.02,0,5907.6,3.7952,54.7,7.50639,1246.99,14.29,21.31,224.383,3.175,4.186,1.395,51.09,48.91,0,5907.6,5.5214,54.7,9.1622,2761.5,44.44,53.89,429.093,7.937,8.183,1.395,5.405,86.55,8.048,5030.69,2.0952,46.5805,5.23597,285.256,9.524,5.478,71.5732,1.562,1.385,1.395,24.49,75.51,0,5907.6,4.5777,54.7,8.47345,772.562,9.524,14.86,747.15,7.937,14.26,1.395,3.827,80.77,15.4,5030.69,1.7818,46.5805,4.04647,184.499,3.175,3.563,77.038,1.562,1.498,1.395,8.958,90,1.046,5030.69,2.5825,46.5805,4.22971,462.403,14.29,8.873,106.286,4.688,2.072,1.395,3.952,96.05,0,5907.6,2.1358,54.7,3.40468,204.695,1.587,3.854,83.0763,1.587,1.408,1.395,2.853,97.15,0,5030.69,1.9805,46.5805,1.64416,92.4126,1.587,1.578,131.389,3.175,2.303,1.395,20.75,21.762,30.247,16.4992,73.5,5.2743,54.786,54.651,9.6405,11.522,21.754,20.875,47.572,8.127,9.294,0.469822,0.222166,7.35,2200,5750,0,9.23077,15.5,5916.86,5.40093,44.44,5.479,5.479,0,0,0,9.257,17.37,3200,38.98,1.195,41.7555,1.392,53,1.1,-1.5625
2026-09-07T08:38:27.267960+00:00,1.1907,482.066,108,19.94,80.06,0,5902.2,3.6688,54.65,7.2725,1184.69,14.06,20.37,203.508,7.812,3.815,1.395,26.39,73.61,0,5907.6,4.891,54.7,8.73787,1369.75,12.5,26.52,311.158,0,5.878,1.395,5.973,85.56,8.466,5030.69,2.1127,46.5805,5.28838,307.964,3.125,5.941,79.3133,0,1.538,1.395,46.28,53.72,0,5907.6,5.0812,54.7,8.53625,2280.15,34.38,44.61,586.047,6.25,11.27,1.395,4.123,79.62,16.25,5030.69,1.7655,46.5805,4.05338,190.817,3.125,3.686,86.4114,1.562,1.676,1.395,8.927,89.86,1.212,5907.6,2.5549,54.7,4.06675,463.578,1.562,8.887,103.176,1.562,2.007,1.395,4.76,95.24,0,5907.6,2.1787,54.7,3.46538,213.55,1.562,3.976,120.484,0,2.077,1.395,2.681,97.32,0,5907.6,1.9456,54.7,1.47813,91.938,1.562,1.565,120.532,0,2.178,1.395,22.25,20.847,28.974,16.4864,71,5.2636,53.513,53.623,9.6638,11.55,20.822,20.375,46.314,5.566,9.124,0.611357,0.248098,7.1,2200,5750,0,9.33333,15.5,5916.25,5.35063,34.38,5.351,5.351,0,0,0,8.86,17.35,3200,38.966,1.195,41.767,1.391,53,1.1,-1.5625
2026-09-07T08:38:28.286020+00:00,1.18872,484.43,108,22.68,77.32,0,5896.8,4.0119,54.6,7.8498,1346.89,15.38,22.16,283.174,3.077,5.338,1.385,24.69,75.31,0,5907.6,4.6878,54.7,8.40304,1194.2,16.92,23.06,368.727,3.077,6.907,1.395,5.96,86.83,7.214,5030.69,2.1853,46.5805,5.41403,308.527,3.077,5.969,82.232,0,1.603,1.395,45.91,54.09,0,5907.6,4.9881,54.7,8.37451,2021.56,29.23,39.48,805.702,7.692,15.53,1.395,4.14,81.16,14.7,5030.69,1.7878,46.5805,4.04027,201.545,1.538,3.902,74.882,0,1.442,1.395,8.825,88.19,2.986,5030.69,2.5027,46.5805,4.09585,474.19,3.077,9.083,85.1936,1.538,1.651,1.395,3.886,96.11,0,5907.6,2.1083,54.7,3.30484,196.807,1.538,3.617,87.188,0,1.507,1.395,2.775,97.22,0,5907.6,1.9798,54.7,1.62451,94.107,0,1.572,125.954,0,2.296,1.395,16.875,20.921,29.077,16.4124,71.5,5.2567,53.603,53.364,9.6524,11.536,20.905,19.875,46.395,5.385,9.07,0.512465,0.21988,7.15,2200,5750,0,9.42308,15.5,5917.53,5.2731,29.23,5.36,5.36,0,0,0,8.896,17.28,3200,38.9605,1.195,41.7134,1.391,53,1.1,-1.5625
2026-09-07T08:38:29.303269+00:00,1.28836,518.993,108,23.17,76.83,0,5896.8,3.8749,54.6,7.74449,1376.79,14.06,23.37,225.79,1.562,4.251,1.39,34.71,65.29,0,5030.69,5.2557,46.5805,9.38313,1787.3,25,34.65,385.695,3.125,7.168,1.39,7.033,85.49,7.473,5030.69,2.2811,46.5805,5.67067,378.615,4.688,7.256,71.1405,0,1.386,1.39,42.27,57.73,0,5030.69,5.1416,46.5805,9.19219,1933.33,29.69,37.77,679.811,9.375,12.98,1.39,5.325,81.92,12.76,5030.69,1.9637,46.5805,4.45433,267.964,1.562,5.165,78.7306,0,1.524,1.39,9.391,88.1,2.51,5030.69,2.5457,46.5805,4.36336,511.402,3.125,9.63,87.4497,0,1.698,1.395,4.071,95.93,0,5907.6,2.1538,54.7,3.53378,208.939,0,3.819,85.8637,0,1.483,1.395,2.869,97.13,0,5907.6,2.0104,54.7,1.78428,94.9318,0,1.626,130.135,0,2.322,1.395,15.5,22.392,31.119,16.5791,74.5,5.2768,55.706,55.909,9.6381,11.519,22.413,19.75,48.442,5.762,9.757,0.605222,0.241252,7.45,2200,5750,0,9.41667,15.75,5916.84,5.51714,29.69,5.571,5.571,0,0,0,9.538,17.45,3200,38.97,1.195,41.6917,1.391,53,1.1,-1.5625
2026-09-07T08:38:30.320033+00:00,1.33515,544.7,108,23.62,76.38,0,5902.2,4.0102,54.65,7.96172,1401.94,23.44,24.27,238.642,7.812,4.474,1.395,47.47,52.53,0,5891.4,5.3211,54.55,8.92758,1070.91,17.19,20.75,1962.78,32.81,38.36,1.385,8.042,85.4,6.561,5891.4,2.4011,54.55,5.93763,415.775,6.25,8.015,111.358,3.125,2.159,1.385,28.61,71.39,0,5891.4,4.9856,54.55,9.15135,901.189,10.94,17.36,876.012,15.62,16.9,1.385,6.108,82.76,11.13,5891.4,2.0625,54.55,4.59262,311.837,3.125,6.03,84.1485,1.562,1.62,1.385,11.39,86.92,1.693,5891.4,2.8209,54.55,4.68248,606.856,7.812,11.67,125.435,1.562,2.428,1.385,4.754,95.25,0,5891.4,2.2062,54.55,3.58233,241.281,4.688,4.456,99.8579,1.562,1.749,1.385,3.527,96.47,0,5891.4,2.0433,54.55,1.70658,129.284,3.125,2.214,137.89,3.125,2.462,1.385,20.75,22.119,30.723,16.5122,77.5,5.276,55.279,55.182,9.6875,11.578,22.059,19.5,48.105,8.984,10.31,0.874297,0.384767,7.75,2200,5750,0,9.34615,15.75,5915.4,5.43373,32.81,5.528,5.528,0,0,0,9.387,17.38,3200,38.9598,1.195,41.7851,1.391,53,1.1,-1.5625
2026-09-07T08:38:31.339608+00:00,1.35579,551.604,108,24.49,75.51,0,5902.2,4.105,54.65,8.26689,1453.27,21.88,23.48,313.528,6.25,5.842,1.395,30.52,69.48,0,5896.8,5.0672,54.6,9.38664,1336.03,23.44,25.52,580.458,3.125,10.68,1.39,7.371,87.64,4.993,5896.8,2.4166,54.6,6.06306,384.57,6.25,7.348,84.1332,0,1.644,1.39,49.72,50.28,0,5896.8,5.3134,54.6,9.374,2231.05,34.38,43.57,873.756,15.62,16.42,1.39,4.747,85.41,9.845,5896.8,2.0102,54.6,4.64077,238.765,1.562,4.59,74.7822,1.562,1.453,1.39,11.23,88.14,0.6232,5896.8,2.8919,54.6,5.10986,587.787,7.812,11.11,114.108,1.562,2.222,1.39,4.539,95.46,0,5896.8,2.2426,54.6,3.78716,214.145,4.688,3.966,108.651,0,1.809,1.39,2.959,97.04,0,5896.8,2.074,54.6,2.07933,99.5803,0,1.694,131.063,0,2.385,1.39,23.125,24.337,33.812,16.5323,70.5,5.2374,58.286,58.313,9.5966,11.47,24.341,19.375,51.043,8.008,10.23,0.62169,0.242795,7.05,2200,5750,0,9.45513,16,5914.84,5.68193,34.38,5.829,5.829,0,0,0,10.36,17.4,3200,38.98,1.195,41.8198,1.391,53,1.1,-1.5625
2026-09-07T08:38:32.355557+00:00,1.25449,505.791,108,22.77,77.23,0,5907.6,3.9947,54.7,8.07477,1351.09,25,22.57,257.402,6.25,4.797,1.395,27.14,72.86,0,5902.2,4.8168,54.65,8.81801,1164.25,18.75,22.37,556.402,6.25,10.46,1.395,6.328,87.77,5.901,5902.2,2.2305,54.65,5.67172,326.579,9.375,6.254,87.4672,3.125,1.697,1.395,47.66,52.34,0,5902.2,5.1787,54.65,8.94589,2255.9,39.06,44.1,635.391,10.94,12.05,1.395,4.167,81.88,13.95,5902.2,1.8357,54.65,4.33555,208.406,6.25,3.997,72.0246,1.562,1.393,1.395,10.58,88.62,0.8028,5902.2,2.8006,54.65,4.76829,563.08,10.94,10.77,100.895,3.125,1.957,1.395,4.064,95.94,0,5902.2,2.1602,54.65,3.60308,207.026,4.688,3.742,88.2237,1.562,1.497,1.395,2.742,97.26,0,5902.2,2.0006,54.65,1.82252,92.3468,4.688,1.581,126.174,1.562,2.256,1.395,20.25,21.741,30.213,16.4873,77,5.2601,54.801,54.839,9.6222,11.5,21.79,19.25,47.499,9.57,9.466,0.615542,0.241253,7.7,2200,5750,0,9.35897,16,5916.46,5.55511,39.06,5.48,5.48,0,0,0,9.272,17.36,3200,38.9148,1.195,41.7194,1.391,53,1.1,-1.5625
2026-09-07T08:38:33.372751+00:00,1.3453,539.287,108,25.03,74.97,0,5896.8,4.1462,54.6,8.27572,1483.11,20.31,24.38,299.983,6.25,5.55,1.395,33.3,66.7,0,5902.2,5.2076,54.65,9.39323,1207.46,18.75,23.08,849.313,12.5,16.11,1.39,6.943,87.63,5.429,5902.2,2.3533,54.65,5.91521,360.596,3.125,6.854,86.1703,0,1.678,1.39,44.81,55.19,0,5902.2,5.1252,54.65,8.96017,602.364,9.375,11.54,2121.72,35.94,41.18,1.39,5.285,83.45,11.27,5902.2,2.0294,54.65,4.69093,243.683,0,4.696,101.499,0,1.978,1.39,11.06,88.75,0.1923,5902.2,2.8275,54.65,4.78172,594.6,4.688,11.22,91.5584,0,1.788,1.39,5.256,94.74,0,5902.2,2.3352,54.65,3.95017,272.522,1.562,4.99,92.459,3.125,1.584,1.39,2.845,97.15,0,5902.2,2.0489,54.65,1.84703,90.2454,0,1.535,131.32,0,2.341,1.39,19.75,22.952,31.881,16.5279,72.5,5.2682,56.455,56.515,9.6431,11.525,22.966,19.125,49.201,7.227,10.03,0.57049,0.243703,7.25,2200,5750,0,9.23718,15.5,5913.34,5.63961,35.94,5.646,5.646,0,0,0,9.773,17.4,3200,38.9351,1.195,41.7413,1.391,53,1.1,-1.5625
2026-09-07T08:38:34.390417+00:00,1.23675,497.017,108,21.31,78.69,0,5896.8,3.8175,54.6,7.46978,1266.19,17.19,20.97,256.178,7.937,4.752,1.395,43.58,56.42,0,5907.6,5.0275,54.7,8.40973,883.368,18.75,17.04,1796.79,28.12,35.05,1.4,6.174,87.88,5.95,5030.69,2.2543,46.5805,5.45436,319.445,4.688,6.149,79.0763,0,1.539,1.395,30.95,69.05,0,5907.6,4.9618,54.7,8.9817,727.926,20.31,13.99,1173.35,17.19,22.73,1.395,4.836,85.73,9.432,5030.69,1.9991,46.5805,4.32259,238.71,3.125,4.626,75.376,0,1.461,1.395,9.264,89.81,0.9292,5030.69,2.6294,46.5805,4.31933,481.267,4.688,9.186,103.67,1.587,2.019,1.395,4.741,95.26,0,5907.6,2.2446,54.7,3.55855,247.12,4.688,4.617,84.698,1.562,1.442,1.395,2.828,97.17,0,5907.6,1.9882,54.7,1.62387,86.8371,0,1.447,132.276,0,2.297,1.395,19.375,19.993,27.794,16.507,65,5.2556,52.383,52.347,9.6567,11.542,20.013,19,45.117,8.115,9.331,0.654178,0.261082,6.5,2200,5750,0,9.41667,16,5915.53,5.24774,28.12,5.238,5.238,0,0,0,8.516,17.38,3200,38.9599,1.195,41.6891,1.392,53,1.1,-1.5625
2026-09-07T08:38:35.406933+00:00,1.48346,600.057,108,26.13,73.87,0,5902.2,4.1122,54.65,8.20887,1547.15,18.75,26.85,277.043,3.077,5.212,1.39,35.11,64.89,0,5902.2,5.3685,54.65,9.97485,1364.72,23.44,26.51,871.354,12.5,16.86,1.4,8.984,82.81,8.206,5026.09,2.3466,46.5379,5.96519,474.866,4.688,9.095,100.48,1.538,1.909,1.4,46.17,53.8,0.03555,5902.2,5.3586,54.65,9.6862,2038.66,34.38,39.85,822.013,15.62,15.99,1.4,7.278,80.15,12.57,5026.09,2.1276,46.5379,4.76722,362.862,1.562,6.945,107.619,0,2.052,1.4,14.38,82.21,3.413,5026.09,2.9998,46.5379,5.29968,748.263,9.375,14.39,151.07,1.538,2.899,1.4,6.198,93.8,0,5902.2,2.3166,54.65,3.83746,282.517,0,5.269,145.954,0,2.554,1.4,4.096,95.9,0,5902.2,2.0719,54.65,2.02478,132.643,0,2.272,173.689,0,3.133,1.4,15,22.44,31.098,16.9906,85.5,5.3205,55.736,55.734,9.6841,11.574,22.41,19.375,48.524,7.904,11.36,0.875116,0.367898,8.55,2200,5750,0,9.38462,15.5,5910.02,5.56628,34.38,5.574,5.574,0,0,0,9.536,17.88,3200,38.9693,1.195,41.7136,1.389,53,1.1,-1.625
2026-09-07T08:38:36.424498+00:00,1.1603,470.518,108,20.83,79.17,0,5902.2,3.7486,54.65,7.36463,1239.32,15.62,21.12,223.567,3.125,4.277,1.39,43.46,56.54,0,5030.69,5.0625,46.5805,8.55425,760.321,6.25,14.82,1969.08,32.81,38.55,1.39,6.364,82,11.64,5030.69,2.0673,46.5805,5.28825,333.394,4.688,6.488,71.4024,0,1.387,1.39,25.27,74.73,0,5030.69,4.6484,46.5805,8.51575,747.003,10.94,14.39,818.643,12.5,15.97,1.39,4.629,78.26,17.11,5030.69,1.7931,46.5805,4.03275,231.267,3.125,4.513,72.0282,0,1.399,1.39,8.58,86.6,4.821,5030.69,2.453,46.5805,4.09275,455.998,4.688,8.845,87.6454,1.562,1.702,1.39,4.062,95.94,0,5907.6,2.1095,54.7,3.3275,198.928,1.562,3.779,96.5873,0,1.683,1.39,2.832,97.17,0,5907.6,1.9466,54.7,1.59463,100.005,0,1.773,123.087,1.562,2.215,1.39,15.5,20.074,27.892,16.5041,87.5,5.8405,53.592,53.582,10.045,12.004,20.082,19.25,46.321,6.152,8.932,0.804854,0.564363,8.75,2200,5750,0,9.66026,15.5,5916.93,5.2355,32.81,5.359,5.359,0,0,0,8.545,17.37,3200,38.985,1.195,41.785,1.391,53,1.1,-1.625
2026-09-07T08:38:37.442869+00:00,1.33569,539.348,108,22.45,77.55,0,5902.2,3.8956,54.65,7.77846,1331.39,15.62,22.64,266.886,3.125,5.017,1.395,30.22,69.78,0,5896.8,5.2513,54.6,9.57447,1333.79,21.88,25.94,577.782,7.812,11.12,1.39,8.024,80.7,11.28,5021.49,2.2268,46.4953,5.61372,421.609,9.375,8.106,87.0448,3.125,1.684,1.39,44.94,55.06,0,5896.8,5.0217,54.6,8.84065,2215.64,32.81,43.23,555.627,10.94,10.76,1.39,6.283,77.99,15.72,5021.49,1.9172,46.4953,4.46966,309.481,6.25,5.938,92.8497,3.125,1.805,1.39,11.88,83.2,4.919,5021.49,2.7065,46.4953,4.64531,633.788,10.94,12.18,114.285,3.125,2.213,1.39,5.9,94.1,0,5021.49,2.2877,46.4953,3.72367,301.802,6.25,5.682,103.239,4.688,1.808,1.39,3.87,96.13,0,5896.8,2.0392,54.6,1.84629,128.385,3.125,2.228,155.964,1.562,2.865,1.39,16.5,21.136,29.331,16.7557,80.5,5.8412,54.997,54.898,10.076,12.042,21.102,19.375,47.798,8.984,10.2,0.782244,0.319635,8.05,2200,5750,0,9.88462,15.75,5912.66,5.42916,32.81,5.5,5.5,0,0,0,8.979,17.64,3200,38.99,1.195,41.8134,1.39,53,1.1,-1.5625
2026-09-07T08:38:38.208028+00:00,1.21372,491.515,108,21.26,78.74,0,5902.2,3.8652,54.65,7.69634,1264.08,25,21.28,228.271,3.125,4.356,1.395,28.72,71.28,0,5891.4,4.9688,54.55,9.02307,1243.32,28.12,23.93,563.431,10.94,10.72,1.385,6.342,88.45,5.209,5891.4,2.2539,54.55,5.53749,321.342,9.375,6.167,90.0721,3.125,1.751,1.385,44.16,55.84,0,5896.8,5.0464,54.6,8.8335,2220.95,35.94,43.19,490.928,18.75,9.241,1.39,4.412,81.66,13.93,5896.8,1.8256,54.6,4.18355,221.317,4.688,4.216,76.0812,3.125,1.464,1.39,9.406,90.59,0,5896.8,2.6604,54.6,4.44559,515.947,10.94,9.734,93.4536,3.125,1.803,1.39,4.17,95.83,0,5896.8,2.1615,54.6,3.47618,208.358,6.25,3.833,97.0146,1.562,1.668,1.39,2.893,97.11,0,5896.8,1.998,54.6,1.75827,94.5489,1.562,1.577,135.124,3.125,2.379,1.39,17.875,20.226,28.098,16.5778,71.5,5.8375,53.739,53.692,10.044,12.003,20.206,19.25,46.522,10.55,9.206,0.728646,0.321716,7.15,2200,5750,0,9.82692,16,5916.13,5.41637,35.94,5.374,5.374,0,0,0,8.598,17.45,3200,39,1.195,41.7743,1.391,53,1.1,-1.5625
2026-09-07T08:38:39.224998+00:00,1.28313,511.572,108,21.9,78.1,0,5902.2,3.7793,54.65,7.68988,1301.16,17.46,22.75,180.16,1.587,3.445,1.395,44.16,55.84,0,5886,5.5884,54.5,9.98155,1054.26,7.937,19.99,1692.73,26.98,33.14,1.38,7.235,84.87,7.898,5886,2.2798,54.5,5.76117,374.108,4.762,7.157,83.747,0,1.617,1.38,32.65,67.35,0,5886,5.2513,54.5,10.0909,1340.33,17.46,25.96,663.762,9.524,12.73,1.38,4.885,80.83,14.29,5886,1.9097,54.5,4.41365,243.312,3.175,4.703,77.1848,0,1.497,1.38,10.9,88.33,0.7607,5886,2.7325,54.5,4.94741,584.436,9.524,11.25,92.1191,1.587,1.793,1.38,3.807,96.19,0,5886,2.1131,54.5,3.50678,193.742,3.175,3.55,86.6713,0,1.504,1.38,2.773,97.23,0,5886,1.9778,54.5,1.97289,97.8781,0,1.666,119.552,0,2.126,1.38,23.125,21.184,29.433,17.0178,84,5.8443,55.161,55.327,10.033,11.991,21.228,19.75,47.852,6.448,9.681,0.707922,0.29778,8.4,2200,5750,0,9.55769,16,5917.28,5.6309,26.98,5.516,5.516,0,0,0,9.033,17.91,3200,38.9799,1.195,41.754,1.391,53,1.1,-1.5625
2026-09-07T08:38:40.243520+00:00,1.32875,532.319,108,22.02,77.98,0,5902.2,3.7346,54.65,7.56853,1308.83,18.46,22.77,220.16,3.077,4.247,1.39,46.57,53.43,0,5902.2,6.2288,54.65,12.0097,1322.16,26.15,26.2,1531.96,20,29.67,1.39,6.252,88.95,4.797,5896.8,2.2208,54.6,5.48794,315.402,7.692,6.124,89.3613,1.538,1.749,1.385,37.99,62.01,0,5896.8,6.0256,54.6,11.7362,1712.3,23.08,33.39,632.672,4.615,12.22,1.385,4.055,83.69,12.25,5896.8,1.8339,54.6,4.13955,195.972,1.538,3.843,79.2202,0,1.546,1.385,9.352,90.24,0.4111,5896.8,2.5351,54.6,4.62102,465.409,4.615,8.942,133.04,1.538,2.605,1.385,3.873,96.13,0,5896.8,2.0794,54.6,3.31269,194.838,1.538,3.679,93.1476,3.077,1.668,1.385,2.766,97.23,0,5896.8,1.9173,54.6,1.68781,92.4435,0,1.618,130.185,0,2.364,1.385,25.5,22.156,30.73,18.4261,85,5.6226,55.97,55.948,9.8965,11.827,22.143,21.125,48.742,7.308,10.16,0.700101,0.279687,8.5,2200,5750,0,9.36538,16.25,5912.64,5.89303,26.15,5.597,5.597,0,0,0,9.423,19.4,3200,38.9751,1.195,41.7861,1.389,53,1.1,-1.5625
2026-09-07T08:38:41.260942+00:00,1.28858,518.417,108,21.26,78.74,0,5896.8,3.6855,54.6,7.4315,1263.33,12.5,21.4,232.491,0,4.487,1.39,40.45,59.55,0,5907.6,6.2002,54.7,11.8298,1617.6,23.44,31.56,900.797,10.94,17.59,1.395,6.381,87.38,6.24,5030.69,2.1573,46.5805,5.4055,301.231,4.688,5.835,105.346,0,2.043,1.395,40.57,59.43,0,5896.8,5.5152,54.6,10.3149,1514.18,26.56,29.34,981.248,12.5,19.16,1.38,4.1,82.9,13,5896.8,1.791,54.6,4.07363,181.621,1.562,3.509,93.5201,0,1.81,1.38,9.414,88.86,1.727,5896.8,2.5368,54.6,4.47613,490.299,4.688,9.446,104.271,3.125,2.009,1.38,4.098,95.9,0,5896.8,2.0666,54.6,3.30813,205.573,0,3.824,94.2089,1.562,1.669,1.38,2.585,97.42,0,5896.8,1.8982,54.6,1.55113,86.164,0,1.493,122.783,1.562,2.178,1.38,21.75,21.322,29.609,17.8863,75,5.2662,54.207,54.122,9.6498,11.533,21.339,21.5,46.934,6.445,9.835,0.782435,0.287418,7.5,2200,5750,0,9.26282,16,5914.98,5.75938,26.56,5.421,5.421,0,0,0,9.081,18.83,3200,38.985,1.195,41.786,1.39,53,1.1,-1.5625
2026-09-07T08:38:42.278727+00:00,1.30529,522.081,108,21.79,78.21,0,5902.2,3.7227,54.65,7.38052,1295.14,20.31,22.6,216.082,3.175,4.142,1.39,35.68,64.32,0,5864.4,5.9523,54.3,11.4243,1507.72,20.31,29.39,708.782,4.688,13.7,1.385,5.865,88,6.133,5039.72,2.1381,46.6641,5.25025,296.416,1.562,5.751,86.0726,0,1.67,1.385,46.97,53.03,0,5864.4,5.8568,54.3,11.0438,1360.96,20.31,26.78,1480.09,25.4,28.89,1.385,4.483,83.27,12.25,5039.72,1.8615,46.6641,4.07241,224.838,6.25,4.39,83.128,0,1.616,1.385,8.952,88.94,2.113,5039.72,2.4639,46.6641,4.42018,448.044,4.688,8.625,120.519,0,2.354,1.385,3.909,96.09,0,5864.4,2.0731,54.3,3.23331,184.283,0,3.478,109.197,1.562,1.913,1.385,2.882,97.12,0,5864.4,1.9312,54.3,1.64721,96.4019,0,1.707,135.63,0,2.441,1.385,19.375,21.996,30.538,17.9544,114,5.2728,55.044,54.716,9.6232,11.502,21.965,21.625,47.84,6.766,9.965,0.773916,0.301275,11.4,2200,5750,0,9.60897,15.75,5916.17,5.63353,25.4,5.504,5.504,0,0,0,9.347,18.9,3200,38.9548,1.195,41.754,1.39,53,1.1,-1.5625
2026-09-07T08:38:43.296706+00:00,1.29825,521.561,108,21.69,78.31,0,5902.2,3.7987,54.65,7.6885,1289.08,17.46,22.39,210.819,1.562,3.994,1.39,44.95,55.05,0,5907.6,5.8853,54.7,10.9475,1948.57,26.98,38.17,856.335,14.29,16.68,1.395,6.734,85.87,7.396,5030.69,2.183,46.5805,5.53833,324.342,4.762,6.333,103.558,0,2.02,1.395,36.39,63.61,0,5907.6,5.5756,54.7,10.6531,1896.04,20.63,37.08,348.189,7.812,6.752,1.395,4.632,82.96,12.41,5030.69,1.8445,46.5805,4.19401,222.02,4.762,4.353,79.6259,1.562,1.546,1.395,8.756,89.33,1.916,5030.69,2.4783,46.5805,4.43825,459.425,1.587,8.927,93.0495,0,1.819,1.395,4.003,96,0,5907.6,2.072,54.7,3.30837,190.948,1.587,3.587,105.585,0,1.852,1.395,2.667,97.33,0,5030.69,1.9123,46.5805,1.62275,88.926,0,1.574,128.462,0,2.305,1.395,18.125,21.387,29.713,17.5381,80.5,5.1988,54.174,54.59,9.5453,11.409,21.435,21.375,46.841,6.438,9.961,0.987149,0.346696,8.05,2200,5750,0,9.25,15.5,5916.93,5.71869,26.98,5.417,5.417,0,0,0,9.121,18.46,3200,38.9549,1.195,41.7545,1.391,53,1.1,-1.5625
2026-09-07T08:38:44.314850+00:00,1.26904,510.905,108,21.6,78.4,0,5902.2,3.7204,54.65,7.38248,1284.11,13.85,21.99,231.916,4.688,4.409,1.395,43.02,56.98,0,5030.69,6.2579,46.5805,11.5916,2096.25,33.85,41.03,558.015,7.812,10.79,1.395,6.005,82.42,11.58,5030.69,2.001,46.5805,5.21482,293.228,1.562,5.717,94.7688,0,1.844,1.395,37.77,62.23,0,5030.69,5.5042,46.5805,10.2635,1977.25,33.85,38.65,358.944,6.25,6.967,1.395,3.813,79.06,17.13,5030.69,1.7001,46.5805,3.89159,174.559,3.125,3.396,83.1665,0,1.612,1.395,7.902,87.7,4.399,5030.69,2.333,46.5805,3.94361,413.067,3.125,7.995,94.5675,0,1.839,1.395,3.93,96.07,0,5907.6,2.0674,54.7,3.25973,189.497,4.615,3.544,100.02,0,1.764,1.395,2.857,97.14,0,5907.6,1.9055,54.7,1.3271,103.149,0,1.791,121.98,4.615,2.222,1.395,21.25,21.595,29.966,18.1212,75,5.1632,54.256,54.279,9.5017,11.358,21.601,22,47.003,7.333,9.722,0.699793,0.350044,7.5,2200,5750,0,9.16026,15.25,5913.81,5.67502,33.85,5.426,5.426,0,0,0,9.192,19.07,3200,38.9451,1.195,41.7555,1.389,53,1.1,-1.5625
2026-09-07T08:38:45.332190+00:00,1.22526,492.585,108,19.11,80.89,0,5907.6,3.4621,54.7,6.94086,1138.35,14.06,19.17,209.382,0,3.971,1.39,33.36,66.64,0,5902.2,5.5817,54.65,10.7375,1319.49,21.88,25.71,760.579,16.92,14.49,1.395,5.806,85.95,8.244,5896.8,2.0506,54.6,5.16708,304.056,3.077,5.912,69.7558,0,1.345,1.39,44.88,55.12,0,5896.8,5.7895,54.6,10.6386,1311.19,25,25.4,1434,23.08,28.18,1.39,4.701,80.81,14.49,5896.8,1.7899,54.6,4.05329,220.966,0,4.291,88.7342,0,1.717,1.39,8.19,89.79,2.015,5896.8,2.3771,54.6,4.21153,427.077,6.154,8.251,93.3237,0,1.807,1.39,3.786,96.21,0,5896.8,2.0662,54.6,3.25336,186.88,0,3.447,100.224,0,1.746,1.39,2.686,97.31,0,5896.8,1.9205,54.6,1.61741,95.51,0,1.646,121.835,0,2.164,1.39,19.75,21.343,29.65,17.5042,81,5.1994,54.022,53.909,9.5585,11.425,21.324,21.625,46.794,6.886,9.327,0.834969,0.33643,8.1,2200,5750,0,9.39744,16.25,5917.55,5.62388,25,5.402,5.402,0,0,0,9.074,18.43,3200,38.9602,1.195,41.7749,1.391,53,1.1,-1.5625
2026-09-07T08:38:46.350698+00:00,1.14587,459.151,108,18.3,81.7,0,5907.6,3.3279,54.7,6.55078,1091.25,14.06,18.8,181.122,4.762,3.438,1.39,30.85,69.15,0,5891.4,5.2526,54.55,9.71251,1307.9,21.88,24.94,619.067,14.06,12.27,1.385,5.574,84.06,10.37,5891.4,2.0303,54.55,5.01291,276.975,1.562,5.376,79.3555,0,1.525,1.385,42.46,57.54,0,5891.4,5.5418,54.55,9.95725,2356.23,46.88,46.22,229.387,1.562,4.391,1.385,3.946,78.71,17.34,5891.4,1.6561,54.55,3.76718,181.18,0,3.53,79.9791,0,1.537,1.385,7.298,89.74,2.961,5891.4,2.278,54.55,3.91387,362.315,7.812,7.016,102.861,1.587,1.991,1.385,3.597,96.4,0,5891.4,2.0567,54.55,3.20098,178.695,3.125,3.288,89.7204,1.562,1.548,1.385,2.57,97.43,0,5891.4,1.9056,54.55,1.49336,92.1948,1.562,1.578,118.175,1.562,2.102,1.385,21.25,20.077,27.904,17.1657,72,5.1954,52.245,52.379,9.5125,11.37,20.091,21.375,44.989,7.623,8.722,0.580733,0.244502,7.2,2200,5750,0,9.21795,15.5,5918.84,5.40935,46.88,5.224,5.224,0,0,0,8.549,18.07,3200,38.9448,1.195,41.7222,1.391,53,1.1,-1.625
2026-09-07T08:38:47.368355+00:00,1.15816,464.255,108,19.64,80.36,0,5902.2,3.5402,54.65,7.01994,1170.6,10.94,19.85,206.848,4.688,3.947,1.395,40.72,59.28,0,5902.2,5.549,54.65,10.0951,2099.05,32.81,41.53,394.432,9.375,7.56,1.39,5.429,83.94,10.63,5026.09,1.9866,46.5379,5.01645,267.173,9.375,5.256,79.4915,3.125,1.554,1.39,31.72,68.28,0,5902.2,4.9675,54.65,9.15167,1386.85,25,27.13,569.191,9.375,10.88,1.39,3.917,79.45,16.64,5049,1.6886,46.75,3.79773,188.864,6.25,3.724,69.9054,0,1.354,1.39,7.694,89.37,2.939,5049,2.3147,46.75,3.86727,410.066,6.25,8.016,73.7203,0,1.442,1.39,3.974,96.03,0,5875.2,2.0673,54.4,3.20738,200.296,7.812,3.753,95.0241,4.688,1.714,1.39,2.724,97.28,0,5875.2,1.9009,54.4,1.45825,92.5884,1.562,1.584,123.981,3.125,2.251,1.39,25.5,20.469,28.433,17.2021,70.5,5.228,52.868,52.76,9.5897,11.462,20.46,21.25,45.646,8.398,8.847,0.622449,0.252816,7.05,2200,5750,0,9.62179,15.75,5916.97,5.40504,32.81,5.287,5.287,0,0,0,8.706,18.11,3200,38.9402,1.195,41.7009,1.391,53,1.1,-1.5625
2026-09-07T08:38:48.387143+00:00,1.2233,486.819,108,19.96,80.04,0,5907.6,3.5126,54.7,6.91792,1189.97,17.19,21.25,166.311,3.125,3.157,1.39,32.42,67.58,0,5902.2,5.4088,54.65,10.1075,1432.66,26.56,27.88,596.042,7.812,11.48,1.39,5.925,83.3,10.77,5902.2,2.0262,54.65,5.01927,288.264,7.812,5.65,88.8697,4.688,1.72,1.39,43.15,56.85,0,5902.2,5.5827,54.65,10.1689,1504.63,20.31,29.43,1113.07,14.06,21.9,1.39,4.266,79.71,16.03,5026.09,1.714,46.5379,3.752,205.51,6.25,4.026,76.2255,4.688,1.478,1.39,10.15,84.98,4.867,5902.2,2.5407,54.65,4.29705,532.628,6.25,10.38,99.8656,6.25,1.944,1.39,3.811,96.19,0,5902.2,2.0381,54.65,3.10173,176.534,3.125,3.358,105.591,4.688,1.833,1.39,2.643,97.36,0,5902.2,1.8895,54.65,1.42155,88.5061,3.125,1.516,124.425,1.562,2.263,1.39,19.375,20.322,28.229,17.4737,73,5.2691,52.815,52.934,9.6589,11.544,20.321,21.375,45.569,8.594,9.329,0.75583,0.2843,7.3,2200,5750,0,9.40385,15.5,5917.43,5.43894,26.56,5.281,5.281,0,0,0,8.647,18.39,3200,38.9449,1.195,41.7848,1.39,53,1.1,-1.5625
2026-09-07T08:38:49.404882+00:00,1.55843,662.01,108,25.06,74.94,0,5907.6,3.9382,54.7,7.91946,1485.65,21.88,24.22,366.385,6.154,6.978,1.4,37.44,62.56,0,5891.4,6.2266,54.55,12.0762,1713.77,26.56,33.55,794.907,14.06,15.43,1.39,9.968,78.74,11.29,5016.9,2.3372,46.4527,5.96054,522.214,7.812,10.22,129.121,3.125,2.521,1.39,48.91,51.09,0,5891.4,5.769,54.55,10.8265,941.881,15.62,18.35,2239.31,29.69,43.84,1.39,8.727,74.17,17.11,5044.36,2.096,46.707,4.70567,446.471,7.812,8.73,139.763,0,2.725,1.39,13.01,83.86,3.122,5044.36,2.8158,46.707,5.09803,698.005,4.688,13.63,186.714,1.562,3.626,1.39,7.433,92.57,0,5869.8,2.3186,54.35,3.76061,385.736,9.375,7.396,137.287,1.562,2.455,1.39,5.291,94.71,0,5869.8,2.1188,54.35,2.00012,199.321,3.125,3.704,205.633,1.562,3.859,1.39,20.25,23.243,32.152,18.2477,92.5,5.1099,56.29,56.164,9.3774,11.21,23.237,22.25,48.983,9.662,12.58,1.67693,0.462324,9.25,2200,5750,0,9.48718,16.25,5908.85,5.72228,29.69,5.629,5.629,0,0,0,9.888,19.21,3200,38.9271,1.195,41.7512,1.387,53,1.1,-1.5625
2026-09-07T08:38:50.422969+00:00,1.22043,488.576,108,20.19,79.81,0,5896.8,3.5033,54.6,6.98946,1201.23,17.19,20.62,221.969,9.375,4.177,1.385,37.83,62.17,0,5026.09,5.7848,46.5379,10.9723,1376.18,28.12,26.88,937.565,15.87,18.25,1.39,5.771,81.85,12.38,5026.09,1.9751,46.5379,5.09965,294.593,4.762,5.731,74.1404,1.562,1.433,1.39,41.42,58.58,0,5026.09,5.7282,46.5379,10.7504,619.677,9.375,11.99,1915.1,25.4,37.55,1.39,3.376,79.22,17.41,5026.09,1.6116,46.5379,3.72728,153.02,0,2.977,80.9975,1.562,1.577,1.39,7.501,88.26,4.237,5026.09,2.2506,46.5379,3.92909,375.858,9.524,7.284,100.939,3.125,1.983,1.39,3.417,96.58,0,5902.2,1.9948,54.65,3.10354,154.599,1.562,2.856,104.826,1.562,1.867,1.39,2.54,97.46,0,5902.2,1.8577,54.65,1.35793,90.9365,1.562,1.537,115.58,1.562,2.094,1.39,23.125,22.122,30.705,17.8495,75.5,5.1673,54.976,54.9,9.4784,11.329,22.129,22.375,47.718,8.257,9.301,0.801986,0.293756,7.55,2200,5750,0,9.27564,16.25,5916.01,5.62776,28.12,5.498,5.498,0,0,0,9.416,18.79,3200,38.9478,1.195,41.8243,1.389,53,1.1,-1.625
2026-09-07T08:38:51.441901+00:00,1.20025,485.887,108,19.85,80.15,0,5907.6,3.5241,54.7,6.95052,1181.63,15.62,20.29,218.902,0,4.146,1.39,36.82,63.18,0,5891.4,5.7948,54.55,10.786,1731.11,28.12,33.62,584.474,6.154,11.34,1.38,5.871,85.88,8.252,5016.9,2.0826,46.4527,5.13971,302.386,1.538,5.881,72.1927,0,1.4,1.38,39.83,60.17,0,5891.4,5.4515,54.55,10.114,1596.3,25,31.06,862.296,4.615,16.91,1.38,3.611,82.34,14.05,5016.9,1.7271,46.4527,3.81655,160.562,3.077,3.11,83.6048,1.538,1.62,1.38,7.788,91.24,0.9718,5891.4,2.378,54.55,4.084,414.684,3.077,8.042,83.7672,1.538,1.635,1.38,3.537,96.46,0,5891.4,2.0111,54.55,3.07328,164.646,0,3.053,101.846,0,1.793,1.38,2.718,97.28,0,5891.4,1.8882,54.55,1.45638,100.967,0,1.699,114.831,0,2.07,1.38,21.75,25.423,35.3,17.2557,74.5,5.1695,59.55,59.546,9.5184,11.377,25.389,21.875,52.364,5.643,9.229,0.597569,0.239854,7.45,2200,5750,0,9.07051,15.5,5918.27,5.50573,28.12,5.955,5.955,0,0,0,10.8,18.16,3200,38.9501,1.195,41.7109,1.39,53,1.1,-1.5625
2026-09-07T08:38:52.204067+00:00,1.27771,509.052,108,20.72,79.28,0,5896.8,3.6316,54.6,7.12926,1232.38,12.5,21.09,211.522,3.175,4.03,1.39,39.56,60.44,0,5896.8,5.9153,54.6,11.1222,1679.15,28.12,33.07,763.968,7.812,14.81,1.385,5.674,85.94,8.383,5021.49,2.1044,46.4953,5.21627,290.598,6.349,5.692,71.5236,0,1.394,1.385,41.49,58.51,0,5021.49,5.6883,46.4953,10.5392,1402.69,21.88,27.53,1126.05,7.812,21.99,1.385,4.451,82.72,12.83,5026.09,1.8151,46.5379,3.99925,219.851,3.175,4.254,77.2755,1.587,1.504,1.39,9.333,87.96,2.711,5026.09,2.5301,46.5379,4.33225,457.99,4.688,8.952,123.665,0,2.411,1.39,3.765,96.24,0,5902.2,2.0626,54.65,3.17515,178.704,1.562,3.368,93.0598,0,1.65,1.39,2.773,97.23,0,5902.2,1.9223,54.65,1.40848,84.3281,0,1.456,132.072,1.562,2.394,1.39,25.5,25.785,35.804,17.88,72,5.2401,60.39,60.453,9.6469,11.53,25.817,22,53.098,6.264,9.724,0.804901,0.298944,7.2,2200,5750,0,9.32051,15.25,5915.94,5.58175,28.12,6.039,6.039,0,0,0,10.99,18.82,3200,38.9498,1.195,41.7894,1.39,53,1.1,-1.625
2026-09-07T08:38:53.221292+00:00,1.48016,583.805,108,22.56,77.44,0,5848.2,3.8825,54.15,7.9074,1337.92,20.31,23.17,220.145,1.562,4.207,1.375,47.43,52.57,0,5859,7.2162,54.25,14.4759,2494.89,37.5,48.6,413.845,7.937,7.993,1.37,5.72,83.67,10.61,5035.08,2.0226,46.6211,5.37363,295.246,3.125,5.806,70.0525,0,1.364,1.37,52.92,47.08,0,5035.08,7.213,46.6211,14.4094,1463.7,18.75,28.76,1729.34,31.25,34.03,1.37,4.013,80.43,15.56,5035.08,1.7485,46.6211,4.06007,195.949,3.125,3.9,72.6358,0,1.411,1.37,8.913,85.9,5.189,5035.08,2.355,46.6211,4.71897,456.331,9.375,8.911,102.272,0,1.999,1.37,3.705,96.29,0,5035.08,1.986,46.6211,3.17585,186.778,1.562,3.578,85.4429,0,1.528,1.37,2.761,97.24,0,5859,1.8696,54.25,1.53053,90.8837,0,1.546,125.449,1.562,2.303,1.37,33.25,26.706,36.954,21.4748,77,5.2797,61.588,61.474,9.7266,11.625,26.672,24.625,54.387,8.504,11.19,0.786733,0.303077,7.7,2200,5750,0,9.41667,16,5905.02,6.26059,37.5,6.159,6.159,0,0,0,11.35,22.61,3200,38.985,1.195,41.8056,1.385,53,1.1,-1.5625
2026-09-07T08:38:54.239469+00:00,1.36354,549.935,108,23.7,76.3,0,5886,3.9683,54.5,7.87087,1406.39,15.62,24.4,232.611,4.615,4.399,1.39,41.57,58.43,0,5896.8,5.9323,54.6,11.3294,1280.76,21.88,24.73,1308.92,16.92,25.55,1.39,6.523,86.82,6.652,5021.49,2.1717,46.4953,5.48322,325.361,4.615,6.332,88.7828,4.688,1.708,1.39,42.44,57.56,0,5896.8,5.9865,54.6,11.3565,1194.58,20.31,23.13,1458.44,25,28.6,1.39,4.624,84.24,11.13,5021.49,1.8931,46.4953,4.15569,217.415,4.615,4.254,97.7934,0,1.892,1.39,10.3,87.99,1.711,5021.49,2.5926,46.4953,4.65556,537.43,4.688,10.44,112.73,7.812,2.18,1.39,4.066,95.93,0,5896.8,2.0876,54.6,3.21055,202.988,4.688,3.792,93.0501,1.562,1.628,1.39,3.137,96.86,0,5896.8,1.9372,54.6,1.5605,107.277,0,1.855,134.44,1.562,2.389,1.39,26,23.989,33.274,18.2325,75,5.1693,57.69,57.908,9.5423,11.405,24.038,24,50.366,8.661,10.46,0.926076,0.297033,7.5,2200,5750,0,9.44231,16.25,5913.54,5.70767,25,5.769,5.769,0,0,0,10.23,19.19,3200,38.9559,1.195,41.8487,1.389,53,1.1,-1.5625
2026-09-07T08:38:55.257406+00:00,1.21153,493.511,108,19.8,80.2,0,5907.6,3.5793,54.7,6.88786,1179.17,31.25,20.3,210.037,3.175,3.958,1.395,38.79,61.21,0,5896.8,5.602,54.6,10.3258,1561.62,23.44,30.81,952.435,20.31,18.47,1.385,5.312,83.54,11.14,5896.8,2.0224,54.6,4.92545,268.851,6.25,5.209,70.8251,3.125,1.367,1.385,39.46,60.54,0,5896.8,5.4283,54.6,10.0556,1211.75,21.88,23.62,1223.96,26.56,23.85,1.385,3.246,78.35,18.4,5896.8,1.6093,54.6,3.53834,161.901,7.812,3.127,58.5584,3.125,1.124,1.385,8.377,89.06,2.558,5896.8,2.4443,54.6,4.19543,434.842,15.62,8.351,93.3974,4.688,1.811,1.385,3.756,96.24,0,5896.8,2.0578,54.6,3.00999,175.119,6.25,3.249,100.871,4.688,1.813,1.385,2.409,97.59,0,5896.8,1.8958,54.6,1.46566,80.1137,3.125,1.359,112.716,4.688,2.014,1.385,16.5,20.867,29.001,17.1849,76.5,5.198,53.406,53.29,9.5579,11.424,20.865,23.125,46.143,11.62,9.402,1.05862,0.289594,7.65,2200,5750,0,9.30769,15.75,5919.22,5.36888,31.25,5.341,5.341,0,0,0,8.879,18.09,3200,38.9351,1.195,41.8491,1.391,53,1.1,-1.5625
2026-09-07T08:38:56.276205+00:00,1.28014,513.425,108,21.23,78.77,0,5913,3.6246,54.75,7.04808,1262.49,18.75,22.21,200.326,6.154,3.802,1.395,39.49,60.51,0,5886,6.3476,54.5,12.1603,1692.81,26.56,33.18,781.511,9.375,14.84,1.38,5.48,82.02,12.5,5886,1.9898,54.5,5.0236,273.07,4.688,5.334,82.942,0,1.622,1.38,41.58,58.42,0,5886,5.75,54.5,10.855,1403.27,26.56,27.16,1140.59,18.75,22.34,1.38,4.401,76.58,19.02,5012.3,1.7294,46.4102,3.87587,205.444,6.25,4.02,84.0577,0,1.636,1.38,8.851,84.74,6.412,5886,2.4772,54.5,4.41621,444.798,6.25,8.687,116.933,3.077,2.291,1.38,4.23,95.77,0,5886,2.0953,54.5,3.19043,206.53,3.125,3.909,103.012,0,1.826,1.375,2.745,97.26,0,5869.8,1.9168,54.35,1.5502,92.5681,0,1.621,124.441,1.562,2.244,1.375,19.75,21.233,29.457,18.6776,75.5,5.2348,53.84,53.852,9.5619,11.428,21.2,23.625,46.643,8.194,9.795,0.705098,0.282106,7.55,2200,5750,0,9.38462,16,5913.06,5.63412,26.56,5.384,5.384,0,0,0,9.021,19.66,3200,38.956,1.195,41.8152,1.389,53,1.1,-1.625
2026-09-07T08:38:57.294113+00:00,1.23888,497.653,108,20.88,79.12,0,5907.6,3.695,54.7,7.18569,1243.49,21.88,20.27,263.038,1.587,5.024,1.39,43.22,56.78,0,5902.2,5.7392,54.65,10.4706,1292.61,20.31,25.1,1369.48,23.44,27.08,1.385,5.534,87.78,6.685,5902.2,2.1002,54.65,5.07095,283.665,7.812,5.536,69.1377,1.587,1.33,1.385,35.08,64.92,0,5902.2,5.7258,54.65,10.9397,1879.7,26.56,36.84,258.219,3.125,4.977,1.385,3.677,84.13,12.2,5026.09,1.7707,46.5379,3.74362,169.161,3.125,3.294,79.9013,1.587,1.538,1.385,9.351,88.98,1.667,5902.2,2.4939,54.65,4.35285,475.772,7.812,9.248,105.906,4.762,2.048,1.385,3.54,96.46,0,5902.2,2.0358,54.65,2.9711,169.1,3.125,3.153,93.8903,0,1.639,1.385,2.61,97.39,0,5902.2,1.9129,54.65,1.50551,87.7791,0,1.534,121.587,1.562,2.173,1.385,18.875,21.206,29.45,17.5757,77.5,5.2692,54.059,54.06,9.6496,11.533,21.231,22.875,46.779,8.017,9.424,0.740103,0.285473,7.75,2200,5750,0,9.39103,16,5917.89,5.41279,26.56,5.406,5.406,0,0,0,9.035,18.5,3200,38.958,1.195,41.8238,1.39,53,1.1,-1.5625
2026-09-07T08:38:58.312523+00:00,1.18955,478.211,108,20.13,79.87,0,5902.2,3.5719,54.65,7.07016,1200.7,19.05,20.47,223.754,1.562,4.21,1.395,39.8,60.2,0,5026.09,5.6221,46.5379,10.3129,1314.21,22.22,26.07,1163.63,15.87,22.59,1.4,5.843,86.7,7.455,5026.09,2.0916,46.5379,5.16039,294.178,6.349,5.761,76.1239,1.562,1.484,1.4,34.61,65.39,0,5026.09,5.2919,46.5379,9.85153,1853.08,28.57,36.32,257.7,3.175,4.949,1.4,3.684,82.61,13.71,5026.09,1.7192,46.5379,3.82856,173.835,1.587,3.414,73.6277,0,1.428,1.4,8.2,90.47,1.332,5026.09,2.4073,46.5379,4.06087,409.925,7.937,7.988,109.115,1.562,2.131,1.4,4.052,95.95,0,5902.2,2.1179,54.65,3.24285,200.766,3.175,3.714,92.547,1.587,1.634,1.4,2.633,97.37,0,5902.2,1.9256,54.65,1.53966,85.9306,1.587,1.489,122.258,3.175,2.22,1.4,19.25,20.567,28.579,17.1567,78,5.2025,52.972,53.123,9.5477,11.411,20.581,22.125,45.713,7.436,9.117,0.674568,0.263252,7.8,2200,5750,0,9.58333,16,5917.51,5.46222,28.57,5.297,5.297,0,0,0,8.758,18.06,3200,38.9699,1.195,41.7791,1.391,53,1.1,-1.625
2026-09-07T08:38:59.330592+00:00,1.19894,480.947,108,19.33,80.67,0,5891.4,3.5675,54.55,6.98975,1152.43,15.38,19.69,212.08,3.077,3.976,1.395,42.89,57.11,0,5026.09,5.2297,46.5379,9.2626,1307.52,20,25.51,1329.62,23.08,25.94,1.39,6.273,85.88,7.85,5026.09,2.1751,46.5379,5.24629,322.773,9.231,6.326,74.4579,0,1.443,1.39,32.07,67.93,0,5902.2,5.3556,54.65,9.96751,1634.65,29.23,31.86,349.58,3.077,6.709,1.39,3.645,83,13.36,5026.09,1.7741,46.5379,3.89933,181.811,4.615,3.564,64.8433,0,1.249,1.39,8.98,87.84,3.185,5026.09,2.5087,46.5379,4.29113,481.924,6.154,9.378,78.9188,0,1.536,1.39,3.67,96.33,0,5902.2,2.0656,54.65,3.17292,180.263,4.615,3.399,91.0123,1.538,1.596,1.39,3.041,96.96,0,5902.2,1.9723,54.65,1.61586,102.675,0,1.75,130.603,1.538,2.365,1.39,18.375,20.359,28.291,17.3405,73,5.2261,52.687,52.688,9.5595,11.426,20.338,22,45.466,7.596,9.143,0.810544,0.292003,7.3,2200,5750,0,9.37179,15.5,5917.87,5.38179,29.23,5.269,5.269,0,0,0,8.654,18.25,3200,38.9654,1.195,41.7757,1.391,53,1.1,-1.5625
2026-09-07T08:39:00.348419+00:00,1.11072,446.324,108,17.52,82.48,0,5907.6,3.3646,54.7,6.53735,1045.44,14.06,18.51,158.467,1.562,2.997,1.39,32.51,67.49,0,5902.2,4.9553,54.65,8.56376,1325.59,18.75,25.75,706.782,10.94,13.76,1.38,5.886,85.48,8.632,5902.2,2.0602,54.65,4.9463,299.677,1.562,5.87,78.7682,0,1.531,1.38,35.64,64.36,0,5902.2,5.1094,54.65,8.92442,1240.13,23.44,24.11,957.405,12.5,18.74,1.38,3.75,82.8,13.45,5902.2,1.7175,54.65,3.71014,185.637,1.562,3.618,67.5879,0,1.306,1.38,8.513,87.35,4.133,5902.2,2.3704,54.65,3.72598,441.319,4.688,8.631,97.8227,0,1.897,1.38,4.184,95.82,0,5896.8,2.0841,54.6,3.11469,210.906,0,3.985,90.8465,1.562,1.555,1.385,3.065,96.93,0,5896.8,1.9486,54.6,1.32709,93.32,0,1.632,141.479,1.562,2.525,1.385,18.375,19.494,27.088,16.9616,78,5.2577,51.568,51.449,9.6388,11.521,19.447,21.5,44.392,5.762,8.526,0.665496,0.270531,7.8,2200,5750,0,9.60256,16,5917.79,5.18511,23.44,5.157,5.157,0,0,0,8.275,17.85,3200,38.9527,1.195,41.6962,1.391,53,1.1,-1.5625
2026-09-07T08:39:01.365108+00:00,1.09239,437.346,108,17.38,82.62,0,5907.6,3.2491,54.7,6.33587,1038.07,14.06,17.82,181.131,1.562,3.444,1.39,36.03,63.97,0,5902.2,5.0033,54.65,8.82041,1149.78,20.31,22.51,1061.15,12.5,20.69,1.39,5.269,84.2,10.54,5026.09,1.9567,46.5379,4.76259,266.582,9.375,5.219,71.5822,0,1.388,1.39,33.58,66.42,0,5902.2,5.1722,54.65,9.13696,1709.13,28.12,33.47,352.656,7.812,6.844,1.39,3.848,80.98,15.17,5026.09,1.7152,46.5379,3.65441,180.626,3.125,3.546,72.4944,1.562,1.399,1.39,7.13,90.09,2.776,5026.09,2.2399,46.5379,3.58537,366.41,3.125,7.162,88.7249,0,1.722,1.39,3.405,96.6,0,5902.2,1.989,54.65,2.97395,161.008,1.562,2.99,90.2184,1.562,1.53,1.39,2.601,97.4,0,5902.2,1.8946,54.65,1.28602,89.0156,0,1.539,118.963,0,2.156,1.39,25.5,19.401,26.97,16.8442,62.5,5.1272,51.171,51.131,9.4437,11.287,19.427,21.125,43.898,6.543,8.339,0.593212,0.235953,6.25,2200,5750,0,9.17949,16,5920.84,5.16226,28.12,5.117,5.117,0,0,0,8.267,17.73,3200,38.9402,1.195,41.8006,1.391,53,1.1,-1.5625
2026-09-07T08:39:02.382585+00:00,1.14699,457.517,108,18.87,81.13,0,5913,3.3901,54.75,6.59491,1124.65,21.88,20.07,152.621,4.688,2.877,1.4,31.35,68.65,0,5907.6,5.0972,54.7,9.39732,1343.89,15.62,26.17,605.732,9.375,11.74,1.395,5.308,85.69,9.003,5907.6,1.973,54.7,4.82711,271.267,9.375,5.298,74.0864,4.688,1.428,1.395,40.19,59.81,0,5902.2,5.3546,54.65,9.57284,1351.47,18.75,26.21,1105.05,17.19,21.66,1.39,4.315,81.42,14.26,5902.2,1.7895,54.65,3.84654,209.137,4.688,4.076,79.8271,3.125,1.541,1.39,8.001,89.58,2.417,5902.2,2.3755,54.65,4.05441,420.719,14.06,8.159,80.9323,6.25,1.563,1.39,4.09,95.91,0,5902.2,2.062,54.65,3.11096,202.169,4.688,3.739,91.6806,4.688,1.553,1.39,2.575,97.42,0,5902.2,1.9175,54.65,1.52508,89.3346,3.125,1.568,117.708,4.688,2.124,1.39,17.875,20.446,28.415,16.9326,80,5.1644,52.731,52.817,9.5238,11.384,20.452,20.625,45.48,9.18,8.735,0.698328,0.257848,8,2200,5750,0,9.10256,16,5919.61,5.28699,21.88,5.273,5.273,0,0,0,8.703,17.82,3200,38.9448,1.195,41.7823,1.391,53,1.1,-1.625
2026-09-07T08:39:03.400551+00:00,1.14037,451.722,108,17.49,82.51,0,5907.6,3.242,54.7,6.35088,1044.18,15.62,18.42,152.718,0,2.897,1.395,28.27,71.73,0,5869.8,5.1672,54.35,9.47211,1438.47,21.88,28.03,324.603,1.587,6.242,1.385,6.085,82.63,11.28,5044.36,2.0289,46.707,4.88819,291.649,4.762,5.71,87.5376,1.587,1.697,1.385,44.49,55.51,0,5044.36,5.5318,46.707,9.71922,1205.39,18.75,23.71,1480.81,21.88,28.97,1.385,3.513,79.1,17.39,5044.36,1.6332,46.707,3.61683,173.649,0,3.418,58.5552,0,1.129,1.385,7.942,87.35,4.707,5044.36,2.3067,46.707,3.86721,422.49,6.25,8.282,78.4835,0,1.524,1.385,3.56,96.44,0,5869.8,2.0085,54.35,3.0044,169.064,3.125,3.14,90.7242,4.688,1.574,1.385,2.691,97.31,0,5869.8,1.9146,54.35,1.38995,87.947,0,1.499,121.279,1.562,2.216,1.385,28.875,19.853,27.583,17.1841,113,5.1595,51.84,51.854,9.4784,11.33,19.864,21,44.588,6.355,8.656,0.628051,0.245533,11.3,2200,5750,0,9.38462,16,5919.24,5.26143,21.88,5.184,5.184,0,0,0,8.453,18.09,3200,38.9648,1.195,41.7447,1.391,53,1.1,-1.625
2026-09-07T08:39:04.417548+00:00,1.191,474.641,108,20.08,79.92,0,5902.2,3.5292,54.65,6.82928,1195.94,14.29,21.32,165.814,1.562,3.139,1.39,36.19,63.81,0,5030.69,5.1206,46.5805,9.55924,1158.42,22.22,22.58,1082.15,15.62,21.12,1.395,5.517,84.1,10.38,5030.69,1.9956,46.5805,4.87663,282.681,6.25,5.554,69.6002,1.562,1.348,1.395,39.08,60.92,0,5030.69,5.9096,46.5805,10.8845,1155.3,20.63,22.51,1242.11,25.4,24.29,1.395,3.8,81.02,15.18,5030.69,1.7068,46.5805,3.67898,187.325,3.125,3.667,66.6026,1.562,1.289,1.395,7.994,87.15,4.854,5030.69,2.2818,46.5805,3.94126,403.969,7.937,7.891,99.0344,1.562,1.925,1.395,3.691,96.31,0,5907.6,2.0311,54.7,3.00501,178.854,1.587,3.314,90.4032,0,1.591,1.395,2.745,97.25,0,5907.6,1.913,54.7,1.45215,84.9723,0,1.49,131.091,0,2.393,1.395,18.875,20.283,28.158,17.6455,83.5,5.1894,52.542,52.503,9.5509,11.415,20.293,21.25,45.282,7.707,9.089,0.769396,0.278335,8.35,2200,5750,0,9.12821,16,5916.54,5.36636,25.4,5.254,5.254,0,0,0,8.635,18.57,3200,38.9399,1.195,41.7906,1.39,53,1.1,-1.5625
2026-09-07T08:39:05.435196+00:00,1.14852,462.264,108,18.94,81.06,0,5902.2,3.4459,54.65,6.69225,1128.99,15.62,19.33,196.004,1.562,3.695,1.39,33.03,66.97,0,5026.09,5.0654,46.5379,9.30888,1382.65,25,26.91,671.927,10.94,13,1.395,5.565,85.31,9.126,5026.09,2.0267,46.5379,4.9465,274.88,6.25,5.366,82.0468,0,1.59,1.395,38.76,61.24,0,5902.2,5.2547,54.65,9.457,660.569,10.94,12.75,1729.62,26.56,33.84,1.395,4.12,82.45,13.43,5026.09,1.7903,46.5379,3.79975,201.987,3.125,3.947,72.9124,0,1.414,1.395,8.336,88.23,3.432,5026.09,2.4433,46.5379,4.1755,439.367,9.375,8.509,86.2104,0,1.673,1.395,3.38,96.62,0,5902.2,2.0133,54.65,2.99925,170.193,0,3.159,82.9873,0,1.466,1.395,2.718,97.28,0,5902.2,1.9241,54.65,1.593,91.2242,0,1.542,124.666,1.562,2.27,1.395,16.875,19.694,27.372,16.9228,76,5.1616,51.625,51.691,9.4798,11.331,19.698,20.875,44.381,6.934,8.779,0.624593,0.266451,7.6,2200,5750,0,9.19872,15.25,5919.95,5.23963,26.56,5.162,5.162,0,0,0,8.382,17.81,3200,38.921,1.195,41.627,1.391,53,1.1,-1.625
2026-09-07T08:39:07.454783+00:00,1.2328,493.767,108,19.4,80.6,0,5904.9,3.5013,54.675,6.81169,1157.57,10.85,19.84,197.935,0.7812,3.753,1.395,39.89,60.11,0,5899.5,5.1704,54.625,9.29141,1244.19,17.03,24.13,1214.28,17.84,23.65,1.39,6.572,87.97,5.464,5023.79,2.2443,46.5166,5.26656,334.612,3.882,6.526,86.1004,0,1.677,1.39,36.53,63.47,0,5461.85,5.5837,50.5727,10.2795,909.011,13.15,17.6,1335.63,17.82,25.95,1.39,4.332,84.53,11.14,5023.79,1.8628,46.5166,3.96923,210.911,0.7812,4.125,77.7033,0,1.506,1.39,8.941,89.69,1.365,5461.85,2.5369,50.5727,4.3555,477.995,4.663,9.27,91.2153,1.55,1.775,1.39,4.475,95.52,0,5899.5,2.1413,54.625,3.24179,215.686,0,4.043,104.568,0.7812,1.832,1.39,3.142,96.86,0,5899.5,1.9969,54.625,1.6683,101.806,0,1.771,141.068,0,2.549,1.39,19.125,19.977,27.758,17.4163,76.25,5.2057,52.117,52.078,9.5304,11.392,19.973,21.5,44.876,5.571,9.374,0.753209,0.300166,7.625,2200,5750,0,9.42308,15.875,5916.71,5.30793,19.38,5.212,5.212,0,0,0,8.499,18.33,3200,38.9493,1.195,41.658,1.391,53,1.1,-1.625
2026-09-07T08:39:08.221261+00:00,1.19068,476.857,108,18.93,81.07,0,5907.6,3.4211,54.7,6.72533,1131.98,6.25,20.14,153.167,0,2.907,1.395,40.49,59.51,0,5902.2,5.3729,54.65,9.60884,1503.75,18.75,29.29,1008.83,12.5,19.63,1.39,6.516,88.8,4.682,5026.09,2.2412,46.5379,5.28031,341.626,1.562,6.709,73.1799,1.562,1.423,1.39,32.77,67.23,0,5902.2,5.1199,54.65,9.49299,934.847,14.06,18.15,1094.58,17.19,21.25,1.39,4.338,86.14,9.518,5026.09,1.9046,46.5379,4.04572,203.178,4.688,3.992,85.6559,0,1.659,1.39,8.835,90.59,0.5709,5026.09,2.5002,46.5379,4.26177,453.514,4.688,8.845,107.382,0,2.1,1.39,4.131,95.87,0,5902.2,2.1155,54.65,3.25251,204.695,0,3.847,94.3564,0,1.629,1.39,3.057,96.94,0,5902.2,1.9973,54.65,1.73359,94.5231,0,1.643,144.443,0,2.634,1.39,25.5,19.957,27.736,17.1314,76,5.2239,52.146,52.086,9.5937,11.467,19.928,20.875,44.949,5.078,9.115,0.652303,0.251657,7.6,2200,5750,0,9.33974,16,5918.08,5.33129,18.75,5.215,5.215,0,0,0,8.48,18.03,3200,38.9649,1.195,41.6643,1.391,53,1.1,-1.625
2026-09-07T08:39:09.239604+00:00,1.30679,519.528,108,21.8,78.2,0,5902.2,3.6865,54.65,7.24426,1297.23,12.5,22.31,204.966,1.562,3.873,1.39,44.33,55.67,0,5026.09,5.6446,46.5379,10.2137,1268.23,21.88,24.59,1446.78,20.31,28.18,1.395,5.804,89.85,4.344,5026.09,2.198,46.5379,5.31331,295.351,6.25,5.693,80.9356,1.562,1.58,1.395,37.49,62.51,0,5026.09,5.7518,46.5379,10.8363,1078.07,15.62,20.89,1203.69,17.19,23.3,1.395,4.09,85.8,10.11,5026.09,1.9094,46.5379,4.14923,204.579,3.125,3.963,70.4855,1.562,1.37,1.395,9.934,89.09,0.9791,5026.09,2.6779,46.5379,4.70305,518.564,12.5,9.93,106.473,1.562,2.082,1.395,4.428,95.57,0,5902.2,2.1545,54.65,3.37675,196.114,6.25,3.64,119.488,1.562,2.148,1.395,2.798,97.2,0,5902.2,1.9666,54.65,1.67782,102.001,1.562,1.709,119.489,1.562,2.168,1.395,19.375,21.172,29.412,17.3777,73.5,5.2011,53.796,53.866,9.5237,11.384,21.19,21,46.517,7.91,9.84,0.792337,0.340982,7.35,2200,5750,0,9.19872,16,5915.95,5.56993,21.88,5.38,5.38,0,0,0,9.017,18.29,3200,38.96,1.195,41.7552,1.391,53,1.1,-1.625
2026-09-07T08:39:10.259726+00:00,1.26833,506.665,108,21.54,78.46,0,5902.2,3.6114,54.65,7.18951,1280.88,12.5,22.03,201.057,3.125,3.839,1.395,34.62,65.38,0,5907.6,5.5066,54.7,10.4511,1525.86,23.44,29.57,611.115,6.25,11.76,1.39,5.806,88.17,6.021,5907.6,2.1449,54.7,5.28828,296.927,3.125,5.73,76.5688,0,1.487,1.39,44.48,55.52,0,5907.6,5.9218,54.7,11.0223,614.823,7.812,11.88,2100.7,28.12,40.88,1.39,4.111,84.13,11.75,5896.8,1.8202,54.6,4.00414,195.777,3.125,3.793,80.3363,0,1.558,1.39,9.826,90.17,0,5896.8,2.6514,54.6,4.66817,519.186,6.25,9.963,108.432,1.562,2.116,1.39,3.884,96.12,0,5896.8,2.047,54.6,3.18599,184.139,1.562,3.414,102.23,0,1.721,1.39,2.562,97.44,0,5896.8,1.9211,54.6,1.62174,88.5565,0,1.53,120.058,0,2.14,1.39,21.25,20.415,28.325,17.5983,62.5,5.1951,52.646,52.58,9.503,11.359,20.42,21.25,45.398,6.055,9.588,0.669587,0.270315,6.25,2200,5750,0,9.03205,16.25,5914.53,5.60203,28.12,5.265,5.265,0,0,0,8.689,18.52,3200,38.9548,1.195,41.758,1.389,53,1.1,-1.625
2026-09-07T08:39:11.278173+00:00,1.18471,471.581,108,20.73,79.27,0,5907.6,3.5839,54.7,7.08317,1233.62,28.12,21.81,182.436,4.762,3.457,1.39,39.48,60.52,0,5902.2,5.7227,54.65,10.3769,1540.02,29.69,29.8,879.265,14.06,17.15,1.39,5.373,86.45,8.175,5902.2,2.0375,54.65,5.06425,268.058,14.06,5.185,79.3242,3.175,1.427,1.39,35.43,64.57,0,5902.2,5.2511,54.65,9.69026,1240.41,23.81,23.93,919.989,17.19,18.07,1.39,3.368,83.22,13.41,5026.09,1.6873,46.5379,3.80261,160.19,6.25,3.082,68.3789,6.349,1.303,1.39,7.5,90.7,1.799,5902.2,2.3434,54.65,3.9742,366.362,14.06,7.045,110.267,3.175,2.131,1.39,4.037,95.96,0,5902.2,2.0713,54.65,3.18186,178.365,4.688,3.3,113.346,3.125,1.973,1.39,2.557,97.44,0,5902.2,1.9085,54.65,1.49261,94.2964,4.688,1.578,110.964,4.688,1.977,1.39,21.75,20.317,28.24,17.1349,77,5.1658,52.514,52.625,9.487,11.339,20.326,21,45.262,11.37,8.951,0.697053,0.243059,7.7,2200,5750,0,9.28846,15.5,5918.62,5.48059,29.69,5.251,5.251,0,0,0,8.649,18.04,3200,38.9599,1.195,41.7565,1.391,53,1.1,-1.625
2026-09-07T08:39:12.297094+00:00,1.22155,486.189,108,20.83,79.17,0,5902.2,3.6456,54.65,7.10913,1239.71,26.56,21.75,180.367,4.688,3.424,1.39,32.71,67.29,0,5902.2,5.3972,54.65,10.2506,1467.98,26.56,28.59,558.111,15.62,10.78,1.385,5.611,85.9,8.491,5902.2,2.0772,54.65,5.07375,280.11,6.25,5.447,77.554,4.688,1.607,1.385,44.34,55.66,0,5902.2,5.7306,54.65,10.4871,798.088,13.85,15.53,1888.28,29.69,36.95,1.385,4.135,81.91,13.95,5902.2,1.7644,54.65,3.80913,182.174,4.688,3.545,93.7331,3.125,1.825,1.385,8.42,89.7,1.878,5902.2,2.4829,54.65,4.27775,440.522,15.62,8.572,98.0574,3.125,1.919,1.385,3.729,96.27,0,5902.2,2.0627,54.65,3.05475,155.015,3.125,2.837,121.482,3.125,2.145,1.385,2.373,97.63,0,5902.2,1.9062,54.65,1.54063,83.9069,3.125,1.458,113.943,3.125,2.052,1.385,18.375,20.368,28.301,17.3349,74,5.13,52.44,52.428,9.416,11.255,20.372,21,45.199,10.44,9.277,0.615206,0.242411,7.4,2200,5750,0,9.25,15.75,5918.31,5.36875,29.69,5.244,5.244,0,0,0,8.669,18.25,3200,38.935,1.195,41.715,1.391,53,1.1,-1.5625
2026-09-07T08:39:13.316755+00:00,1.28657,513.042,108,22.87,77.13,0,5907.6,3.7851,54.7,7.43288,1360.44,20.31,23.28,221.415,3.077,4.172,1.4,41.41,58.59,0,5896.8,5.8702,54.6,10.8402,1466.24,25,28.53,1059.66,14.06,20.6,1.385,6.076,90.32,3.602,5896.8,2.2369,54.6,5.40032,308.746,12.5,5.988,85.9481,3.077,1.682,1.385,38.96,61.04,0,5896.8,5.6546,54.6,10.6057,1725.25,31.25,33.7,658.811,9.375,12.63,1.385,3.75,84.67,11.58,5896.8,1.836,54.6,4.00299,186.001,4.688,3.61,66.0534,0,1.293,1.385,9.176,90.75,0.0738,5891.4,2.5327,54.55,4.41654,479.507,10.94,9.196,95.9915,1.538,1.892,1.385,3.923,96.08,0,5891.4,2.0838,54.55,3.19848,192.965,1.562,3.528,98.4769,3.125,1.724,1.385,2.492,97.51,0,5891.4,1.9368,54.55,1.58633,86.0461,0,1.492,117.121,4.688,2.125,1.385,18.375,20.958,29.121,17.4303,114,5.2387,53.531,53.353,9.5591,11.425,20.941,21.125,46.309,9.075,9.715,0.778077,0.278875,11.4,2200,5750,0,9.23077,16,5917.39,5.61839,31.25,5.353,5.353,0,0,0,8.911,18.35,3200,38.9701,1.195,41.7255,1.391,53,1.1,-1.625
2026-09-07T08:39:14.334621+00:00,1.21949,493.227,108,20.34,79.66,0,5902.2,3.5379,54.65,7.07455,1213.61,14.06,19.61,270.765,7.937,5.102,1.395,37.15,62.85,0,5907.6,5.5353,54.7,10.1483,1591.13,26.56,31.18,715.878,6.25,13.82,1.395,6.688,87.83,5.483,5030.69,2.2163,46.5805,5.36145,340.117,6.349,6.615,85.333,1.587,1.678,1.395,38.65,61.35,0,5907.6,5.3436,54.7,9.77974,1237.41,21.88,24.2,1118.06,17.19,21.78,1.395,3.885,85.1,11.02,5030.69,1.8254,46.5805,4.04066,194.282,1.587,3.792,66.3002,0,1.291,1.395,8.558,88.97,2.47,5030.69,2.4221,46.5805,4.07505,440.322,9.524,8.49,104.77,0,2.042,1.39,3.866,96.13,0,5907.6,2.0544,54.7,3.20582,185.118,0,3.428,104.865,0,1.803,1.39,2.82,97.18,0,5907.6,1.9303,54.7,1.48481,91.9989,0,1.606,131.679,0,2.389,1.39,19.75,20.745,28.816,17.1025,88.5,5.2631,53.377,53.492,9.6433,11.526,20.751,20.875,46.131,7.058,9.301,0.636877,0.269719,8.85,2200,5750,0,9.15385,16.25,5918.36,5.5054,26.56,5.338,5.338,0,0,0,8.83,18,3200,38.9498,1.195,41.7088,1.391,53,1.1,-1.625
2026-09-07T08:39:15.352283+00:00,1.18084,479.81,108,20.98,79.02,0,5902.2,3.6602,54.65,7.19026,1248.64,15.87,20.91,265.646,4.688,5.048,1.39,37.32,62.68,0,5026.09,5.3612,46.5379,9.52259,1912.12,31.75,37.38,423.828,6.349,8.197,1.39,6.119,86.71,7.174,5026.09,2.1277,46.5379,5.1757,311.515,10.94,6.091,77.4323,0,1.503,1.39,34.74,65.26,0,5902.2,5.1363,54.65,9.2323,1898.63,33.33,37.16,229.73,4.762,4.444,1.39,4.039,82.71,13.25,5026.09,1.7776,46.5379,3.87713,196.134,1.562,3.834,77.4147,0,1.503,1.39,8.215,89.91,1.876,5026.09,2.3692,46.5379,3.78727,433.694,3.125,8.476,93.8851,0,1.831,1.39,3.726,96.27,0,5902.2,2.0191,54.65,3.08032,184.521,0,3.502,92.2481,0,1.599,1.39,2.945,97.06,0,5902.2,1.9072,54.65,1.35404,98.8749,0,1.688,132.646,0,2.378,1.39,16.875,20.412,28.363,17.0172,69.5,5.1641,52.636,52.655,9.5028,11.358,20.408,20.75,45.402,7.023,9.097,0.622378,0.25455,6.95,2200,5750,0,9.23718,15.75,5918.35,5.34689,33.33,5.264,5.264,0,0,0,8.684,17.91,3200,38.9649,1.195,41.6958,1.391,53,1.1,-1.625
2026-09-07T08:39:16.372501+00:00,1.19947,480.615,108,18.84,81.16,0,5902.2,3.3543,54.65,6.58562,1121.99,29.23,19.36,182.981,3.125,3.485,1.39,41.8,58.2,0,5907.6,5.312,54.7,9.29673,2317.04,38.46,45.28,249.169,3.125,4.729,1.395,6.548,88.35,5.1,5030.69,2.1889,46.5805,5.10693,306.345,4.688,5.969,110.043,1.562,2.148,1.395,32.97,67.03,0,5030.69,5.2988,46.5805,9.68669,1709.59,25,33.37,327.469,1.538,6.25,1.395,3.88,81.05,15.07,5030.69,1.7101,46.5805,3.71997,176.734,1.562,3.449,86.2493,3.125,1.672,1.395,9.078,89.64,1.285,5030.69,2.4557,46.5805,3.98804,480.646,7.812,9.353,96.9404,1.562,1.89,1.395,4.102,95.9,0,5907.6,2.0394,54.7,3.06057,195.221,3.125,3.66,109.072,3.125,1.916,1.395,2.727,97.27,0,5907.6,1.8821,54.7,1.31904,93.7139,1.538,1.607,126.639,3.077,2.282,1.395,17.875,19.997,27.788,16.9224,111.5,5.234,52.31,52.298,9.6211,11.499,20.012,20.625,45.045,8.229,9.151,0.768423,0.272961,11.15,2200,5750,0,9.40385,15.5,5918.47,5.29811,38.46,5.231,5.231,0,0,0,8.516,17.81,3200,38.99,1.195,41.7129,1.391,53,1.1,-1.625
2026-09-07T08:39:17.391311+00:00,1.30063,520.382,108,20.38,79.62,0,5902.2,3.5603,54.65,7.21163,1213.24,23.44,20.58,214.871,7.812,4.116,1.385,42.52,57.48,0,5907.6,6.7656,54.7,12.849,2038.56,31.25,39.81,587.776,12.31,11.35,1.395,6.515,87.36,6.129,5030.69,2.2099,46.5805,5.52175,338.526,6.25,6.544,80.9248,3.125,1.573,1.395,41.13,58.87,0,5907.6,5.0492,54.7,9.33563,1145.29,23.08,22.26,1356.2,20.63,26.49,1.395,4.12,82.28,13.6,5030.69,1.8101,46.5805,4.11563,206.501,4.688,4.005,73.962,3.125,1.432,1.395,8.809,89.07,2.126,5030.69,2.453,46.5805,4.06862,467.331,4.688,8.939,93.9675,3.125,1.833,1.395,3.773,96.23,0,5907.6,2.0352,54.7,3.27325,170.58,7.692,3.187,112.753,1.562,1.99,1.395,2.811,97.19,0,5907.6,1.8924,54.7,1.38163,100.449,1.562,1.718,125.176,3.125,2.242,1.395,20.25,21.956,30.443,18.5036,109.5,5.2684,55.022,54.869,9.6705,11.558,21.944,21.875,47.796,9.841,9.88,0.676565,0.267726,10.95,2200,5750,0,9.34615,15.5,5912.91,5.77963,31.25,5.502,5.502,0,0,0,9.338,19.48,3200,38.985,1.195,41.625,1.388,53,1.1,-1.625
2026-09-07T08:39:18.409161+00:00,1.26026,505.513,108,20.95,79.05,0,5902.2,3.5319,54.65,6.96354,1248.69,23.44,21.36,218.968,1.538,4.183,1.39,48.61,51.39,0,5896.8,5.9978,54.6,10.6281,1497.78,28.12,29.19,1490.86,25,29.11,1.39,5.734,90.05,4.211,5021.49,2.1661,46.4953,5.27567,296.668,3.077,5.767,76.0054,1.538,1.487,1.39,31.1,68.9,0,5896.8,5.2958,54.6,9.90067,1360.96,26.56,26.46,550.946,4.615,10.61,1.39,4.476,84.9,10.62,5021.49,1.8855,46.4953,4.07862,209.44,4.615,4.072,87.6584,3.077,1.709,1.39,8.759,90.6,0.6452,5896.8,2.4843,54.6,4.02939,452.492,6.154,8.749,108.112,1.538,2.107,1.39,3.597,96.4,0,5896.8,2.0469,54.6,3.21491,182.863,6.25,3.421,85.4244,3.077,1.507,1.39,2.794,97.21,0,5896.8,1.9207,54.6,1.35863,92.6434,1.562,1.58,128.707,6.25,2.283,1.39,18.375,25.159,34.935,17.1639,110.5,5.1991,59.265,59.228,9.5935,11.467,25.08,21.5,52.122,9.151,9.6,0.797656,0.297112,11.05,2200,5750,0,9.37179,15.25,5918.22,5.55531,28.12,5.926,5.926,0,0,0,10.67,18.07,3200,38.9901,1.195,41.7619,1.39,53,1.1,-1.625
2026-09-07T08:39:19.427923+00:00,1.27237,516.646,108,22.87,77.13,0,5907.6,3.797,54.7,7.56859,1359.54,17.19,23.55,235.757,6.25,4.427,1.4,41.56,58.44,0,5907.6,5.4029,54.7,9.8142,2223.25,34.38,43.37,386.484,4.688,7.398,1.39,6.218,88.14,5.638,5030.69,2.2053,46.5805,5.51269,318.123,6.25,6.144,87.3388,1.587,1.692,1.39,35.6,64.4,0,5891.4,5.6276,54.55,10.5668,1837.2,25,35.6,377.226,7.812,7.197,1.39,4.335,85.37,10.29,5016.9,1.9021,46.4527,4.24234,213.288,6.25,4.126,78.7101,1.587,1.52,1.39,9.827,89.12,1.054,5891.4,2.6274,54.55,4.576,514.871,14.06,9.861,112.42,1.587,2.177,1.39,3.752,96.25,0,5891.4,2.0631,54.55,3.31859,190.141,3.125,3.502,91.757,1.562,1.595,1.39,3.069,96.93,0,5891.4,1.9668,54.55,1.62161,109.218,1.562,1.852,131.015,3.125,2.34,1.39,19.375,24.798,34.435,17.2465,104,5.2335,59.05,59.257,9.6153,11.493,24.884,21.125,51.684,8.501,9.772,0.751888,0.349674,10.4,2200,5750,0,9.24359,15.5,5916.77,5.63543,34.38,5.905,5.905,0,0,0,10.59,18.15,3200,38.995,1.195,41.7327,1.39,53,1.1,-1.625
2026-09-07T08:39:20.447006+00:00,1.26635,504.187,108,21,79,0,5902.2,3.5927,54.65,7.0093,1250.96,23.81,22.21,170.27,1.587,3.237,1.395,42.93,57.07,0,5026.09,5.6356,46.5379,10.2062,1387.2,19.05,27.03,1258.25,22.22,24.51,1.39,5.481,90.61,3.909,5026.09,2.1556,46.5379,5.21068,276.75,4.762,5.355,81.0423,0,1.59,1.39,36.81,63.19,0,5902.2,5.6592,54.65,10.5817,1537.47,19.05,30.17,708.903,9.524,13.67,1.39,4.155,85.52,10.33,5026.09,1.9001,46.5379,4.09824,197.732,4.762,3.865,80.0811,0,1.568,1.39,9.488,90.33,0.1858,5026.09,2.6023,46.5379,4.53166,490.32,7.937,9.44,111.183,1.562,2.186,1.39,3.92,96.08,0,5902.2,2.1032,54.65,3.25842,191.712,3.175,3.616,98.5162,0,1.721,1.39,2.85,97.15,0,5902.2,1.9672,54.65,1.64359,101.893,0,1.758,124.702,0,2.273,1.39,21.75,21.113,29.356,17.1879,80.5,5.2635,53.92,53.941,9.6327,11.512,21.124,20.875,46.659,7.34,9.638,0.72066,0.276335,8.05,2200,5750,0,9.52564,15.5,5918.09,5.56709,23.81,5.392,5.392,0,0,0,8.989,18.09,3200,38.9648,1.195,41.7095,1.392,53,1.1,-1.625
2026-09-07T08:39:21.211443+00:00,1.25717,505.874,108,20.96,79.04,0,5907.6,3.546,54.7,6.92387,1249.46,13.85,20.99,245.49,9.231,4.607,1.385,36.93,63.07,0,5902.2,5.5034,54.65,10.2901,1447.21,23.08,28.09,830.276,13.85,16.1,1.39,6.547,89.26,4.19,5026.09,2.2523,46.5379,5.29689,334.389,10.77,6.502,83.1449,3.077,1.627,1.39,41.92,58.08,0,5902.2,5.7281,54.65,10.5908,1306.74,15.38,25.42,1259.87,21.54,24.52,1.39,4.046,83.48,12.47,5026.09,1.8244,46.5379,3.94423,201.745,3.077,3.927,73.3756,4.615,1.425,1.39,8.585,90.99,0.4213,5902.2,2.5189,54.65,4.44176,452.295,6.154,8.71,93.7589,4.615,1.836,1.39,3.865,96.14,0,5902.2,2.0946,54.65,3.15412,188.384,4.615,3.486,100.286,1.538,1.799,1.39,2.857,97.14,0,5902.2,1.9602,54.65,1.70891,102.449,3.077,1.761,125.107,3.077,2.252,1.39,19.375,21.24,29.524,17.1343,66,5.1674,53.751,53.553,9.5042,11.36,21.194,20.625,46.569,8.846,9.565,0.735,0.268734,6.6,2200,5750,0,9.28846,16,5918.73,5.45064,23.08,5.375,5.375,0,0,0,9.019,18.04,3200,38.9852,1.195,41.8026,1.391,53,1.1,-1.625
2026-09-07T08:39:22.229312+00:00,1.35968,542.888,108,19.64,80.36,0,5896.8,3.3763,54.6,6.74104,1169.67,12.5,19.58,236.179,1.587,4.482,1.39,42.63,57.37,0,5902.2,6.5939,54.65,12.8616,1953.76,32.81,38.17,659.723,6.25,12.83,1.385,5.731,87.59,6.682,5026.09,2.0794,46.5379,5.13093,286.224,7.812,5.583,88.3578,0,1.714,1.385,48.64,51.36,0,5907.6,6.3345,54.7,12.1107,786.693,12.5,15.3,2167.27,35.94,42.36,1.385,4.079,83.93,11.99,5026.09,1.7946,46.5379,3.98133,196.727,0,3.845,77.3614,0,1.502,1.39,8.382,89.91,1.707,5902.2,2.3651,54.65,4.28923,421.497,7.812,8.209,115.442,0,2.26,1.39,4.119,95.88,0,5902.2,2.0516,54.65,3.19387,197.081,1.562,3.688,106.52,0,1.92,1.39,2.757,97.24,0,5902.2,1.8709,54.65,1.42457,90.0331,0,1.584,133.662,0,2.419,1.39,20.75,22.538,31.259,19.1247,114.5,5.1774,55.601,55.717,9.501,11.357,22.569,22.25,48.311,7.423,10.34,0.753728,0.301632,11.45,2200,5750,0,9.28846,15.75,5912.53,5.90136,35.94,5.56,5.56,0,0,0,9.604,20.13,3200,38.9798,1.195,41.8133,1.388,53,1.1,-1.625
2026-09-07T08:39:23.246482+00:00,1.33717,535.853,108,21,79,0,5896.8,3.5672,54.6,7.06569,1249.23,20.31,21.11,240.28,6.154,4.557,1.385,44.85,55.15,0,5907.6,6.5239,54.7,12.6024,2374.19,32.81,46.48,390.042,7.812,7.549,1.4,5.569,85.12,9.314,5026.09,1.973,46.5379,5.06969,278.965,6.349,5.387,79.5443,1.562,1.54,1.395,42.49,57.51,0,5902.2,6.0093,54.65,11.5508,1443.02,21.88,28.23,1156.65,18.75,22.82,1.395,4.243,82.62,13.14,5026.09,1.7713,46.5379,3.98086,193.366,3.175,3.773,88.9039,0,1.715,1.395,8.441,89.81,1.748,5902.2,2.3784,54.65,4.32257,414.834,7.812,8.058,122.948,3.125,2.387,1.395,4.231,95.77,0,5902.2,2.0545,54.65,3.18531,195.077,1.562,3.659,116.606,1.562,2.061,1.395,2.89,97.11,0,5902.2,1.8992,54.65,1.50813,95.4888,0,1.661,134.509,0,2.445,1.395,21.25,22.259,30.878,18.4622,113.5,5.1751,55.194,55.103,9.496,11.35,22.274,22.5,47.921,8.304,10.21,0.826894,0.298183,11.35,2200,5750,0,9.42308,15.75,5913.76,5.90128,32.81,5.519,5.519,0,0,0,9.478,19.43,3200,38.9349,1.195,41.8178,1.389,52.965,1.1,-1.625
2026-09-07T08:39:24.262190+00:00,1.34126,541.313,108,22.4,77.6,0,5902.2,3.7551,54.65,7.43468,1331.91,25,22.1,272.279,14.29,5.092,1.39,39.65,60.35,0,5891.4,6.019,54.55,11.3589,1875.19,28.12,36.51,577.642,14.06,11.13,1.39,6.733,90.79,2.481,5016.9,2.3195,46.4527,5.5727,344.014,7.812,6.701,94.1912,3.125,1.845,1.39,43,57,0,5891.4,5.7911,54.55,10.9284,905.962,18.75,17.55,1727.74,31.25,33.7,1.39,4.591,87.82,7.592,5016.9,1.9654,46.4527,4.24387,226.267,4.688,4.4,85.5935,1.562,1.665,1.39,10.95,88.63,0.4138,5891.4,2.7133,54.55,4.76652,605.716,18.75,11.67,94.7186,1.562,1.857,1.39,3.846,96.15,0,5891.4,2.0613,54.55,3.20308,185.248,3.125,3.486,100.784,1.562,1.728,1.39,2.956,97.04,0,5891.4,1.9473,54.55,1.66354,101.544,1.562,1.761,132.199,1.562,2.357,1.39,20.25,25.111,34.855,17.519,70,5.2779,59.439,59.326,9.7017,11.595,25.069,22.125,52.256,11.05,10.22,0.738894,0.294983,7,2200,5750,0,9.33333,15.75,5916.55,5.7241,31.25,5.944,5.944,0,0,0,10.67,18.44,3200,38.985,1.195,41.8508,1.389,53,1.1,-1.625
2026-09-07T08:39:25.281450+00:00,1.30121,522.272,108,22.46,77.54,0,5880.6,3.7586,54.45,7.39488,1333.71,10.94,22.56,248.256,7.812,4.666,1.365,37.99,62.01,0,5044.36,5.4435,46.707,10.1048,2100.6,26.56,40.97,239.267,7.812,4.517,1.38,5.736,83.97,10.29,5044.36,2.0566,46.707,5.20325,305.12,4.688,5.898,69.2796,1.562,1.356,1.38,43.52,56.48,0,5869.8,6.1386,54.35,11.4119,1518.91,26.98,29.61,1141.47,15.62,22.03,1.38,3.985,78.4,17.62,5021.16,1.7385,46.4922,3.91675,197.186,1.562,3.828,74.9794,0,1.357,1.375,9.839,84.18,5.976,5864.4,2.5138,54.3,4.46013,532.542,6.25,10.27,89.0329,4.688,1.73,1.375,3.787,96.21,0,5864.4,2.0622,54.3,3.20225,177.712,3.125,3.219,108.052,1.562,1.892,1.375,2.81,97.19,0,5864.4,1.9062,54.3,1.497,89.2572,1.562,1.509,130.968,0,2.298,1.375,19.375,26.928,37.351,18.0038,108.5,5.2449,61.944,62.127,9.664,11.551,26.946,22.875,54.671,7.546,9.857,0.738138,0.271898,10.85,2200,5750,0,9.42949,16,5913.38,5.54938,26.98,6.194,6.194,0,0,0,11.47,18.95,3200,38.98,1.195,41.845,1.388,53,1.1,-1.625
2026-09-07T08:39:26.298899+00:00,1.27947,509.697,108,20.99,79.01,0,5902.2,3.5304,54.65,6.92528,1248.98,19.05,21.5,220.326,6.25,4.176,1.39,40.18,59.82,0,5030.69,5.6196,46.5805,10.4129,2164.75,33.33,42.33,299.084,6.349,5.76,1.395,6.324,85.07,8.606,5030.69,2.1127,46.5805,5.22467,326.039,7.812,6.354,76.7603,0,1.489,1.395,39.08,60.92,0,5030.69,5.9236,46.5805,11.1416,1283.86,21.88,25.03,1103.01,14.29,21.71,1.395,4.565,81.37,14.07,5030.69,1.8076,46.5805,4.02683,215.954,0,4.21,76.9044,0,1.591,1.395,9.679,87.47,2.854,5030.69,2.4645,46.5805,4.25652,500.683,6.349,9.721,112.752,3.125,2.214,1.395,4.183,95.82,0,5907.6,2.0753,54.7,3.23094,181.485,1.587,3.508,115.679,0,2.117,1.395,2.941,97.06,0,5907.6,1.9276,54.7,1.4501,97.1363,0,1.694,131.746,1.587,2.389,1.395,15.5,22.823,31.68,17.6526,76.5,5.1938,56.039,56.093,9.5223,11.382,22.838,22.5,48.775,7.6,9.737,0.712041,0.284546,7.65,2200,5750,0,9.25641,15.5,5915.45,5.63315,33.33,5.604,5.604,0,0,0,9.718,18.58,3200,38.985,1.195,41.7934,1.39,53,1.1,-1.625
2026-09-07T08:39:27.316027+00:00,1.26581,511.189,108,22.92,77.08,0,5902.2,3.7812,54.65,7.42359,1362.54,18.46,22.58,280.375,4.615,5.228,1.395,33.62,66.38,0,5896.8,5.2487,54.6,9.43657,1464.83,23.08,28.42,631.041,10.77,12.19,1.385,6.35,86.98,6.666,5021.49,2.2418,46.4953,5.45339,337.495,6.154,6.538,72.8604,1.538,1.427,1.385,42.59,57.41,0,5896.8,5.4424,54.6,9.73294,740.493,7.692,14.31,1857.9,30.77,36.25,1.385,4.094,82.76,13.15,5021.49,1.8182,46.4953,4.01422,195.264,6.154,3.782,78.0315,1.538,1.516,1.385,10.26,89.15,0.5883,5896.8,2.7037,54.6,4.58358,544.93,10.77,10.49,104.416,3.077,2.038,1.385,3.976,96.02,0,5896.8,2.1003,54.6,3.28635,193.443,1.538,3.568,96.7897,0,1.701,1.39,2.773,97.23,0,5896.8,1.9473,54.6,1.58074,92.8839,1.538,1.605,125.744,3.077,2.227,1.39,22.625,25.228,35.042,16.9033,72,5.1798,59.258,59.252,9.4827,11.335,25.192,21.875,52.074,8.173,9.617,0.607239,0.240898,7.2,2200,5750,0,9.3141,15.5,5917.04,5.47057,30.77,5.926,5.926,0,0,0,10.72,17.79,3200,38.9802,1.195,41.8299,1.391,53,1.1,-1.625
2026-09-07T08:39:28.332429+00:00,1.29925,521.446,108,21.47,78.53,0,5902.2,3.6976,54.65,7.22465,1279.16,14.06,21.88,234.052,3.125,4.397,1.39,40.26,59.74,0,5896.8,5.7006,54.6,10.4189,1611.96,17.19,31.2,881.914,14.06,17.15,1.385,6.469,90.56,2.972,5896.8,2.3168,54.6,5.47201,331.419,4.688,6.426,83.8848,0,1.63,1.385,39.02,60.98,0,5891.4,5.3102,54.55,9.85705,940.015,12.5,18.07,1443.93,26.56,28.16,1.39,4.708,86.29,9.001,5891.4,1.9607,54.55,4.22063,219.922,4.688,4.261,91.8208,0,1.78,1.39,10.95,88.94,0.111,5891.4,2.7291,54.55,4.6634,577.988,9.375,11.16,114.121,0,2.21,1.39,4.109,95.89,0,5891.4,2.1278,54.55,3.27272,203.324,1.562,3.803,97.7656,0,1.715,1.39,2.941,97.06,0,5891.4,1.9706,54.55,1.70444,96.9627,1.562,1.653,134.901,0,2.384,1.39,19.375,23.38,32.489,17.1902,110.5,5.2038,56.906,56.813,9.562,11.429,23.388,21.5,49.642,6.836,9.867,0.809906,0.303673,11.05,2200,5750,0,9.37821,16.25,5916.45,5.45921,26.56,5.691,5.691,0,0,0,9.952,18.09,3200,38.9598,1.195,41.8745,1.391,53,1.1,-1.625
2026-09-07T08:39:29.349653+00:00,1.44803,575.06,108,21.07,78.93,0,5853.6,3.5958,54.2,7.2125,1254.13,12.5,21.98,194.292,3.125,3.705,1.38,51.47,48.53,0,5859,6.7208,54.25,12.9209,2444.97,35.94,47.18,781.784,9.375,15.33,1.365,6.525,88.7,4.777,5035.08,2.2494,46.6211,5.55438,333.278,6.25,6.629,76.5588,0,1.507,1.365,44.32,55.68,0,5859,6.6198,54.25,13.2584,751.309,9.375,14.88,1923.28,31.25,38.03,1.365,4.656,86.44,8.901,5035.08,1.926,46.6211,4.24938,222.674,0,4.413,82.2028,0,1.61,1.365,9.283,88.6,2.12,5035.08,2.4762,46.6211,4.85488,483.308,6.25,9.534,90.5542,0,1.787,1.365,4.491,95.51,0,5859,2.0918,54.25,3.30863,210.872,1.562,3.998,115.631,0,2.072,1.365,2.993,97.01,0,5859,1.9506,54.25,1.81888,94.1747,0,1.704,141.93,0,2.63,1.365,33.75,23.057,31.968,20.0334,86,5.2093,56.35,56.282,9.546,11.41,23.043,23.5,49.108,7.227,11.06,0.903359,0.351244,8.6,2200,5750,0,9.14744,15.75,5908.74,5.99888,35.94,5.635,5.635,0,0,0,9.806,21.09,3200,38.995,1.195,41.885,1.388,53,1.1,-1.625
2026-09-07T08:39:30.366511+00:00,2.00169,848.281,108,28.83,71.17,0,5761.8,4.2383,53.35,8.7933,1701.56,23.81,27.73,449.475,9.524,8.602,1.335,65.89,34.11,0,5756.4,8.3795,53.3,17.2667,3243.87,57.14,64.22,987.895,20.63,18.99,1.34,11.77,78.75,9.472,5756.4,2.5968,53.3,6.61757,597.865,15.87,11.52,195.879,3.175,3.779,1.34,55.54,44.46,0,5756.4,7.5615,53.3,15.4066,2929.36,44.44,56.64,727.704,15.87,14.02,1.34,9.365,79.32,11.31,5761.8,2.2709,53.35,5.18907,498.715,12.7,9.622,156.253,3.175,3.017,1.335,14.74,80.28,4.981,5761.8,2.8932,53.35,5.90571,788.745,17.46,15.19,258.92,4.762,5.004,1.335,8.764,91.24,0,5761.8,2.4222,53.35,4.13922,478.468,12.7,9.169,145.374,1.587,2.671,1.335,5.266,94.73,0,5761.8,2.0904,53.35,2.11518,210.835,3.175,3.911,201.568,4.762,3.724,1.335,28.375,26.438,36.337,22.7083,79.5,5.2593,60.84,60.282,9.64,11.522,26.336,25.625,53.644,15.67,16.11,2.04217,0.591659,7.95,2200,5750,0,9.80128,16.75,5890.2,6.75315,57.14,6.084,6.084,0,0,0,11.21,23.9,3200,39,1.195,41.8348,1.379,53,1.1,-1.625
2026-09-07T08:39:31.384924+00:00,1.48242,594.151,108,19.98,80.02,0,5896.8,3.5335,54.6,7.60195,1185.9,16.92,19.62,273.099,9.231,5.208,1.39,37.86,62.14,0,5875.2,5.9464,54.4,12.8217,1653.97,21.54,32.34,711.056,6.154,13.78,1.385,6.311,81.46,12.23,5049,2.0328,46.75,5.71856,315.201,4.615,6.204,81.2811,1.538,1.576,1.385,62.6,37.4,0,5886,8.0731,54.5,16.0537,2510.43,33.85,49.06,1335.99,21.54,26.25,1.38,4.887,79.66,15.45,5886,1.7607,54.5,4.47115,237.695,4.615,4.702,79.9796,1.538,1.544,1.38,9.374,82.15,8.474,5886,2.3544,54.5,5.25777,447.895,7.692,8.778,136.583,3.077,2.647,1.38,4.246,95.75,0,5886,2.0338,54.5,3.57039,217.751,4.615,4.122,84.7034,0,1.533,1.38,2.982,97.02,0,5886,1.8911,54.5,1.88683,99.679,3.077,1.838,135.22,3.077,2.5,1.38,18.875,22.994,31.776,21.7498,119.5,5.2753,56.56,57.146,9.6588,11.544,23.115,26.625,49.123,8.942,11.36,1.01955,0.361976,11.95,2200,5750,0,9.47436,16.25,5899.6,6.4788,33.85,5.656,5.656,0,0,0,9.836,22.89,3200,38.9901,1.195,41.8817,1.384,53,1.1,-1.625
2026-09-07T08:39:32.403304+00:00,1.49925,596.562,108,20.05,79.95,0,5891.4,3.3848,54.55,6.82748,1194.15,14.06,20.38,238.905,1.562,4.523,1.39,50.08,49.92,0,5891.4,6.1262,54.55,12.1872,1518.67,18.75,29.74,1556.85,28.12,30.41,1.39,6.911,87.1,5.993,5016.9,2.2084,46.4527,5.41362,353.479,3.125,6.913,88.6573,0,1.718,1.39,51.07,48.93,0,5891.4,7.7292,54.55,15.4334,2600.56,40.62,51,511.473,3.125,9.986,1.39,4.369,87.16,8.468,5891.4,1.8813,54.55,4.16763,212.917,4.688,4.18,80.4598,0,1.551,1.39,9.901,86.58,3.521,5891.4,2.5436,54.55,5.22781,500.78,6.25,9.802,119.072,1.562,2.318,1.39,4.308,95.69,0,5891.4,2.0819,54.55,3.29275,216.434,0,4.171,100.235,0,1.8,1.39,3.227,96.77,0,5891.4,1.9226,54.55,1.78573,103.911,0,1.836,148.441,0,2.703,1.39,26,23.278,32.25,20.5531,118.5,5.2396,56.802,56.802,9.6357,11.517,23.278,26.25,49.53,7.617,11.44,1.10295,0.384471,11.85,2200,5750,0,9.19231,15.5,5906.35,6.07849,40.62,5.68,5.68,0,0,0,9.905,21.63,3200,38.995,1.195,41.9107,1.386,53,1.1,-1.625
2026-09-07T08:39:33.422374+00:00,1.5522,613.17,108,20.05,79.95,0,5902.2,3.4825,54.65,7.17605,1189.97,10.94,21.1,191.235,3.125,3.645,1.39,57.13,42.87,0,5896.8,7.1843,54.6,14.5399,2039.75,31.25,39.77,1450.21,21.88,28.4,1.385,6.048,84.91,9.04,5896.8,2.0627,54.6,5.32558,317.411,3.125,6.208,78.9126,1.562,1.527,1.385,50.5,49.5,0,5896.8,7.7086,54.6,15.9068,2505.07,32.81,49.04,563.773,1.562,11.01,1.385,4.852,83.66,11.49,5891.4,1.8862,54.55,4.23624,247.233,3.125,4.842,77.9691,0,1.526,1.385,9.668,85.37,4.961,5891.4,2.4189,54.55,5.11774,510.483,12.5,9.949,98.3829,1.562,1.92,1.385,3.94,96.06,0,5891.4,1.9952,54.55,3.20646,197.978,0,3.794,98.967,1.562,1.757,1.385,3.031,96.97,0,5891.4,1.874,54.55,1.70933,99.2437,0,1.76,144.132,0,2.677,1.385,18.875,24.16,33.362,22.2981,84,5.2781,58.021,58.02,9.6924,11.585,24.164,26.875,50.752,7.812,11.81,0.97756,0.358101,8.4,2200,5750,0,9.47436,16,5898.2,6.32695,32.81,5.802,5.802,0,0,0,10.28,23.47,3200,38.995,1.195,41.8699,1.382,53,1.1,-1.625
2026-09-07T08:39:34.437965+00:00,1.42886,574.804,108,20.11,79.89,0,5902.2,3.5335,54.65,7.21254,1196.36,14.06,20.61,215.866,1.562,4.123,1.395,53.22,46.78,0,5896.8,7.1422,54.6,14.0673,1876.01,28.12,36.93,1496.12,25,29.19,1.39,6.427,86.38,7.198,5021.49,2.1424,46.4953,5.42233,317.456,6.25,6.229,92.6846,0,1.811,1.39,43.17,56.83,0,5896.8,6.4484,54.6,12.7923,2012.93,32.81,39.41,619.208,6.25,12.07,1.39,4.368,85.34,10.29,5021.49,1.8671,46.4953,4.18781,216.934,1.562,4.288,76.655,0,1.49,1.39,8.279,88.55,3.17,5021.49,2.3213,46.4953,4.38074,434.862,12.5,8.571,89.8076,0,1.751,1.39,4.172,95.83,0,5896.8,2.0444,54.6,3.29758,188.603,3.125,3.656,116.832,0,2.106,1.39,3.144,96.86,0,5896.8,1.9129,54.6,1.53709,105.553,0,1.836,140.988,1.562,2.617,1.39,28.375,23.078,31.971,20.3977,119,5.2125,56.375,56.373,9.5759,11.446,23.057,26.375,49.151,8.301,11.04,0.851324,0.331074,11.9,2200,5750,0,9.17949,16.25,5908.21,6.16683,32.81,5.638,5.638,0,0,0,9.812,21.47,3200,38.995,1.195,41.8811,1.387,53,1.1,-1.625
2026-09-07T08:39:35.203231+00:00,1.58259,630.327,108,21.36,78.64,0,5875.2,3.6312,54.4,7.44593,1267.52,12.5,22.02,222.612,3.125,4.238,1.375,57.89,42.11,0,5886,7.6103,54.5,15.4309,2518.33,40.62,49.11,1056.18,14.06,20.6,1.375,6.848,80.93,12.22,5886,2.0509,54.5,5.34153,346.313,6.25,6.747,93.6778,0,1.805,1.375,51.06,48.94,0,5886,7.3519,54.5,15.1632,717.143,15.62,13.77,2388.97,35.94,46.91,1.375,4.277,79.88,15.84,5886,1.7257,54.5,3.98277,217.805,3.125,4.236,78.1768,0,1.49,1.375,9.002,84.22,6.78,5886,2.3179,54.5,4.96953,475.149,9.375,9.277,102.758,1.562,1.973,1.375,4.646,95.35,0,5880.6,2.0295,54.45,3.22303,231.083,1.562,4.383,113.793,0,2.049,1.38,3.182,96.82,0,5880.6,1.9006,54.45,1.78671,108.181,0,1.894,147.543,1.562,2.716,1.38,22.625,24.221,33.429,22.5172,99,5.2104,57.896,57.933,9.5919,11.465,24.222,27.125,50.625,9.082,12.08,1.03622,0.364846,9.9,2200,5750,0,9.33333,15.75,5898.16,6.34515,40.62,5.79,5.79,0,0,0,10.31,23.7,3200,38.985,1.195,41.8851,1.382,53,1.1,-1.625
2026-09-07T08:39:36.221801+00:00,1.50722,596.227,108,20.6,79.4,0,5902.2,3.518,54.65,7.12487,1225.79,14.06,21.31,197.509,0,3.757,1.39,47.05,52.95,0,5896.8,6.1256,54.6,12.4124,1483.04,18.75,28.7,1421.04,26.56,27.84,1.39,7.248,86.18,6.573,5896.8,2.2445,54.6,5.54422,360.494,1.562,7.055,94.0158,0,1.834,1.39,53.38,46.62,0,5896.8,7.7832,54.6,15.5496,627.129,7.812,12.15,2626.95,42.19,51.67,1.39,5.727,85.77,8.499,5896.8,2.0057,54.6,4.30616,287.855,1.562,5.657,78.9273,0,1.542,1.39,9.739,87.37,2.895,5896.8,2.495,54.6,5.15389,499.798,6.25,9.768,105.777,1.587,2.063,1.39,4.091,95.91,0,5896.8,2.0457,54.6,3.25126,211.024,0,3.957,89.2895,0,1.604,1.39,2.877,97.12,0,5896.8,1.9001,54.6,1.75967,89.0502,0,1.575,141.933,0,2.616,1.39,22.625,23.337,32.267,20.7348,82,5.2752,56.927,57.021,9.6744,11.563,23.363,26.625,49.633,7.521,11.44,0.920457,0.346497,8.2,2200,5750,0,9.38462,15.75,5902.85,6.05276,42.19,5.693,5.693,0,0,0,9.942,21.83,3200,38.995,1.195,41.8543,1.384,53,1.1,-1.625
2026-09-07T08:39:37.240122+00:00,1.59658,637.13,108,23.11,76.89,0,5886,3.8009,54.5,7.86384,1371.5,23.44,24.31,220.538,4.688,4.202,1.39,45.4,54.6,0,5902.2,6.2514,54.65,12.8719,2079.37,39.06,41.16,756.269,10.94,14.56,1.395,8.627,84.1,7.276,5026.09,2.3591,46.5379,6.07435,451.504,7.937,8.731,93.4457,1.562,1.826,1.395,55.47,44.53,0,5902.2,7.4064,54.65,14.7032,1361.06,23.44,26.62,2033.93,30.16,39.6,1.395,5.985,84.57,9.441,5026.09,2.0587,46.5379,4.72593,305.098,4.762,5.95,93.9868,1.562,1.837,1.395,12.52,83.07,4.418,5026.09,2.7231,46.5379,5.53485,672.622,12.7,13.01,116.113,1.562,2.26,1.395,4.932,95.07,0,5902.2,2.1659,54.65,3.6507,244.468,3.125,4.682,116.066,1.562,2.098,1.395,3.611,96.39,0,5902.2,2.0029,54.65,2.00953,121.207,3.125,2.139,156.904,3.125,2.924,1.395,24.125,23.689,32.765,20.8123,115.5,5.2346,57.296,57.267,9.6,11.474,23.704,26.375,49.997,10.8,12.24,1.13076,0.406013,11.55,2200,5750,0,9.25,15.75,5902.36,6.28837,39.06,5.73,5.73,0,0,0,10.09,21.91,3200,39,1.195,41.8847,1.385,53,1.1,-1.5625
2026-09-07T08:39:38.257424+00:00,1.481,584.18,108,20.46,79.54,0,5853.6,3.578,54.2,7.27127,1217.78,17.19,21.96,159.838,1.562,3.022,1.375,57.51,42.49,0,5848.2,7.4082,54.15,14.1189,1945.59,29.69,36.69,1619.96,26.98,32.23,1.37,7.198,87.05,5.749,5035.08,2.2219,46.6211,5.57783,371.323,6.25,7.37,73.4907,0,1.433,1.365,43,57,0,5869.8,6.5102,54.35,13.2246,567.741,3.125,10.81,2034.39,44.62,40.67,1.36,3.99,87.25,8.757,5869.8,1.8345,54.35,4.19006,197.972,3.125,3.916,68.9102,0,1.335,1.36,8.502,89.8,1.694,5869.8,2.3452,54.35,4.60185,443.784,3.077,8.727,88.7252,1.562,1.737,1.36,4.564,95.44,0,5869.8,2.0759,54.35,3.33546,212.528,0,4.083,115.682,1.562,2.083,1.36,2.881,97.12,0,5869.8,1.906,54.35,1.6514,92.3047,0,1.673,136.87,0,2.505,1.36,20.25,23.328,32.314,20.6672,118,5.2727,56.844,56.57,9.6672,11.554,23.268,26.5,49.668,8.671,11.26,0.903615,0.328048,11.8,2200,5750,0,9.30769,15.5,5907.19,6.13551,44.62,5.684,5.684,0,0,0,9.901,21.75,3200,38.995,1.195,41.7898,1.386,53,1.1,-1.625
2026-09-07T08:39:39.276258+00:00,1.46943,593.126,108,19.48,80.52,0,5880.6,3.4056,54.45,6.98563,1158.91,17.19,19.88,217.899,4.688,4.118,1.38,53.8,46.2,0,5902.2,6.9727,54.65,14.5235,2628.26,46.88,52.69,750.195,14.06,14.31,1.39,6.437,86.49,7.072,5026.09,2.1976,46.5379,5.42363,330.026,12.5,6.381,86.6081,1.562,1.667,1.39,46.84,53.16,0,5902.2,7.0155,54.65,14.1416,947.056,18.75,18.41,1959.35,29.69,37.63,1.39,4.362,85.27,10.37,5026.09,1.8884,46.5379,4.15638,215.767,7.812,4.18,80.0592,1.562,1.545,1.39,8.988,88.43,2.579,5026.09,2.4359,46.5379,4.87025,481.965,12.5,9.354,91.6682,1.562,1.767,1.39,3.909,96.09,0,5026.09,2.0375,46.5379,3.23413,205.85,6.25,3.819,88.8231,3.125,1.594,1.39,3.114,96.89,0,5902.2,1.9342,54.65,1.80863,102.96,1.562,1.825,144.622,4.688,2.651,1.39,29.375,23.585,32.635,21.2616,124,5.2426,57.243,57.511,9.6205,11.499,23.637,26.375,49.9,11.52,11.36,1.06775,0.370569,12.4,2200,5750,0,9.4359,15.75,5906.03,6.28825,46.88,5.724,5.724,0,0,0,10.06,22.38,3200,39,1.195,41.87,1.385,53,1.1,-1.625
2026-09-07T08:39:40.295992+00:00,1.59548,634.973,108,21.25,78.75,0,5875.2,3.4544,54.4,6.99801,1262.75,20.31,21.42,256.987,3.077,4.934,1.37,55.26,44.74,0,5864.4,7.2873,54.3,14.9074,1944.99,37.5,37.9,1435.94,21.54,28.08,1.38,6.67,86.22,7.105,5039.72,2.1768,46.6641,5.46533,343.719,10.77,6.741,88.8896,1.538,1.723,1.38,54.22,45.78,0,5869.8,7.829,54.35,16.1164,1669.94,32.81,32.63,1625.15,25,31.9,1.38,5.31,83.45,11.24,5044.36,1.9356,46.707,4.30144,261.843,4.615,5.143,92.8718,1.538,1.803,1.375,9.317,86.75,3.933,5044.36,2.4513,46.707,5.28305,493.599,15.62,9.656,103.556,1.538,2.014,1.375,4.2,95.8,0,5869.8,2.0405,54.35,3.2628,210.772,3.125,4.01,105.416,1.562,1.921,1.375,3.32,96.68,0,5869.8,1.9297,54.35,1.87388,109.73,1.562,1.905,153.41,1.562,2.838,1.375,23.625,24.565,33.901,22.7055,104.5,5.2061,58.253,58.086,9.543,11.407,24.53,27.25,51.035,11.48,12.16,0.97188,0.36433,10.45,2200,5750,0,9.23718,16,5897.79,6.29933,37.5,5.825,5.825,0,0,0,10.44,23.9,3200,38.9901,1.195,41.8161,1.382,53,1.1,-1.5625
2026-09-07T08:39:41.314384+00:00,1.5461,617.015,108,22.46,77.54,0,5891.4,3.8043,54.55,7.76598,1334.96,17.19,23.49,230.053,3.125,4.34,1.385,56.93,43.07,0,5007.7,7.584,46.3676,15.2694,2263.31,29.69,44.52,1209.87,23.44,23.57,1.39,6.38,88.92,4.695,5007.7,2.193,46.3676,5.5748,325.599,6.25,6.384,83.5537,1.562,1.637,1.39,47.88,52.12,0,5886,6.8233,54.5,13.4886,2087.55,26.56,39.89,881.047,15.62,17.33,1.385,4.754,88.21,7.036,5886,1.955,54.5,4.31656,230.055,4.688,4.506,93.5163,1.562,1.821,1.385,8.383,89.53,2.083,5886,2.3624,54.5,4.69718,443.061,3.125,8.677,92.9404,1.562,1.801,1.385,4.502,95.5,0,5886,2.085,54.5,3.33766,223.386,3.125,4.283,108.269,3.125,1.938,1.385,3.317,96.68,0,5886,1.9515,54.5,1.77273,109.331,1.562,1.91,155.747,1.562,2.886,1.385,28,24.619,34.031,21.3152,116,5.2482,58.607,58.755,9.6241,11.503,24.648,27,51.306,8.984,11.81,0.988548,0.367611,11.6,2200,5750,0,9.37821,15.75,5902.74,6.26798,29.69,5.861,5.861,0,0,0,10.49,22.44,3200,39,1.195,41.8302,1.384,53,1.1,-1.625
2026-09-07T08:39:42.334289+00:00,1.62001,637.975,108,21.21,78.79,0,5891.4,3.6344,54.55,7.48751,1259.19,14.06,22.05,214.369,4.688,4.084,1.385,60.24,39.76,0,5875.2,7.8339,54.4,15.8479,3196.35,60.94,62.45,492.451,7.812,9.542,1.375,7.252,84.59,8.162,5875.2,2.2405,54.4,5.71104,351.64,4.688,6.823,108.441,1.562,2.099,1.375,51.19,48.81,0,5875.2,7.0362,54.4,14.7414,2590.55,40.62,51.44,478.283,9.375,9.255,1.375,5.179,82.89,11.93,5875.2,1.9338,54.4,4.39673,252.373,6.25,4.924,91.6592,1.562,1.769,1.375,9.104,87.02,3.874,5875.2,2.415,54.4,5.05869,470.932,7.812,9.152,108.952,6.25,2.117,1.375,4.658,95.34,0,5875.2,2.1603,54.4,3.53896,237.705,4.688,4.516,102.6,3.125,1.881,1.375,3.167,96.83,0,5875.2,1.9313,54.4,1.86576,102.325,3.125,1.861,149.795,1.562,2.649,1.375,19.75,24.955,34.504,22.1571,117.5,5.2672,59.165,59.077,9.7095,11.605,24.926,27.25,51.903,11.13,12.29,1.49422,0.397322,11.75,2200,5750,0,9.33974,16,5901.32,6.44955,60.94,5.917,5.917,0,0,0,10.61,23.32,3200,38.995,1.195,41.9111,1.384,53,1.1,-1.625
2026-09-07T08:39:43.352029+00:00,1.50085,597.456,108,21.22,78.78,0,5896.8,3.6499,54.6,7.43492,1261.99,18.75,21.66,240.676,3.125,4.557,1.385,56.26,43.74,0,5853.6,6.7534,54.2,13.4043,2995.05,40.62,58.61,447.506,4.688,8.683,1.39,6.802,86.45,6.747,5030.44,2.1736,46.5781,5.51369,343.608,7.812,6.774,90.137,1.562,1.759,1.39,43.73,56.27,0,5853.6,6.8786,54.2,14.0763,2337.28,46.88,45.95,318.879,3.125,6.201,1.39,4.982,84.87,10.15,5030.44,1.8974,46.5781,4.30854,237.496,3.125,4.684,95.4,1.562,1.862,1.39,8.844,87.41,3.749,5864.4,2.3444,54.3,4.84673,448.253,6.25,8.735,118.46,1.562,2.311,1.38,5.311,94.69,0,5864.4,2.1584,54.3,3.51231,272.93,6.25,5.181,108.043,1.562,1.964,1.38,2.936,97.06,0,5864.4,1.8792,54.3,1.80905,107.355,1.562,1.933,136.239,1.562,2.521,1.38,21.25,23.565,32.622,20.7284,118.5,5.2089,57.053,57.11,9.5422,11.406,23.591,26.75,49.758,9.375,11.46,0.931799,0.339603,11.85,2200,5750,0,9.52564,16,5903.45,6.14008,46.88,5.705,5.705,0,0,0,10.04,21.82,3200,38.995,1.195,41.9095,1.386,53,1.1,-1.5625
2026-09-07T08:39:44.370354+00:00,1.50477,599.792,108,20.11,79.89,0,5886,3.5284,54.5,7.133,1199.2,20.31,20.91,210.124,1.587,4.02,1.385,50.85,49.15,0,5896.8,6.43,54.6,13.1125,2560.13,34.38,50.62,525.36,12.5,10.14,1.395,7.126,87.83,5.043,5896.8,2.2732,54.6,5.56975,354.809,12.5,6.921,102.716,0,1.998,1.395,50.4,49.6,0,5880.6,7.2809,54.45,14.3155,2698.23,43.75,51.9,431.953,6.349,8.45,1.39,4.926,87.28,7.796,5021.49,1.9645,46.4953,4.30613,231.217,6.25,4.484,102.582,1.587,1.997,1.39,9.617,88.18,2.199,5896.8,2.4477,54.6,5.0445,482.317,14.06,9.583,121.416,0,2.367,1.39,4.316,95.68,0,5896.8,2.0333,54.6,3.2225,205.812,6.25,3.909,116.726,1.562,2.139,1.39,3.14,96.86,0,5896.8,1.9165,54.6,1.90275,115.315,0,2.061,138.778,4.688,2.577,1.39,23.625,23.513,32.581,20.3375,89.5,5.2736,57.195,57.179,9.654,11.539,23.514,26.25,49.921,10.36,11.5,1.05143,0.364034,8.95,2200,5750,0,9.23718,16,5908.4,6.09425,43.75,5.719,5.719,0,0,0,10.01,21.41,3200,39,1.195,41.935,1.387,53,1.1,-1.5625
2026-09-07T08:39:45.389261+00:00,1.59516,635.617,108,21.48,78.52,0,5875.2,3.5016,54.4,7.09222,1274.78,25,22.1,232.112,3.077,4.43,1.38,59.59,40.41,0,5886,7.6252,54.5,15.4889,2326.59,42.19,44.63,1417.42,23.44,27.95,1.375,6.519,83.59,9.892,5886,2.1324,54.5,5.4024,329.652,4.688,6.396,96.1444,4.615,1.866,1.375,50.72,49.28,0,5886,7.2527,54.5,15.5766,1312.81,18.75,26.67,1699.97,35.38,33.19,1.375,4.376,78.99,16.63,5886,1.751,54.5,4.05418,209.95,6.25,4.16,85.7991,3.077,1.662,1.375,9.727,88.89,1.381,5886,2.4885,54.5,5.37137,512.934,14.06,9.911,108.978,3.077,2.119,1.375,4.264,95.74,0,5886,2.0355,54.5,3.26139,206.041,7.812,3.899,117.402,1.562,2.053,1.375,2.844,97.16,0,5886,1.8948,54.5,1.99975,112.681,3.125,2.067,126.602,3.125,2.332,1.375,30.875,26.905,37.162,22.6081,72.5,5.2396,61.67,61.448,9.6331,11.514,26.879,27.375,54.44,12.45,12.21,0.951322,0.351481,7.25,2200,5750,0,9.62821,16,5899.42,6.32057,42.19,6.167,6.167,0,0,0,11.44,23.8,3200,38.99,1.195,41.8999,1.382,53,1.1,-1.625
2026-09-07T08:39:46.408073+00:00,1.57472,623.631,108,21.09,78.91,0,5902.2,3.4438,54.65,7.14503,1254.52,10.94,22.33,180.944,7.812,3.443,1.39,57.19,42.81,0,5891.4,7.65,54.55,15.8155,2843.59,48.44,56.39,618.53,7.812,11.86,1.39,6.678,89.73,3.595,5891.4,2.243,54.55,5.65274,326.83,6.25,6.4,106.433,3.125,2.061,1.39,49.93,50.07,0,5891.4,6.6204,54.55,13.6853,1419.25,29.69,27.51,1649.9,23.44,31.96,1.39,5.149,88.23,6.621,5016.9,1.9719,46.4527,4.39863,233.415,7.812,4.537,118.452,3.125,2.29,1.39,9.436,88.08,2.487,5891.4,2.4609,54.55,5.16866,501.958,14.06,9.703,102.474,4.688,1.98,1.39,4.581,95.42,0,5891.4,2.07,54.55,3.41032,220.584,4.688,4.154,125.053,1.562,2.232,1.39,3.417,96.58,0,5896.8,1.945,54.6,2.09341,118.259,4.688,2.159,157.895,4.688,2.848,1.38,24.625,27.463,37.949,21.3575,111.5,5.2142,62.427,62.571,9.5883,11.461,27.471,27.125,55.145,11.43,11.99,1.07522,0.374765,11.15,2200,5750,0,9.07692,15.75,5902.65,6.4194,48.44,6.243,6.243,0,0,0,11.69,22.48,3200,39,1.195,41.8796,1.383,53,1.1,-1.625
2026-09-07T08:39:47.426379+00:00,1.60622,640.975,108,23.69,76.31,0,5896.8,3.8252,54.6,7.83663,1406.47,14.06,24.36,233.592,3.125,4.476,1.385,56.3,43.7,0,5044.36,7.2462,46.707,14.8341,2590.31,40.62,50.77,867.153,17.19,16.82,1.385,8.102,88.55,3.351,5044.36,2.344,46.707,5.87913,401.069,9.375,7.791,115.483,0,2.262,1.385,49.05,50.95,0,5869.8,6.8046,54.35,14.1163,1121.09,18.75,21.8,1907.49,31.25,36.72,1.385,4.794,90.1,5.106,5044.36,2.014,46.707,4.521,218.836,3.125,4.272,105.286,1.562,2.06,1.38,10.92,88.69,0.3908,5044.36,2.7359,46.707,5.75738,562.316,7.812,10.9,130.137,1.562,2.553,1.38,4.655,95.34,0,5869.8,2.115,54.35,3.53825,229.289,4.688,4.372,110.871,0,2.02,1.38,3.118,96.88,0,5044.36,1.9585,46.707,2.25238,118.861,1.562,2.168,137.354,4.688,2.521,1.38,18.375,24.958,34.544,20.8402,118.5,5.1999,58.994,59.029,9.5843,11.456,24.96,26.625,51.719,9.961,12.24,1.03782,0.39265,11.85,2200,5750,0,9.50641,16,5904.21,6.41538,40.62,5.899,5.899,0,0,0,10.62,21.94,3200,39,1.195,41.86,1.386,53,1.1,-1.625
2026-09-07T08:39:48.446796+00:00,1.47216,587.004,108,21.15,78.85,0,5907.6,3.684,54.7,7.58125,1256.75,18.75,21.36,248.37,3.125,4.716,1.395,53.29,46.71,0,5886,6.4219,54.5,12.7219,1665.12,29.69,32.32,1600.17,21.88,31.35,1.38,6.568,90.4,3.028,5886,2.2704,54.5,5.73063,320.52,10.94,6.229,103.032,1.587,1.992,1.38,45.71,54.29,0,5886,6.9865,54.5,14.2888,546.134,4.688,10.35,2219.49,31.25,44.04,1.38,4.855,89.51,5.636,5886,1.9802,54.5,4.45475,218.076,4.688,4.211,105.54,1.587,2.034,1.38,8.678,90.25,1.071,5886,2.4408,54.5,5.14113,450.008,6.25,8.683,108.474,1.562,2.098,1.38,3.802,96.2,0,5886,2.0591,54.5,3.4315,191.948,1.562,3.573,102.901,1.562,1.785,1.38,3.162,96.84,0,5886,1.9631,54.5,2.09075,113.009,1.562,2.06,142.518,3.125,2.549,1.38,26.5,22.913,31.747,20.2146,64,5.2426,56.287,56.232,9.6568,11.541,22.899,26.125,49.055,8.987,11.21,0.824413,0.304369,6.4,2200,5750,0,9.51923,16.25,5906.54,6.20488,31.25,5.629,5.629,0,0,0,9.744,21.28,3200,39,1.195,41.845,1.386,53,1.1,-1.5625
2026-09-07T08:39:49.211476+00:00,1.55288,617.301,108,20.88,79.12,0,5902.2,3.5367,54.65,7.39052,1241.52,12.5,21.3,212.27,1.562,4.047,1.395,58.06,41.94,0,5896.8,7.1073,54.6,14.4786,3148.92,48.44,61.77,410.023,6.25,7.86,1.38,6.05,88.9,5.055,5896.8,2.143,54.6,5.63076,319.398,3.125,6.239,80.6963,1.538,1.586,1.38,48.1,51.9,0,5896.8,7.133,54.6,14.8466,809.622,9.375,15.71,2119.48,37.5,41.31,1.38,4.586,83.98,11.43,5896.8,1.8642,54.6,4.42818,218.718,3.125,4.296,92.8844,1.538,1.827,1.38,10.24,88.6,1.159,5896.8,2.591,54.6,5.51201,531.069,6.25,10.32,121.566,1.562,2.379,1.38,4.065,95.94,0,5896.8,2.0767,54.6,3.56106,207.523,4.688,3.979,101.338,1.562,1.853,1.38,3.299,96.7,0,5896.8,1.963,54.6,2.15803,123.285,1.562,2.171,138.497,1.562,2.523,1.38,18.875,23.78,32.878,21.7865,79.5,5.2665,57.544,57.631,9.708,11.603,23.78,27,50.274,8.884,11.82,1.0275,0.361202,7.95,2200,5750,0,9.17308,16,5901.61,6.49049,48.44,5.754,5.754,0,0,0,10.12,22.93,3200,39,1.195,41.8498,1.384,53,1.1,-1.5625
2026-09-07T08:39:50.227915+00:00,1.4925,599.533,108,21.92,78.08,0,5891.4,3.5801,54.55,7.30406,1310.95,17.46,22.68,214.528,3.175,4.092,1.385,53.26,46.74,0,5896.8,6.5812,54.6,12.4095,1783.22,22.22,34.89,1532.87,26.98,29.88,1.39,7.482,91.59,0.9273,5021.49,2.4114,46.4953,5.86303,376.381,9.524,7.328,105.27,1.587,2.05,1.39,42.09,57.91,0,5021.49,5.9221,46.4953,11.6471,632.877,9.524,12.24,1970.69,31.75,38.43,1.39,5.608,90.94,3.45,5021.49,2.1559,46.4953,4.70275,269.058,6.349,5.284,107.233,1.587,2.086,1.39,10.44,89.54,0.02663,5021.49,2.6153,46.4953,4.96522,534.954,4.762,10.42,125.502,1.587,2.445,1.39,4.668,95.33,0,5896.8,2.169,54.6,3.63117,239.337,4.762,4.551,101.776,1.587,1.771,1.39,3.784,96.22,0,5896.8,2.0778,54.6,2.15146,131.193,4.762,2.314,156.693,3.175,2.886,1.39,17.875,22.516,31.198,18.2971,115,5.2364,55.764,55.843,9.6056,11.481,22.558,26,48.439,9.425,11.46,1.05222,0.418561,11.5,2200,5750,0,9.5,15.75,5908.87,6.02041,31.75,5.576,5.576,0,0,0,9.599,19.26,3200,38.9899,1.195,41.8891,1.387,53,1.1,-1.5625
2026-09-07T08:39:51.246269+00:00,1.55441,628.771,108,22.97,77.03,0,5896.8,3.7415,54.6,7.6749,1378.61,16.92,24.18,265.959,1.562,5.022,1.39,51.76,48.24,0,5026.09,6.6841,46.5379,12.7612,2487.21,36.92,48.77,733.622,17.19,14.25,1.395,8.765,87.2,4.034,5026.09,2.4975,46.5379,6.19698,443.348,7.812,8.777,116.193,1.562,2.266,1.395,43.48,56.52,0,5026.09,6.2235,46.5379,12.2848,2255.06,35.94,44.12,451.938,9.231,8.757,1.395,6.277,88.78,4.944,5026.09,2.188,46.5379,4.90095,320.272,3.125,6.292,94.277,0,1.823,1.395,12.04,87.22,0.7442,5026.09,2.7944,46.5379,5.37238,614.525,12.5,12.13,141.86,3.125,2.764,1.395,5.966,94.03,0,5902.2,2.2971,54.65,3.89745,295.228,1.538,5.658,133.749,0,2.389,1.395,4.179,95.82,0,5902.2,2.1459,54.65,2.27532,139.493,1.538,2.532,188.998,0,3.557,1.395,25.125,23.404,32.465,18.8337,93.5,5.2657,57.09,57.064,9.6699,11.557,23.408,25.25,49.814,9.31,12.08,1.14081,0.460452,9.35,2200,5750,0,9.52564,15.75,5909.13,6.20671,36.92,5.709,5.709,0,0,0,9.961,19.82,3200,38.99,1.195,41.8952,1.389,53,1.1,-1.625
2026-09-07T08:39:52.264400+00:00,1.50757,615.675,108,24.51,75.49,0,5896.8,3.8326,54.6,7.72,1470.01,18.75,25.13,305.892,4.615,5.856,1.4,47.5,52.5,0,5026.09,5.8242,46.5379,11.0732,1089.06,17.19,21.32,1870.23,26.15,36.59,1.39,8.262,89.44,2.301,5026.09,2.4565,46.5379,6.04407,422.605,6.154,8.415,111.537,0,2.168,1.39,41.51,58.49,0,5902.2,6.6156,54.65,12.9435,2004.07,32.31,39.12,613.421,7.812,11.95,1.385,6.966,89.24,3.794,5026.09,2.2813,46.5379,4.96265,354.97,6.154,6.989,102.276,0,1.976,1.385,11.05,88.23,0.7204,5026.09,2.6283,46.5379,5.2195,554.71,12.31,11.07,145.102,0,2.818,1.385,6.242,93.76,0,5902.2,2.3443,54.65,3.94995,323.121,7.812,6.192,124.162,0,2.273,1.385,4.711,95.29,0,5902.2,2.1818,54.65,2.38583,142.267,0,2.555,217.369,1.562,4.055,1.385,23.125,23.643,32.809,18.3877,113,5.239,57.313,57.262,9.634,11.514,23.623,24.25,50.086,8.801,11.78,1.01613,0.404769,11.3,2200,5750,0,9.23718,15.5,5909.74,6.02316,32.31,5.731,5.731,0,0,0,10.05,19.36,3200,39,1.195,41.8327,1.39,53,1.1,-1.625
2026-09-07T08:39:53.282630+00:00,1.50035,608.095,108,22.77,77.23,0,5902.2,3.7947,54.65,7.66787,1361.74,17.19,24.49,212.352,3.125,4.051,1.395,51.85,48.15,0,5896.8,6.6965,54.6,12.6648,2402.37,42.19,47.1,867.793,9.375,16.87,1.385,8.52,87.7,3.778,5896.8,2.4759,54.6,5.99177,431.628,3.125,8.526,114.449,3.077,2.225,1.385,39.22,60.78,0,5896.8,5.7247,54.6,11.1952,2153.73,29.69,42.22,308.48,1.562,5.961,1.385,6.626,86.31,7.059,5896.8,2.1517,54.6,4.70102,318.682,3.125,6.304,110.661,1.538,2.154,1.385,11.03,87.29,1.678,5891.4,2.6389,54.55,4.96286,560.275,14.06,11.16,148.065,1.562,2.896,1.385,5.792,94.21,0,5891.4,2.2739,54.55,3.73043,294.23,4.688,5.659,122.017,1.562,2.227,1.385,4.221,95.78,0,5891.4,2.1098,54.55,2.17099,137.192,3.125,2.51,185.853,0,3.488,1.385,20.25,23.154,32.12,18.4189,105.5,5.2686,56.69,56.709,9.6857,11.576,23.11,23.75,49.492,8.687,11.74,1.00366,0.384344,10.55,2200,5750,0,9.30769,15.75,5910.26,5.94965,42.19,5.669,5.669,0,0,0,9.834,19.39,3200,39,1.195,41.8086,1.389,53,1.1,-1.5625
2026-09-07T08:39:54.301449+00:00,1.39793,559.364,108,21.14,78.86,0,5907.6,3.554,54.7,7.07063,1260.71,17.19,22.26,201.859,3.125,3.797,1.4,44.81,55.19,0,5880.6,5.5643,54.45,10.2794,1172.48,18.75,22.84,1611.15,21.88,31.46,1.385,7.23,87.01,5.764,5880.6,2.2556,54.45,5.45,363.707,6.25,7.14,98.7337,1.562,1.928,1.385,44,56,0,5880.6,6.1154,54.45,11.5113,1680.44,25,32.74,1026.77,12.5,20.06,1.375,4.813,85.22,9.965,5880.6,1.9193,54.45,4.21,234.233,4.688,4.585,89.1409,0,1.733,1.375,10.11,87.59,2.304,5880.6,2.5564,54.45,4.7155,531.187,9.375,10.48,101.308,0,1.971,1.375,4.31,95.69,0,5880.6,2.0997,54.45,3.329,224.791,4.688,4.283,91.7635,1.562,1.638,1.375,3.384,96.62,0,5880.6,1.988,54.45,1.81125,115.75,1.562,2.093,145.804,0,2.612,1.375,16.875,22.004,30.552,17.7234,118.5,5.2391,55.135,55.061,9.6278,11.507,22.034,23.25,47.822,8.008,10.73,1.12233,0.396609,11.85,2200,5750,0,9.08974,15.75,5914.58,5.66475,25,5.514,5.514,0,0,0,9.376,18.66,3200,38.99,1.195,41.791,1.39,53,1.1,-1.625
2026-09-07T08:39:55.319903+00:00,1.25229,501.576,108,19.86,80.14,0,5880.6,3.4901,54.45,6.71784,1183.35,12.5,20.58,185.834,1.587,3.485,1.38,48.72,51.28,0,5907.6,5.6894,54.7,9.90339,1150.22,14.06,22.36,1834.79,31.25,35.85,1.39,6.424,87.75,5.83,5030.69,2.1918,46.5805,5.06432,334.923,1.562,6.498,75.5071,0,1.467,1.39,31.31,68.69,0,5896.8,5.1704,54.6,9.5196,1368.09,21.88,26.32,592.768,9.375,11.41,1.385,3.813,83.81,12.38,5896.8,1.7757,54.6,3.70578,181.295,3.125,3.502,76.2903,1.587,1.468,1.385,8.534,89.7,1.767,5896.8,2.4232,54.6,3.90038,442.677,4.688,8.504,102.81,1.587,1.989,1.385,3.796,96.2,0,5896.8,2.0433,54.6,2.99045,185.597,3.125,3.433,93.3862,0,1.638,1.385,2.763,97.24,0,5896.8,1.9224,54.6,1.3559,104.737,0,1.767,112.932,0,2.008,1.385,17.875,21.832,30.307,17.2618,73.5,5.2608,54.983,55.026,9.693,11.585,21.873,22.75,47.679,6.645,9.518,0.681377,0.284035,7.35,2200,5750,0,9.52564,15.5,5917.3,5.26508,31.25,5.498,5.498,0,0,0,9.308,18.17,3200,38.995,1.195,41.8211,1.39,53,1.1,-1.5625
2026-09-07T08:39:56.337171+00:00,1.28395,509.981,108,21.08,78.92,0,5907.6,3.6164,54.7,7.03923,1253.44,26.56,21.85,176.651,1.538,3.346,1.395,46.06,53.94,0,5907.6,5.4211,54.7,9.59744,1105.86,14.06,21.42,1704.28,31.25,33.23,1.385,5.702,89.86,4.439,5907.6,2.182,54.7,5.19091,289.533,3.125,5.573,79.7101,0,1.555,1.385,36.96,63.04,0,5907.6,5.4877,54.7,10.0776,1589.24,25,31.22,687.454,10.94,13.13,1.385,3.884,83.4,12.72,5030.69,1.7527,46.5805,3.79791,186.177,1.562,3.61,70.8779,0,1.377,1.385,8.653,91.23,0.1145,5907.6,2.4994,54.7,4.16286,452.001,3.125,8.668,97.2174,0,1.906,1.385,3.771,96.23,0,5907.6,2.0505,54.7,3.10427,181.139,0,3.283,95.2781,0,1.698,1.385,2.291,97.71,0,5907.6,1.8933,54.7,1.44191,91.6829,0,1.615,99.1581,0,1.793,1.385,24.125,26.913,37.348,17.2802,78.5,5.2456,61.817,61.605,9.6822,11.573,26.824,22.25,54.691,7.323,9.704,0.805072,0.295013,7.85,2200,5750,0,9.21795,16,5917.68,5.39883,31.25,6.182,6.182,0,0,0,11.41,18.19,3200,39,1.195,41.8103,1.389,53,1.1,-1.625
2026-09-07T08:39:57.355958+00:00,1.14256,454.954,108,18.02,81.98,0,5907.6,3.2391,54.7,6.27022,1073.21,12.5,18.72,156.048,4.762,2.954,1.395,42.49,57.51,0,5907.6,4.9266,54.7,8.31534,924.04,14.06,17.84,1673.25,28.12,32.6,1.395,6.642,84.98,8.374,5030.69,2.1556,46.5805,5.06711,351.459,0,6.769,70.3183,0,1.364,1.395,29.73,70.27,0,5907.6,4.6893,54.7,8.32242,1132.36,14.06,21.87,689.48,9.524,13.26,1.395,3.26,82.23,14.51,5030.69,1.6896,46.5805,3.64699,156.953,1.587,3.004,67.9255,0,1.314,1.395,8.119,90.26,1.617,5030.69,2.3745,46.5805,3.78716,430.741,9.524,8.195,89.6185,0,1.748,1.395,3.679,96.32,0,5907.6,2.0345,54.7,3.03134,171.02,0,3.111,101.718,0,1.807,1.395,2.315,97.69,0,5030.69,1.8893,46.5805,1.40723,85.3789,0,1.505,105.737,0,1.827,1.395,17.875,25.962,36.033,16.4995,73.5,5.2699,60.746,60.86,9.6992,11.593,26.022,21.625,53.423,5.884,8.619,0.587375,0.228779,7.35,2200,5749.85,0,9.01923,15.25,5918.57,5.06914,28.12,6.075,6.075,0,0,0,11.07,17.37,3200,38.9949,1.195,41.7917,1.39,53,1.1,-1.625
2026-09-07T08:39:58.374844+00:00,1.33077,531.734,108,20.73,79.27,0,5896.8,3.5338,54.6,6.96743,1235.64,22.22,21.54,188.425,1.562,3.578,1.39,46.71,53.29,0,5902.2,5.9537,54.65,10.7794,1434.85,22.22,27.91,1450.58,28.57,28.28,1.395,6.15,90.5,3.354,5026.09,2.2352,46.5379,5.40531,316.18,7.812,6.114,81.8328,3.125,1.59,1.395,39.09,60.91,0,5902.2,5.3136,54.65,9.79998,1408.43,26.98,27.32,996.008,17.19,19.37,1.395,4.27,85.26,10.47,5026.09,1.8712,46.5379,4.14592,209.501,4.688,4.063,75.2843,1.562,1.447,1.395,9.427,89.88,0.689,5026.09,2.55,46.5379,4.33066,484.217,7.812,9.316,113.72,1.562,2.208,1.395,3.827,96.17,0,5902.2,2.1109,54.65,3.36811,193.017,0,3.639,90.814,1.562,1.567,1.395,2.86,97.14,0,5902.2,1.9799,54.65,1.65656,99.2972,1.587,1.755,129.954,1.562,2.353,1.395,15,24.812,34.465,17.3213,74.5,5.2372,59.02,59.189,9.635,11.516,24.829,21.5,51.741,9.377,10.13,0.863764,0.314739,7.45,2200,5750,0,9.17949,15.75,5916.49,5.62375,28.57,5.902,5.902,0,0,0,10.57,18.23,3200,38.995,1.195,41.7385,1.391,53,1.1,-1.5625
2026-09-07T08:39:59.390536+00:00,1.69582,673.489,108,22.66,77.34,0,5880.6,3.768,54.45,7.93944,1345.44,7.812,23.2,246.94,4.688,4.684,1.375,58.75,41.25,0,5875.2,7.4994,54.4,15.0204,2162.68,40.62,42.22,1429.07,29.69,27.91,1.385,7.631,84.9,7.466,5049,2.2904,46.75,5.97752,398.814,3.125,7.797,96.0038,1.562,1.87,1.385,55.85,44.15,0,5875.2,7.5146,54.4,15.1837,934.091,12.5,18.1,2469.58,43.75,48.34,1.385,5.374,82.48,12.14,5049,1.8923,46.75,4.57055,269.34,3.125,5.27,91.8434,1.562,1.781,1.385,10.85,88.67,0.4822,5875.2,2.6293,54.4,5.28971,573.794,7.812,11.16,120.887,1.562,2.358,1.385,5.059,94.94,0,5875.2,2.1135,54.4,3.63412,251.36,1.562,4.777,117.024,1.562,2.068,1.385,3.411,96.59,0,5875.2,1.9545,54.4,1.82005,120.319,1.562,2.217,148.642,1.562,2.733,1.385,25.5,25.944,35.772,22.152,77,5.2749,60.412,60.224,9.7065,11.601,25.911,24.625,53.176,10.25,12.91,1.16757,0.462428,7.7,2200,5750,0,9.42308,16,5894.1,6.57468,43.75,6.041,6.041,0,0,0,11.03,23.32,3200,39,1.195,41.7512,1.38,53,1.1,-1.625
2026-09-07T08:40:00.409415+00:00,1.59157,636.198,108,21.78,78.22,0,5859,3.5891,54.25,7.43105,1295.64,15.38,22.86,217.049,3.077,4.115,1.38,55.55,44.45,0,5859,7.1794,54.25,14.4329,2287.85,35.38,44.3,1165.74,18.46,22.91,1.37,6.755,88.4,4.844,5859,2.1712,54.25,5.57862,345.78,6.154,6.797,99.7639,0,1.932,1.37,51.98,48.02,0,5859,7.4179,54.25,15.1691,643.177,6.154,12.3,2531.39,47.69,49.92,1.37,5.1,85.87,9.035,5859,1.9304,54.25,4.40588,249.542,3.077,4.896,94.0448,0,1.822,1.37,9.756,87.61,2.636,5859,2.4744,54.25,5.09784,508.368,7.692,9.922,113.62,0,2.206,1.37,5.022,94.98,0,5859,2.111,54.25,3.53906,227.771,1.538,4.298,138.041,0,2.537,1.37,3.215,96.79,0,5859,1.922,54.25,1.76476,112.845,1.538,2.023,148.547,1.538,2.736,1.37,25.125,24.567,33.9,21.7864,128,5.2412,58.373,58.404,9.6329,11.513,24.515,25.75,51.179,9.231,12.22,0.976628,0.377021,12.8,2200,5750,0,9.48718,15.75,5896.97,6.37376,47.69,5.837,5.837,0,0,0,10.43,22.93,3200,39,1.195,41.7639,1.381,53,1.1,-1.625
2026-09-07T08:40:01.426411+00:00,1.42899,568.373,108,20.4,79.6,0,5902.2,3.4699,54.65,6.98266,1217.95,23.44,21.16,201.071,4.688,3.787,1.395,51.37,48.63,0,5896.8,6.1496,54.6,11.7794,1955.54,29.69,38.71,1177.62,23.44,22.87,1.385,7.05,88.25,4.695,5896.8,2.2643,54.6,5.53718,362.246,10.94,7.129,85.2102,4.688,1.677,1.385,40.53,59.47,0,5896.8,6.2222,54.6,12.1902,608.653,10.94,11.85,1890.21,28.12,36.74,1.385,4.641,86.08,9.277,5896.8,1.92,54.6,4.21993,234.295,9.375,4.631,76.1685,4.688,1.489,1.385,10.93,87.85,1.215,5896.8,2.5839,54.6,4.75287,571.965,12.5,11.17,124.492,3.125,2.444,1.385,4.599,95.4,0,5896.8,2.1264,54.6,3.39745,224.776,7.812,4.308,106.003,3.125,1.926,1.385,3.375,96.63,0,5896.8,1.9819,54.6,1.73129,104.814,3.125,1.892,152.946,7.812,2.751,1.385,19.375,21.817,30.22,18.9411,101,5.2585,54.866,55.006,9.6624,11.548,21.856,25.25,47.552,11.72,10.91,0.974258,0.359059,10.1,2200,5750,0,9.29487,16.25,5908.57,5.90195,29.69,5.487,5.487,0,0,0,9.3,19.94,3200,39,1.195,41.9242,1.387,53,1.1,-1.5625
2026-09-07T08:40:02.446121+00:00,1.41242,563.732,108,21.29,78.71,0,5902.2,3.5828,54.65,7.09159,1268.23,23.44,21.77,222.814,4.688,4.21,1.39,42.52,57.48,0,5902.2,6.5732,54.65,12.5273,2207.52,34.38,43.1,399.89,6.25,7.693,1.39,7.573,88.65,3.777,5902.2,2.3827,54.65,5.55843,410.567,7.812,8.014,71.3698,1.562,1.387,1.39,47.8,52.2,0,5902.2,5.6983,54.65,10.5581,1951.96,25,38.15,982.618,12.5,19.01,1.39,4.402,87.06,8.538,5891.4,1.9353,54.55,4.125,222.473,7.812,4.353,76.5836,3.125,1.488,1.38,10.17,89.13,0.7018,5891.4,2.6209,54.55,4.53854,532.327,4.688,10.3,111.202,3.125,2.176,1.38,4.203,95.8,0,5891.4,2.113,54.55,3.25438,211.019,3.125,4.003,97.6012,1.562,1.742,1.38,3.296,96.7,0,5891.4,1.9976,54.55,1.67167,102.086,1.562,1.816,151.452,3.125,2.705,1.38,17.875,22.241,30.861,18.1815,83.5,5.2347,55.385,55.188,9.6206,11.499,22.257,24.5,48.118,8.984,10.74,0.794444,0.317876,8.35,2200,5750,0,9.28846,15.75,5913.72,5.73236,34.38,5.539,5.539,0,0,0,9.471,19.14,3200,38.995,1.195,41.8909,1.389,53,1.1,-1.625
2026-09-07T08:40:03.209907+00:00,1.43266,569.812,108,21.89,78.11,0,5902.2,3.6439,54.65,7.28676,1304.46,18.75,23.3,176.548,6.25,3.363,1.39,41.63,58.37,0,5875.2,6.073,54.4,11.6897,2166.1,34.38,42.28,432,7.812,8.393,1.385,7.06,88.6,4.337,5049,2.2915,46.75,5.59048,358.292,4.688,7.044,83.6768,3.125,1.634,1.385,49.93,50.07,0,5875.2,6.5296,54.4,12.2741,1557.96,26.56,30.4,1503.72,18.75,29.66,1.385,4.689,85.93,9.382,5049,1.9069,46.75,4.18931,220.977,3.125,4.342,91.0449,3.125,1.763,1.385,10.07,89.56,0.3716,5875.2,2.5589,54.4,4.62774,526.028,9.375,10.3,103.093,3.125,2.006,1.385,4.762,95.24,0,5875.2,2.1637,54.4,3.43071,208.833,3.125,3.958,134.344,3.125,2.423,1.385,3.235,96.77,0,5875.2,1.9758,54.4,1.68183,106.068,3.125,1.894,143.841,3.125,2.636,1.385,17.375,22.3,30.943,18.3421,125,5.2559,55.512,55.629,9.667,11.553,22.28,23.875,48.278,9.473,10.97,0.951134,0.358361,12.5,2200,5750,0,9.35256,15.25,5911.96,5.83101,34.38,5.551,5.551,0,0,0,9.481,19.31,3200,38.995,1.195,41.8654,1.389,53,1.1,-1.5625
2026-09-07T08:40:04.228569+00:00,1.41952,569.148,108,22.02,77.98,0,5902.2,3.6957,54.65,7.32977,1314.74,15.62,22.87,223.613,4.688,4.224,1.395,49.73,50.27,0,5896.8,5.9891,54.6,11.1408,1511.73,32.81,29.37,1555.31,23.44,30.5,1.385,7.191,88.76,4.052,5021.49,2.2844,46.4953,5.55703,364.991,7.812,7.175,98.6597,1.562,1.92,1.385,39.85,60.15,0,5896.8,6.2483,54.6,12.0824,639.277,15.62,12.28,1821.03,32.81,35.65,1.385,4.715,85.57,9.72,5021.49,1.9437,46.4953,4.25176,245.638,4.688,4.837,71.2007,1.562,1.376,1.385,11.13,87.49,1.388,5021.49,2.6537,46.4953,4.79246,578.256,9.375,11.3,121.157,1.562,2.356,1.385,4.073,95.93,0,5896.8,2.0945,54.6,3.31093,208.126,3.125,3.962,99.3358,1.562,1.78,1.385,3.251,96.75,0,5896.8,1.9787,54.6,1.65176,100.778,1.562,1.814,152.524,3.125,2.738,1.385,23.125,22.614,31.381,18.0796,88.5,5.2393,55.919,56.003,9.6075,11.483,22.644,23.375,48.628,10.06,10.88,0.83448,0.338035,8.85,2200,5750,0,9.19872,15.75,5912.78,5.79435,32.81,5.592,5.592,0,0,0,9.636,19.03,3200,39,1.195,41.9095,1.389,53,1.1,-1.625
2026-09-07T08:40:05.245768+00:00,1.52303,609.182,108,23.73,76.27,0,5902.2,3.9325,54.65,8.01201,1415.3,26.56,24.12,256.806,10.94,4.87,1.39,40.14,59.86,0,5902.2,6.4837,54.65,12.7641,2121.78,31.25,41.29,353.414,9.375,6.803,1.39,7.916,88.82,3.264,5902.2,2.4091,54.65,5.94657,397.408,7.812,7.72,113.946,4.688,2.233,1.39,55.67,44.33,0,5869.8,6.5767,54.35,12.3028,2503.86,42.19,48.75,901.083,12.5,17.58,1.39,5.075,86.83,8.097,5044.36,2.0413,46.707,4.58696,264.586,7.812,5.189,78.1415,3.125,1.476,1.39,11.77,87.52,0.7044,5875.2,2.7604,54.4,5.0722,605.553,14.06,11.73,135.479,4.688,2.647,1.375,4.523,95.48,0,5875.2,2.1561,54.4,3.53979,231.138,3.125,4.409,101.009,3.125,1.829,1.375,3.476,96.52,0,5875.2,2.0279,54.4,1.81619,126.789,3.125,2.223,140.619,1.562,2.589,1.375,25.5,23.313,32.34,18.9508,78.5,5.2628,56.957,56.869,9.6772,11.566,23.319,23.625,49.695,11.62,11.59,0.855926,0.329738,7.85,2200,5750,0,9.40385,16,5910.47,6.11649,42.19,5.696,5.696,0,0,0,9.923,19.95,3200,38.995,1.195,41.8599,1.389,53,1.1,-1.5625
2026-09-07T08:40:06.263935+00:00,1.43302,572.008,108,23.13,76.87,0,5902.2,3.8568,54.65,7.69164,1378.02,25,24.17,223.444,0,4.255,1.395,49.22,50.78,0,5026.09,5.7044,46.5379,10.7013,1296.48,20.63,25.24,1713.12,25.4,33.65,1.395,6.848,87.43,5.723,5026.09,2.2691,46.5379,5.64558,365.319,7.937,7.158,72.5164,0,1.422,1.395,41.02,58.98,0,5026.09,6.6033,46.5379,12.8225,2066.77,31.75,40.51,482.257,4.762,9.341,1.395,4.762,85.79,9.448,5026.09,1.9627,46.5379,4.32116,241.1,6.349,4.735,74.5833,0,1.51,1.395,10.47,88.45,1.088,5026.09,2.6347,46.5379,4.96913,527.595,7.937,10.23,130.105,0,2.547,1.395,4.542,95.46,0,5026.09,2.144,46.5379,3.42846,221.642,4.688,4.211,104.018,0,1.878,1.395,3.31,96.69,0,5902.2,2.0077,54.65,1.84249,114.548,0,2.007,140.606,1.562,2.581,1.395,23.625,22.217,30.846,18.1957,114.5,5.2401,55.392,55.431,9.6305,11.511,22.231,23.25,48.12,8.501,10.96,0.87917,0.327262,11.45,2200,5750,0,9.14103,16,5913.81,5.83572,31.75,5.539,5.539,0,0,0,9.46,19.15,3200,38.995,1.195,41.9036,1.39,53,1.1,-1.5625
2026-09-07T08:40:07.280900+00:00,1.37734,554.854,108,20.81,79.19,0,5902.2,3.5951,54.65,7.15731,1242.28,23.44,20.96,245.063,7.812,4.645,1.395,39.25,60.75,0,5907.6,6.2488,54.7,11.9769,2018.65,29.23,39.38,422.159,7.692,8.215,1.395,7.24,88.47,4.292,5030.69,2.3102,46.5805,5.52333,379.697,12.5,7.451,81.1927,3.125,1.583,1.395,48.78,51.22,0,5902.2,5.9028,54.65,10.9204,2738.04,43.08,53.43,259.47,3.125,5.085,1.39,4.72,87.87,7.408,5026.09,1.9512,46.5379,4.21495,231.205,7.812,4.556,84.2453,1.562,1.633,1.39,9.402,90.43,0.1666,5902.2,2.5451,54.65,4.53256,490.455,7.812,9.487,111.942,3.125,2.19,1.39,4.265,95.74,0,5902.2,2.1138,54.65,3.25973,219.348,6.25,4.165,100.296,1.562,1.775,1.39,3.269,96.73,0,5902.2,1.995,54.65,1.73877,111.618,1.562,1.94,141.995,4.688,2.602,1.39,22.25,21.967,30.514,17.8663,67,5.2695,55.097,55.074,9.6532,11.538,21.968,22.75,47.847,10.27,10.57,0.758099,0.316454,6.7,2200,5750,0,9.5641,15.75,5915.49,5.71919,43.08,5.51,5.51,0,0,0,9.348,18.81,3200,38.99,1.195,41.9002,1.39,53,1.1,-1.5625
2026-09-07T08:40:08.297518+00:00,1.49335,599.208,108,23.52,76.48,0,5896.8,3.8283,54.6,7.67438,1402.21,21.88,24.25,252.206,1.562,4.79,1.39,53.26,46.74,0,5896.8,6.5911,54.6,12.4795,1855.84,28.12,36.25,1462.61,23.44,28.66,1.395,7.53,88.53,3.939,5021.49,2.348,46.4953,5.76113,374.457,1.538,7.315,104.06,0,2.032,1.395,41.71,58.29,0,5896.8,6.2512,54.6,12.2868,1840.11,28.12,36.08,723.95,13.85,14.08,1.395,5.284,87.39,7.328,5021.49,2.0213,46.4953,4.39713,253.239,3.125,4.979,95.4389,1.562,1.861,1.395,10.46,88.58,0.9575,5902.2,2.6497,54.65,5.01463,514.114,6.154,10.1,138.077,1.562,2.693,1.39,4.315,95.69,0,5902.2,2.1335,54.65,3.41525,215.208,0,4.147,101.085,0,1.766,1.39,3.255,96.74,0,5902.2,2.0073,54.65,1.91713,110.449,0,2.006,144.276,3.125,2.622,1.39,22.25,23.34,32.376,18.5774,72,5.2382,56.9,56.876,9.6228,11.501,23.336,22.875,49.639,8.377,11.48,1.0811,0.383866,7.2,2200,5750,0,9.26923,16,5912.17,5.94275,28.12,5.69,5.69,0,0,0,9.93,19.56,3200,38.995,1.195,41.849,1.389,53,1.1,-1.5625
2026-09-07T08:40:09.316417+00:00,1.45672,581.632,108,22.69,77.31,0,5891.4,3.6796,54.55,7.42802,1355.46,20.63,23.88,202.15,3.125,3.848,1.385,40.47,59.53,0,5886,5.9438,54.5,11.4612,2041.48,31.75,39.74,477.389,4.762,9.196,1.385,8.482,90.59,0.931,5012.3,2.5124,46.4102,5.94862,449.087,11.11,8.783,89.7049,1.562,1.753,1.385,50.38,49.62,0,5012.3,6.306,46.4102,11.7986,2776.74,39.68,54.28,305.649,7.937,5.781,1.385,4.931,88.72,6.351,5012.3,2.0568,46.4102,4.49246,249.636,6.25,4.881,79.9089,0,1.553,1.385,10.67,89.1,0.2244,5012.3,2.6778,46.4102,4.96508,575.074,9.524,11.22,102.669,1.562,2.001,1.385,4.639,95.36,0,5886,2.178,54.5,3.55339,227.624,4.762,4.303,108.608,0,1.894,1.385,3.417,96.58,0,5886,2.0571,54.5,2.01394,110.082,0,1.988,154.856,1.587,2.793,1.385,18.875,22.065,30.624,18.1119,125.5,5.2693,55.198,55.322,9.6739,11.562,22.038,22.625,47.982,9.015,11.12,0.833617,0.330936,12.55,2200,5750,0,9.25,15.75,5912.9,5.86947,39.68,5.52,5.52,0,0,0,9.378,19.07,3200,39,1.195,41.8342,1.39,53,1.1,-1.625
2026-09-07T08:40:10.334654+00:00,1.36001,549.687,108,22.81,77.19,0,5902.2,3.756,54.65,7.52415,1358.5,21.88,24.14,190.923,0,3.575,1.385,41.85,58.15,0,5902.2,5.8888,54.65,10.9866,2225.56,34.38,43.42,456.115,4.688,8.804,1.39,6.043,90.75,3.212,5026.09,2.1849,46.5379,5.41629,304.69,7.812,5.949,90.0361,0,1.75,1.39,43.5,56.5,0,5902.2,5.6549,54.65,10.5523,2298.31,31.25,44.88,384.984,4.688,7.391,1.39,4.493,86.34,9.171,5026.09,1.9208,46.5379,4.27452,224.76,4.688,4.386,76.331,0,1.479,1.39,9.362,90.6,0.03628,5902.2,2.5161,54.65,4.4726,496.777,7.812,9.641,98.6028,0,1.922,1.39,5.006,94.99,0,5902.2,2.1472,54.65,3.4203,240.73,3.125,4.485,114.483,0,2.035,1.39,2.933,97.07,0,5902.2,1.9619,54.65,1.78016,101.492,0,1.798,132.708,3.125,2.422,1.39,21.25,21.966,30.499,17.6026,76.5,5.2374,55.013,54.796,9.6106,11.487,21.975,22.25,47.748,7.715,10.5,0.839705,0.327893,7.65,2200,5750,0,9.67308,16.75,5914.66,5.74099,34.38,5.501,5.501,0,0,0,9.351,18.53,3200,38.995,1.195,41.8549,1.39,53,1.1,-1.5625
2026-09-07T08:40:11.352633+00:00,1.39935,562.668,108,22.79,77.21,0,5907.6,3.794,54.7,7.58988,1356.16,20.31,22.37,290.245,7.812,5.481,1.39,42.26,57.74,0,5902.2,5.6757,54.65,10.6031,2322.62,39.06,45.29,281.321,6.25,5.347,1.39,7.332,90.52,2.15,5026.09,2.3942,46.5379,5.7555,371.458,10.94,7.194,97.6449,1.562,1.907,1.39,44.62,55.38,0,5902.2,5.8819,54.65,10.9673,2319.95,39.06,45.27,405.162,6.25,7.732,1.39,5.041,87.54,7.424,5026.09,1.9966,46.5379,4.37063,247.982,3.125,4.83,83.0394,0,1.611,1.39,10.83,88.87,0.303,5902.2,2.6767,54.65,4.86463,582.664,7.812,11.2,105.902,0,2.068,1.39,3.941,96.06,0,5902.2,2.0857,54.65,3.35088,197.661,3.125,3.738,96.0474,1.562,1.705,1.39,3.132,96.87,0,5026.09,1.9861,46.5379,1.88775,115.658,0,1.97,129.169,4.688,2.3,1.39,16,21.161,29.404,17.4109,76,5.2617,53.996,54.07,9.644,11.527,21.173,21.875,46.718,9.473,10.63,0.905439,0.334569,7.6,2200,5750,0,9.29487,15.75,5916.34,5.73788,39.06,5.4,5.4,0,0,0,9.01,18.33,3200,38.99,1.195,41.84,1.391,53,1.1,-1.5625
2026-09-07T08:40:12.371575+00:00,1.42821,568.61,108,22.74,77.26,0,5896.8,3.6393,54.6,7.25728,1352.42,21.54,23.54,214.472,1.538,4.02,1.385,49.98,50.02,0,5902.2,5.7966,54.65,10.8661,2774.56,46.15,54.19,292.32,4.615,5.605,1.39,6.922,91.22,1.856,5026.09,2.3557,46.5379,5.62846,349.756,10.77,6.763,93.5278,0,1.822,1.39,40.55,59.45,0,5902.2,6.3312,54.65,12.2709,2060.26,43.08,40.16,420.437,4.615,7.993,1.39,4.814,87.52,7.667,5026.09,1.9767,46.5379,4.30775,234.805,4.615,4.577,85.2314,0,1.657,1.39,10.39,89.46,0.1468,5902.2,2.6412,54.65,4.95879,548.028,13.85,10.51,112.004,0,2.191,1.39,4.565,95.44,0,5902.2,2.1389,54.65,3.40005,230.231,4.615,4.262,98.7838,0,1.707,1.39,2.856,97.14,0,5902.2,1.9673,54.65,1.89684,106.608,0,1.918,124.306,3.077,2.256,1.39,18.375,25.388,35.2,17.9977,88,5.1765,59.462,59.337,9.5321,11.394,25.334,22,52.288,9.904,10.82,0.830656,0.322888,8.8,2200,5750,0,9.13462,15.5,5912.38,5.73544,46.15,5.946,5.946,0,0,0,10.78,18.94,3200,38.9951,1.195,41.8184,1.388,53,1.1,-1.5625
2026-09-07T08:40:13.390588+00:00,1.31988,531.388,108,20.61,79.39,0,5907.6,3.654,54.7,7.34334,1226.82,21.88,21.12,233.281,4.688,4.385,1.39,46.9,53.1,0,5880.6,5.407,54.45,9.73173,2530.36,40.62,49.47,345.774,4.688,6.685,1.38,6.208,87.66,6.129,5880.6,2.1443,54.45,5.38051,327.356,6.25,6.396,72.8053,0,1.42,1.38,36.89,63.11,0,5880.6,5.5979,54.45,10.4752,1290.85,21.88,25.13,1022.73,14.06,19.98,1.38,4.487,84.51,11.01,5880.6,1.88,54.45,4.20921,220.785,3.125,4.318,77.708,0,1.514,1.38,9.549,88.97,1.481,5880.6,2.5349,54.45,4.54755,492.699,4.688,9.576,110.061,0,2.149,1.38,4.131,95.87,0,5880.6,2.1112,54.45,3.42367,196.228,1.562,3.741,106.994,0,1.952,1.38,3.206,96.79,0,5880.6,1.9731,54.45,1.74812,114.433,0,1.976,133.319,1.562,2.423,1.38,16.875,25.472,35.368,17.3353,77.5,5.2356,59.89,59.86,9.6509,11.535,25.446,21.75,52.662,7.812,10.14,0.95327,0.33073,7.75,2200,5750,0,9.20513,15.5,5915.62,5.59259,40.62,5.989,5.989,0,0,0,10.83,18.25,3200,39,1.195,41.8298,1.39,53,1.1,-1.625
2026-09-07T08:40:14.409890+00:00,1.68101,661.815,108,24.6,75.4,0,5896.8,3.925,54.6,7.98351,1460.57,15.62,25.71,219.296,7.812,4.139,1.39,58.51,41.49,0,5886,7.6871,54.5,15.4097,3256.53,56.25,63.66,314.188,3.125,6.031,1.38,7.016,84.66,8.323,5012.3,2.1986,46.4102,5.68077,370.746,12.5,7.174,75.7112,1.562,1.467,1.38,55.07,44.93,0,5886,7.0379,54.5,14.2141,1805.47,32.81,35.2,1537.39,18.75,30.02,1.38,4.215,82.28,13.51,5012.3,1.8158,46.4102,4.25969,177.888,4.688,3.462,105.779,1.562,2.059,1.38,10.71,85.18,4.106,5012.3,2.5916,46.4102,5.23212,554.472,6.25,10.66,111.673,4.688,2.174,1.38,5.321,94.68,0,5886,2.184,54.5,3.6255,238.511,6.25,4.543,141.074,4.688,2.506,1.38,2.653,97.35,0,5886,1.9028,54.5,1.77518,94.4217,3.125,1.723,125.316,3.125,2.317,1.38,22.125,25.468,35.185,21.5546,95,5.2732,59.948,60.097,9.6964,11.588,25.528,24.625,52.574,11.43,12.68,1.3671,0.40472,9.5,2200,5750,0,9.32692,15.75,5899.72,6.38771,56.25,5.995,5.995,0,0,0,10.86,22.69,3200,39,1.195,41.8077,1.383,53,1.1,-1.625
2026-09-07T08:40:15.429118+00:00,1.54042,622.96,108,25.86,74.14,0,5907.6,3.9687,54.7,8.12165,1535.56,14.06,25.19,371.601,7.812,6.935,1.395,45,55,0,5896.8,6.5438,54.6,12.9142,2374.75,34.38,46.32,385.879,4.688,7.412,1.385,7.954,89.05,2.995,5021.49,2.4766,46.4953,6.22828,427.057,14.06,8.239,79.2383,0,1.511,1.385,49.17,50.83,0,5896.8,6.3932,54.6,12.6199,2038.82,34.38,39.76,992.886,14.06,19.23,1.385,5.021,87.26,7.718,5021.49,2.0031,46.4953,4.67664,249.174,4.688,4.807,83.876,0,1.591,1.385,13.03,86.17,0.8031,5896.8,2.9768,54.6,5.74888,676.452,15.62,13.01,151.507,1.562,2.915,1.385,4.802,95.2,0,5896.8,2.1913,54.6,3.71276,230.479,3.125,4.301,120.052,3.125,2.129,1.385,3.197,96.8,0,5896.8,1.9923,54.6,2.07746,106.446,0,1.856,143.589,1.562,2.527,1.385,20.75,23.531,32.627,18.6663,118,5.238,57.154,57.184,9.6271,11.507,23.528,24.125,49.895,9.57,11.73,1.00357,0.372687,11.8,2200,5750,0,9.38462,15.75,5909.18,6.26837,34.38,5.715,5.715,0,0,0,10.01,19.65,3200,39,1.195,41.8759,1.388,53,1.1,-1.5625
2026-09-07T08:40:16.449470+00:00,1.36418,544.677,108,21.49,78.51,0,5907.6,3.6406,54.7,7.23601,1282.17,20.31,22.04,226.057,4.688,4.265,1.39,49.85,50.15,0,5896.8,5.9748,54.6,11.0591,2301.84,39.06,45,757.611,9.375,14.73,1.39,7.002,88.38,4.615,5021.49,2.3008,46.4953,5.5226,366.883,6.25,7.139,78.917,0,1.535,1.39,34.79,65.21,0,5896.8,5.4117,54.6,10.5425,998.853,20.31,19.32,1141.69,18.75,22.32,1.39,5.115,86.58,8.303,5021.49,1.9887,46.4953,4.29433,250.388,10.94,4.877,84.5912,0,1.632,1.39,10.29,87.99,1.718,5896.8,2.6603,54.6,4.94393,524.771,7.812,10.16,119.97,3.125,2.335,1.39,4.683,95.32,0,5896.8,2.1359,54.6,3.35427,222.105,3.125,4.196,112.145,0,1.99,1.39,3.195,96.81,0,5896.8,2.0054,54.6,2.01998,106.217,1.562,1.891,140.617,3.125,2.545,1.39,19.75,22.112,30.701,17.7539,118.5,5.2626,55.281,55.249,9.6803,11.57,22.089,23.5,48.06,9.277,10.37,0.841193,0.335354,11.85,2200,5750,0,9.30128,15.5,5914.82,5.63524,39.06,5.528,5.528,0,0,0,9.4,18.69,3200,39,1.195,41.8701,1.39,53,1.1,-1.5625
2026-09-07T08:40:17.215142+00:00,1.34466,545.855,108,19.71,80.29,0,5907.6,3.4593,54.7,6.81451,1178.26,17.19,19.22,280.339,1.562,5.287,1.39,46.97,53.03,0,5026.09,5.4195,46.5379,10.0048,1235.16,15.62,24.06,1660.21,32.81,32.53,1.39,7.264,87.42,5.311,5026.09,2.2841,46.5379,5.37174,376.096,7.812,7.386,88.8813,0,1.726,1.39,37.73,62.27,0,5902.2,5.8361,54.65,11.1883,768.06,7.812,14.88,1599.08,21.88,31.08,1.39,5.022,87.41,7.567,5902.2,1.9936,54.65,4.17294,264.852,4.688,5.162,70.5735,0,1.34,1.385,9.874,88.08,2.046,5902.2,2.58,54.65,4.80886,523.078,7.812,10.21,99.1566,0,1.895,1.385,4.82,95.18,0,5902.2,2.1563,54.65,3.30635,226.834,4.688,4.279,118.853,0,2.047,1.385,3.079,96.92,0,5902.2,2.004,54.65,2.02171,102.514,0,1.836,141.75,1.562,2.591,1.385,22.625,22.028,30.592,17.5264,78,5.2304,55.132,55.222,9.6007,11.475,22.069,22.875,47.821,7.715,10.35,0.861151,0.344664,7.8,2200,5750,0,9.44872,16.25,5915.63,5.48004,32.81,5.513,5.513,0,0,0,9.391,18.45,3200,39,1.195,41.8705,1.39,53,1.1,-1.5625
2026-09-07T08:40:18.233489+00:00,1.35203,541.317,108,19.87,80.13,0,5902.2,3.5231,54.65,7.14401,1187.04,15.87,20.69,213.239,11.11,4.035,1.395,46.06,53.94,0,5907.6,5.6551,54.7,10.567,1398.53,17.46,27.23,1436.27,20.63,28.12,1.395,7.231,86.46,6.31,5030.69,2.2883,46.5805,5.61606,369.195,11.11,7.279,94.4963,1.587,1.836,1.395,40,60,0,5907.6,5.7292,54.7,10.9624,541.709,9.524,10.43,1928.19,30.16,38.06,1.395,4.574,85.59,9.835,5030.69,1.8925,46.5805,4.24522,225.476,1.587,4.482,78.8807,3.175,1.555,1.395,9.64,88.03,2.329,5030.69,2.5204,46.5805,4.72571,483.63,9.524,9.564,123.083,3.175,2.419,1.395,4.644,95.36,0,5907.6,2.1226,54.7,3.4397,230.199,3.175,4.448,102.435,1.587,1.779,1.395,3.187,96.81,0,5907.6,1.9979,54.7,2.0073,113.523,0,2.077,135.191,0,2.515,1.395,16,21.516,29.876,17.7504,111.5,5.2726,54.522,54.601,9.6677,11.555,21.535,22.5,47.231,8.73,10.41,0.996598,0.365964,11.15,2200,5750,0,9.59615,15.75,5914.93,5.6994,30.16,5.452,5.452,0,0,0,9.164,18.68,3200,38.995,1.195,41.8087,1.39,53,1.1,-1.625
2026-09-07T08:40:19.251892+00:00,1.26663,509.84,108,18.79,81.21,0,5907.6,3.3739,54.7,6.7726,1118.21,15.38,19,199.032,9.231,3.786,1.395,45.42,54.58,0,5902.2,5.8242,54.65,10.7008,1638.97,26.15,31.9,1203.1,20,23.52,1.39,5.936,87.77,6.292,5902.2,2.1624,54.65,5.28916,304.899,10.77,5.903,73.2177,1.538,1.423,1.39,38.21,61.79,0,5902.2,5.5006,54.65,10.2758,637.234,7.692,12.24,1721.34,26.15,33.62,1.39,3.517,83.62,12.86,5902.2,1.7364,54.65,3.96245,159.06,1.538,3.077,77.12,1.538,1.488,1.39,8.312,90.55,1.141,5902.2,2.4597,54.65,4.36833,418.759,6.154,8.022,109.519,4.615,2.106,1.39,3.883,96.12,0,5902.2,2.0675,54.65,3.28261,175.075,4.615,3.272,111.892,1.538,1.938,1.39,2.59,97.41,0,5902.2,1.9274,54.65,1.67317,109.131,1.538,1.954,100.889,1.538,1.753,1.39,19.375,21.333,29.636,17.3255,120.5,5.1935,53.926,53.815,9.5553,11.421,21.273,22.125,46.77,8.75,9.688,0.650152,0.25723,12.05,2200,5750,0,9.28846,16.25,5917.52,5.64958,26.15,5.393,5.393,0,0,0,9.052,18.24,3200,38.9951,1.195,41.8518,1.391,53,1.1,-1.5625
2026-09-07T08:40:20.271422+00:00,1.35159,541.905,108,23.15,76.85,0,5907.6,3.7698,54.7,7.43234,1375.49,15.62,22.9,284.868,1.562,5.331,1.39,44.54,55.46,0,5907.6,5.8603,54.7,11.0523,1424.22,28.12,27.64,1302.73,18.75,25.45,1.39,6.031,87.96,6.006,5030.69,2.1938,46.5805,5.4082,296.329,7.812,5.665,95.4002,3.125,1.854,1.39,41.88,58.12,0,5907.6,5.8487,54.7,11.1791,867.01,14.06,16.69,1687.14,21.88,32.96,1.39,4.062,85.08,10.86,5030.69,1.8715,46.5805,4.08966,197.756,3.125,3.786,71.2264,1.587,1.369,1.39,9.563,89.75,0.6883,5907.6,2.5365,54.7,4.6709,501.383,10.94,9.536,103.232,1.562,2.021,1.39,3.324,96.68,0,5907.6,2.034,54.7,3.17115,161.659,1.562,2.962,92.4375,1.562,1.622,1.39,2.605,97.39,0,5907.6,1.9405,54.7,1.83161,110.17,3.125,1.868,99.4259,1.562,1.712,1.39,16,21.649,30.067,17.6213,67.5,5.1688,54.45,54.333,9.5269,11.388,21.692,21.875,47.141,8.498,10.21,0.784333,0.280073,6.75,2200,5750,0,9.1859,16,5916.71,5.65531,28.12,5.445,5.445,0,0,0,9.231,18.55,3200,38.9849,1.195,41.8541,1.39,53,1.1,-1.5625
2026-09-07T08:40:21.290068+00:00,1.34184,538.01,108,21.85,78.15,0,5886,3.6315,54.5,7.10638,1299.48,23.44,22.1,231.796,1.562,4.365,1.38,40.61,59.39,0,5875.2,6.009,54.4,11.5301,1682.44,21.88,32.71,808.255,12.5,15.72,1.37,5.892,90.9,3.208,5049,2.2413,46.75,5.33538,308.074,1.562,5.924,73.9088,0,1.436,1.37,45.56,54.44,0,5875.2,5.9068,54.4,11.1058,1643.82,20.31,31.68,1160.3,12.5,22.7,1.375,4.414,87.65,7.938,5049,1.9795,46.75,4.17738,214.029,3.125,4.137,84.8701,1.538,1.646,1.375,9.46,90.54,0,5049,2.5069,46.75,4.70475,484.618,7.812,9.318,107.368,1.562,2.094,1.375,4.025,95.98,0,5875.2,2.1004,54.4,3.22825,180.256,1.562,3.308,128.204,6.25,2.115,1.375,2.376,97.62,0,5875.2,1.9319,54.4,1.91788,102.235,0,1.79,98.4991,0,1.754,1.375,20.25,21.574,29.96,17.792,98.5,5.2052,54.298,54.345,9.5403,11.403,21.546,22.125,47.089,7.225,10.17,0.744928,0.292018,9.85,2200,5750,0,9.25641,16,5915.39,5.57388,23.44,5.43,5.43,0,0,0,9.168,18.73,3200,38.985,1.195,41.865,1.39,53,1.1,-1.625
2026-09-07T08:40:22.308998+00:00,1.63891,645.694,108,22.76,77.24,0,5869.8,3.6532,54.35,7.58375,1348.55,14.06,22.84,265.239,1.562,4.976,1.37,70.2,29.8,0,5869.8,8.5526,54.35,17.4516,2723.63,43.75,53.26,1510.74,25,29.6,1.375,6.64,88.78,4.579,5044.36,2.2484,46.707,5.71276,348.13,9.375,6.693,77.1346,1.587,1.495,1.375,44.18,55.82,0,5869.8,6.8551,54.35,14.8103,2157.47,32.81,42.38,512.757,9.375,9.907,1.375,4.041,86.95,9.012,5044.36,1.8487,46.707,4.24674,189.298,3.125,3.649,86.5253,1.587,1.684,1.375,9.602,90.36,0.04277,5044.36,2.5083,46.707,5.3829,490.617,10.94,9.348,119.727,1.587,2.328,1.375,3.598,96.4,0,5869.8,2.0115,54.35,3.33225,175.483,3.125,3.291,92.1205,1.562,1.892,1.375,2.875,97.12,0,5869.8,1.9011,54.35,2.0504,133.372,1.562,2.317,100.305,1.562,1.818,1.375,23.125,24.352,33.613,23.0247,102.5,5.1781,57.975,58.05,9.5073,11.363,24.377,26,50.672,10.16,12.34,1.03991,0.357102,10.25,2200,5750,0,9.15385,16.25,5897.67,6.53962,43.75,5.798,5.798,0,0,0,10.37,24.24,3200,38.995,1.195,41.8897,1.381,53,1.1,-1.5625
2026-09-07T08:40:23.328961+00:00,1.52204,604.027,108,22.2,77.8,0,5896.8,3.6864,54.6,7.5535,1317.64,25,23.22,199.13,3.175,3.749,1.385,61.97,38.03,0,5902.2,7.795,54.65,15.5223,2480.07,46.88,48.51,1320.72,20.31,25.85,1.395,6.338,89.1,4.561,5026.09,2.2263,46.5379,5.60088,312.606,7.937,6.022,89.9741,4.688,1.744,1.395,42.27,57.73,0,5902.2,6.2509,54.65,12.971,1757.32,25,34.19,847.176,20.31,16.51,1.395,4.13,86.53,9.343,5026.09,1.8345,46.5379,4.15488,174.034,4.762,3.352,102.142,1.562,1.984,1.395,9.162,88.83,2.013,5026.09,2.4469,46.5379,4.96775,474.677,7.937,9.067,102.688,1.562,1.989,1.395,3.425,96.58,0,5902.2,2.0178,54.65,3.26888,165.936,3.125,3.096,98.995,1.562,1.797,1.395,2.701,97.3,0,5902.2,1.9028,54.65,1.91325,112.351,1.562,2.014,108.971,1.562,1.899,1.395,22.625,23.151,31.999,20.8443,123.5,5.1736,56.318,56.346,9.5055,11.361,23.157,26.375,49.051,11.06,11.56,0.905511,0.342947,12.35,2200,5750,0,9.46795,15.75,5903.06,6.28,46.88,5.632,5.632,0,0,0,9.854,21.94,3200,39,1.195,41.906,1.384,53,1.1,-1.5625
2026-09-07T08:40:24.346859+00:00,1.59908,635.607,108,24.68,75.32,0,5886,3.9381,54.5,8.12425,1462.51,21.88,25.17,261.541,7.812,4.947,1.385,57.14,42.86,0,5026.09,7.4916,46.5379,15.3086,3102.59,47.62,60.75,389.451,9.524,7.594,1.39,6.918,88.8,4.278,5026.09,2.2428,46.5379,5.80799,320.58,6.25,6.216,115.512,0,2.244,1.39,51.2,48.8,0,5026.09,7.2104,46.5379,14.8149,2642.66,42.86,51.68,477.237,7.937,9.305,1.39,4.682,88.19,7.123,5026.09,1.9182,46.5379,4.40844,214.28,4.688,4.15,99.41,0,1.929,1.39,8.897,90.28,0.8266,5026.09,2.4508,46.5379,5.14304,456.382,9.375,8.813,114.135,0,2.211,1.39,3.512,96.49,0,5026.09,1.9941,46.5379,3.33279,173.519,1.562,3.265,102.752,0,1.846,1.39,2.888,97.11,0,5902.2,1.9122,54.65,1.91646,122.751,0,2.197,114.399,1.562,2.016,1.39,24.625,24.3,33.602,21.3332,118.5,5.1774,57.881,57.785,9.4855,11.338,24.292,26.25,50.636,10.07,12.15,0.87049,0.349026,11.85,2200,5750,0,9.29487,15.75,5902.94,6.48397,47.62,5.788,5.788,0,0,0,10.34,22.46,3200,38.985,1.195,41.9249,1.384,53,1.1,-1.5625
2026-09-07T08:40:25.366472+00:00,1.56023,620.835,108,22.78,77.22,0,5896.8,3.688,54.6,7.51163,1351.07,18.75,23.42,231.764,3.077,4.373,1.385,56.87,43.13,0,5875.2,6.8511,54.4,14.0696,1730.3,36.92,33.81,1795.02,23.08,35.17,1.385,6.343,89.33,4.322,5049,2.2065,46.75,5.59047,304.757,4.615,5.89,99.3781,1.538,1.931,1.385,49.75,50.25,0,5875.2,7.7276,54.4,15.9736,2539.62,44.62,49.6,481.048,7.692,9.37,1.385,3.977,89.2,6.822,5049,1.8852,46.75,4.23007,188.089,3.077,3.628,84.1343,3.077,1.623,1.385,9.701,88.97,1.331,5049,2.4986,46.75,5.44963,481.191,7.692,9.266,125.78,3.077,2.431,1.385,3.808,96.19,0,5875.2,2.0086,54.4,3.24505,187.291,3.125,3.519,103.695,1.562,1.842,1.385,2.79,97.21,0,5875.2,1.8687,54.4,1.95173,120.709,1.562,2.132,109.501,1.562,1.939,1.385,21.25,23.685,32.733,21.4274,71.5,5.2456,57.263,57.308,9.6101,11.486,23.693,26.375,49.989,10.31,11.87,0.992463,0.345114,7.15,2200,5750,0,9.20513,16,5901.07,6.31176,44.62,5.726,5.726,0,0,0,10.08,22.56,3200,38.9901,1.195,41.9059,1.383,53,1.1,-1.5625
2026-09-07T08:40:26.385462+00:00,1.61379,638.344,108,21.56,78.44,0,5886,3.5881,54.5,7.35556,1278.85,15.62,22.46,208.687,4.762,3.987,1.38,59.29,40.71,0,5891.4,7.6083,54.55,15.7832,2483.51,40.62,48.55,1133.35,15.87,22.19,1.38,7.072,89.96,2.969,5016.9,2.3046,46.4527,5.64747,352.421,9.524,6.833,93.9401,0,1.821,1.38,53.25,46.75,0,5891.4,7.5478,54.55,15.7352,1308.56,18.75,25.52,1952.95,30.16,38.25,1.38,4.483,88.58,6.934,5016.9,1.904,46.4527,4.16086,199.393,0,3.869,100.118,1.587,1.948,1.38,8.969,89.01,2.023,5016.9,2.4076,46.4527,5.29785,472.088,3.175,9.088,95.7846,0,1.863,1.38,4.136,95.86,0,5891.4,1.9932,54.55,3.14596,201.481,3.125,3.717,109.998,0,2.06,1.38,2.618,97.38,0,5891.4,1.8407,54.55,1.94091,117.512,0,2.148,104.863,0,1.907,1.38,21.25,24.577,33.9,22.1487,122,5.2721,58.532,58.371,9.7078,11.602,24.553,26.625,51.302,8.95,12.26,0.925747,0.353081,12.2,2200,5750,0,9.41026,16,5897.5,6.31073,40.62,5.853,5.853,0,0,0,10.45,23.31,3200,38.995,1.195,41.897,1.381,53,1.1,-1.625
2026-09-07T08:40:27.403882+00:00,1.57662,622.315,108,21.82,78.18,0,5896.8,3.6094,54.6,7.34789,1293.92,20.31,22.47,225.409,1.538,4.265,1.385,49.88,50.12,0,5886,6.8752,54.5,14.4872,2366.95,29.69,46.24,664.873,6.154,13,1.385,5.931,89.7,4.364,5886,2.1116,54.5,5.40771,305.535,4.615,5.915,73.5953,1.538,1.424,1.385,60.05,39.95,0,5886,7.9255,54.5,16.1575,1535.02,25,30,2115.85,33.85,41.12,1.385,4.433,89.48,6.085,5049,1.9352,46.75,4.23507,206.251,4.615,3.997,89.4255,1.538,1.732,1.38,9.096,89.76,1.143,5049,2.4241,46.75,5.34552,448.39,3.077,8.693,122.86,1.538,2.384,1.38,3.72,96.28,0,5875.2,1.9815,54.4,3.20697,189.25,4.688,3.54,95.134,0,1.732,1.38,2.743,97.26,0,5875.2,1.8583,54.4,1.94751,120.175,0,2.132,104.4,0,1.86,1.38,25.125,25.491,35.183,21.7275,116.5,5.2168,59.686,59.75,9.61,11.487,25.502,26.75,52.408,8.634,11.91,0.977785,0.339744,11.65,2200,5750,0,9.39744,15.75,5900.12,6.29005,33.85,5.969,5.969,0,0,0,10.85,22.87,3200,38.995,1.195,41.8826,1.381,53,1.1,-1.5625
2026-09-07T08:40:28.420887+00:00,1.59325,631.016,108,22.62,77.38,0,5864.4,3.6441,54.3,7.56106,1341.32,15.62,23.76,201.916,3.125,3.846,1.37,59.75,40.25,0,5886,6.9502,54.5,14.2703,1901.69,26.56,37.09,1768.25,26.56,34.66,1.375,6.345,91.08,2.58,5012.3,2.1714,46.4102,5.57533,296.864,6.25,5.752,114.243,4.688,2.222,1.375,50.84,49.16,0,5886,8.0349,54.5,16.7802,650.262,14.06,12.58,2446.59,40.62,47.78,1.375,4.357,90.91,4.738,5016.52,1.9345,46.4492,4.33884,206.377,1.562,4.008,90.1811,1.562,1.754,1.375,8.98,90.99,0.02607,5016.52,2.4142,46.4492,5.35836,420.229,6.25,8.114,144.195,1.562,2.804,1.375,3.555,96.45,0,5837.4,1.9613,54.05,3.2271,173.893,1.562,3.275,103.422,1.562,1.874,1.375,2.876,97.12,0,5837.4,1.8648,54.05,1.94857,127.096,1.562,2.251,109.734,1.562,1.965,1.375,18.5,27.481,37.873,21.9768,123,5.1791,62.239,62.248,9.5548,11.421,27.474,26.875,54.991,9.668,12.11,0.878889,0.345023,12.3,2200,5750,0,9.23077,16,5896.38,6.35936,40.62,6.224,6.224,0,0,0,11.69,23.13,3200,39,1.195,41.8999,1.379,53,1.1,-1.625
2026-09-07T08:40:29.440473+00:00,1.42728,565.86,108,23.11,76.89,0,5907.6,3.7949,54.7,7.60243,1371.16,18.75,23.08,267.844,4.762,5.075,1.395,41.14,58.86,0,5913,6.4979,54.75,13.05,2169.53,34.38,42.29,346.207,4.688,6.614,1.395,6.77,88.63,4.597,5035.29,2.235,46.623,5.48094,322.271,4.762,6.218,106.404,3.175,2.066,1.395,50.38,49.62,0,5035.29,5.8678,46.623,11.3297,2033.96,34.38,39.67,982.05,15.62,19.8,1.395,4.601,87.24,8.159,5035.29,1.9313,46.623,4.23157,216.826,4.762,4.176,84.6582,1.587,1.645,1.395,9.299,89.55,1.148,5035.29,2.4618,46.623,4.66951,467.275,4.762,8.908,123.602,3.175,2.408,1.395,4.551,95.45,0,5913,2.1462,54.75,3.37575,222.809,1.562,4.168,107.769,1.562,1.903,1.395,2.871,97.13,0,5913,1.9567,54.75,1.88892,122.542,1.562,2.17,108.853,1.562,1.948,1.395,20.375,26.332,36.498,18.8332,118,5.1826,60.902,61.018,9.5454,11.41,26.357,26,53.609,8.815,10.76,0.916413,0.324566,11.8,2200,5750,0,9.42949,16.5,5910.76,5.88265,34.38,6.09,6.09,0,0,0,11.22,19.82,3200,39,1.195,41.9198,1.388,53,1.1,-1.5625
2026-09-07T08:40:30.201477+00:00,1.16025,461.903,108,17.79,82.21,0,5886,3.3007,54.5,6.26378,1059.48,12.5,18.59,165.234,4.688,3.14,1.385,43.59,56.41,0,5030.69,4.9643,46.5805,8.77618,787.291,9.524,15.31,1867.84,32.81,36.58,1.395,5.123,86.13,8.745,5030.69,1.9735,46.5805,4.63677,249.09,6.25,4.827,83.202,3.125,1.619,1.395,32.34,67.66,0,5030.69,5.3028,46.5805,9.873,463.924,9.524,8.906,1521.97,31.75,29.81,1.395,3.653,81.35,15,5030.69,1.6997,46.5805,3.5258,173.781,4.688,3.364,72.994,0,1.412,1.395,7.055,89.2,3.75,5030.69,2.1822,46.5805,3.86511,367.021,10.94,7.107,82.8871,3.125,1.607,1.395,4.087,95.91,0,5907.6,2.0521,54.7,2.93211,184.505,6.25,3.442,113.017,3.125,1.972,1.395,2.388,97.61,0,5907.6,1.8816,54.7,1.60634,98.187,1.587,1.767,100.024,1.587,1.766,1.395,16,20.079,27.9,16.942,108.5,5.2017,52.291,52.351,9.5491,11.414,20.091,24.75,45.035,8.842,8.826,0.600147,0.233547,10.85,2200,5750,0,9.38462,16,5918.95,5.02755,32.81,5.229,5.229,0,0,0,8.549,17.83,3200,38.995,1.195,41.8717,1.391,53,1.1,-1.5625
2026-09-07T08:40:31.219385+00:00,1.34503,540.858,108,22.49,77.51,0,5902.2,3.7062,54.65,7.23963,1336.68,21.88,21.47,323.917,7.692,6.075,1.395,45.77,54.23,0,5030.69,6.2226,46.5805,11.6356,1845.65,29.23,35.95,951.59,10.94,18.48,1.395,5.91,89.86,4.231,5030.69,2.2251,46.5805,5.31463,308.941,1.538,5.943,72.6472,1.562,1.405,1.395,40.89,59.11,0,5030.69,5.5395,46.5805,10.5363,1428.88,30.77,27.75,1060.24,10.77,20.59,1.395,3.57,86.36,10.07,5030.69,1.8035,46.5805,3.94013,168.198,1.562,3.23,72.21,3.125,1.388,1.395,9.716,90.09,0.195,5907.6,2.5731,54.7,4.616,511.543,9.231,9.837,97.3631,3.125,1.888,1.395,3.813,96.19,0,5907.6,2.0906,54.7,3.23288,184.019,4.688,3.436,97.9502,0,1.599,1.395,2.341,97.66,0,5907.6,1.9198,54.7,1.78213,98.5311,1.538,1.749,95.3715,0,1.649,1.395,21.25,21.568,29.954,17.602,105,5.1738,54.209,54.2,9.472,11.321,21.568,23.875,46.966,8.603,10.15,0.689662,0.277366,10.5,2200,5750,0,9.38462,16,5916.43,5.63375,30.77,5.421,5.421,0,0,0,9.178,18.53,3200,38.985,1.195,41.798,1.39,53,1.1,-1.625
2026-09-07T08:40:32.235887+00:00,1.24002,501.605,108,20.82,79.18,0,5907.6,3.5626,54.7,6.98953,1238.47,18.75,20.4,261.788,3.175,4.916,1.395,31.77,68.23,0,5902.2,4.8377,54.65,8.84334,1328.67,20.31,25.72,670.575,14.06,12.94,1.395,6.349,86.35,7.306,5026.09,2.1524,46.5379,5.24352,330.851,7.937,6.339,77.429,3.125,1.506,1.395,44.35,55.65,0,5902.2,5.4882,54.65,9.68345,1820.56,28.12,35.5,894.905,18.75,17.37,1.395,4.117,80.93,14.96,5026.09,1.7733,46.5379,3.94728,194.202,4.688,3.736,78.75,1.562,1.529,1.395,10.17,88.16,1.668,5026.09,2.5777,46.5379,4.39245,541.236,7.937,10.36,97.6417,4.688,1.901,1.395,3.682,96.32,0,5902.2,2.076,54.65,3.19753,175.45,4.688,3.231,98.891,1.562,1.737,1.395,2.741,97.26,0,5902.2,1.9627,54.65,1.69579,108.448,1.562,1.874,107.809,3.125,1.874,1.395,20.25,20.132,27.97,16.6572,73,5.2248,52.46,52.476,9.6119,11.488,20.145,23,45.205,9.003,9.432,0.65863,0.248991,7.3,2200,5750,0,9.44231,15.75,5918.09,5.32889,28.12,5.246,5.246,0,0,0,8.572,17.53,3200,39,1.195,41.8215,1.391,53,1.1,-1.625
2026-09-07T08:40:33.253886+00:00,1.15809,462.576,108,21.21,78.79,0,5902.2,3.5747,54.65,6.8317,1261.06,15.62,21.76,199.818,7.812,3.804,1.395,28.27,71.73,0,5021.49,4.648,46.4953,8.24699,1124.68,23.81,21.79,637.189,9.524,12.33,1.395,5.583,84.5,9.921,5021.49,2.0436,46.4953,5.01318,294.035,12.5,5.671,66.2418,1.562,1.282,1.395,42.35,57.65,0,5896.8,5.2257,54.6,8.88906,2109.44,43.75,41.18,448.678,4.762,8.657,1.395,3.585,78.91,17.51,5021.49,1.6688,46.4953,3.73594,151.11,7.812,2.907,89.6879,1.562,1.739,1.395,8.738,88.06,3.203,5021.49,2.4526,46.4953,3.91516,455.568,10.94,8.752,102.024,3.125,1.981,1.395,3.913,96.09,0,5896.8,2.0916,54.6,3.20093,183.328,11.11,3.28,100.033,3.125,1.787,1.395,2.16,97.84,0,5896.8,1.8951,54.6,1.35881,93.5692,1.587,1.655,84.7573,3.125,1.479,1.395,17.375,19.549,27.177,16.3194,73.5,5.2531,51.726,51.631,9.6694,11.556,19.537,22,44.512,10.11,8.753,0.4437,0.318597,7.35,2200,5750,0,9.35256,16,5918.89,5.14784,43.75,5.173,5.173,0,0,0,8.314,17.18,3200,39,1.195,41.7641,1.392,53,1.1,-1.5625
2026-09-07T08:40:34.271149+00:00,1.1853,473.186,108,21.04,78.96,0,5907.6,3.6367,54.7,7.14478,1251.7,17.19,20.99,227.925,4.615,4.261,1.395,43.44,56.56,0,5026.09,5.0754,46.5379,8.53697,709.439,13.85,13.65,1935.87,26.15,37.83,1.39,5.912,85.57,8.521,5026.09,2.1182,46.5379,5.15294,309.495,3.077,5.973,70.9803,0,1.38,1.39,29.29,70.71,0,5026.09,4.961,46.5379,8.86449,1229.06,15.62,23.77,558.083,10.77,10.72,1.39,3.433,77.33,19.24,5026.09,1.6138,46.5379,3.76966,145.992,0,2.803,83.5028,1.538,1.613,1.39,9.388,88.89,1.72,5026.09,2.4828,46.5379,3.95178,489.036,4.615,9.381,100.235,1.538,1.955,1.39,3.576,96.42,0,5902.2,2.0658,54.65,3.21031,159.331,0,2.953,104.415,0,1.768,1.39,2.442,97.56,0,5902.2,1.9238,54.65,1.46365,104.654,0,1.834,91.2584,1.562,1.549,1.39,16.875,19.286,26.816,16.347,67.5,5.1567,50.981,50.945,9.4624,11.31,19.252,21.25,43.798,6.283,8.902,0.546833,0.206422,6.75,2200,5750,0,8.99359,15.75,5919.67,5.28326,26.15,5.098,5.098,0,0,0,8.192,17.21,3200,38.9951,1.195,41.7319,1.392,53,1.1,-1.5625
2026-09-07T08:40:35.288904+00:00,1.16797,465.87,108,20.24,79.76,0,5907.6,3.5059,54.7,6.80692,1204.69,18.75,20.59,205.54,3.125,3.858,1.395,30.08,69.92,0,5896.8,4.6513,54.6,8.32698,1315.02,26.56,25.47,541.349,6.25,10.38,1.385,6.754,86.07,7.177,5896.8,2.2156,54.6,5.26404,344.953,7.812,6.651,81.3056,4.688,1.578,1.385,41.73,58.27,0,5896.8,5.2413,54.6,9.19872,2240.76,34.38,43.64,289.634,6.25,5.486,1.385,3.381,80.42,16.2,5021.49,1.6698,46.4953,3.7569,165.209,4.688,3.183,60.8917,3.125,1.165,1.385,8.739,90.8,0.4612,5896.8,2.5457,54.6,4.26179,460.843,9.375,8.808,95.1987,4.688,1.848,1.385,3.272,96.73,0,5021.49,2.0251,46.4953,3.04752,154.157,4.688,2.815,90.455,4.688,1.582,1.385,2.603,97.4,0,5896.8,1.9485,54.6,1.67929,105.313,4.688,1.822,98.5996,4.688,1.655,1.385,18.375,18.818,26.165,16.3513,72.5,5.1878,50.475,50.552,9.5093,11.366,18.829,20.625,43.237,9.277,8.783,0.414082,0.182586,7.25,2200,5750,0,9.1859,15.75,5921.08,5.17691,34.38,5.047,5.047,0,0,0,8.012,17.21,3200,38.995,1.195,41.7202,1.392,53,1.1,-1.625
2026-09-07T08:40:36.305569+00:00,1.14782,455.041,108,20.84,79.16,0,5896.8,3.6236,54.6,6.95,1239.97,25,21.38,191.392,1.562,3.643,1.39,38.14,61.86,0,5891.4,4.8982,54.55,8.48333,1821.84,25,35.54,489.898,3.125,9.458,1.39,5.029,83.76,11.21,5016.9,1.9257,46.4527,4.83582,246.334,3.125,4.739,82.5162,1.562,1.604,1.39,33.09,66.91,0,5891.4,4.9759,54.55,8.95224,1746.43,28.12,34.01,257.983,3.125,4.886,1.39,3.135,79.72,17.15,5016.9,1.6328,46.4527,3.58557,148.109,0,2.85,64.2641,1.562,1.248,1.39,8.836,87.17,3.993,5016.9,2.4396,46.4527,4.06219,449.355,3.125,8.616,104.463,3.125,2.03,1.39,3.365,96.63,0,5891.4,2.0289,54.55,3.03993,163.177,1.562,3.025,87.1285,0,1.496,1.39,2.348,97.65,0,5891.4,1.9191,54.55,1.57463,97.2081,0,1.687,90.5923,0,1.531,1.39,15,19.013,26.438,16.3155,73,5.1959,50.786,50.855,9.5336,11.395,19.025,20.125,43.548,6.25,8.609,0.420208,0.174997,7.3,2200,5750,0,9.14103,16,5920.67,5.13109,28.12,5.079,5.079,0,0,0,8.096,17.17,3200,39,1.195,41.7294,1.392,53,1.1,-1.5625
2026-09-07T08:40:37.323340+00:00,1.18651,478.709,108,20.98,79.02,0,5907.6,3.6533,54.7,7.01689,1247.69,18.75,20.53,263.6,3.125,5.025,1.375,43.16,56.84,0,5902.2,4.9909,54.65,8.4985,1981.05,32.81,38.68,690.965,6.25,13.4,1.39,5.811,83.62,10.57,5026.09,2.0433,46.5379,4.9552,276.388,3.125,5.302,96.278,0,1.875,1.39,30.79,69.21,0,5026.09,5.0072,46.5379,9.128,1326.29,23.44,25.72,555.118,7.812,10.72,1.39,3.166,79.41,17.43,5026.09,1.6372,46.5379,3.56732,146.662,3.125,2.823,70.6563,0,1.365,1.39,9.236,87.83,2.931,5026.09,2.4854,46.5379,4.15165,469.505,7.812,8.976,106.405,0,2.065,1.39,3.226,96.77,0,5902.2,1.9985,54.65,2.95971,145.667,1.562,2.666,94.6817,0,1.589,1.39,2.29,97.71,0,5902.2,1.898,54.65,1.53428,98.075,1.562,1.727,90.3089,0,1.567,1.39,18.375,19.391,26.951,16.4144,75,5.2286,51.446,51.289,9.6539,11.538,19.373,19.75,44.24,6.836,9.002,0.559082,0.216985,7.5,2200,5750,0,9.28846,15.5,5920.24,5.11949,32.81,5.145,5.145,0,0,0,8.244,17.28,3200,39,1.195,41.7648,1.391,52.995,1.1,-1.625
2026-09-07T08:40:38.343493+00:00,1.2567,500.28,108,20.59,79.41,0,5902.2,3.489,54.65,6.73564,1224.22,21.88,20.69,217.029,3.125,4.099,1.39,31.59,68.41,0,5891.4,5.2319,54.55,9.86226,1401.53,17.19,27.15,534.522,7.812,10.22,1.385,5.992,88.96,5.048,5891.4,2.1991,54.55,5.17145,308.053,7.812,5.948,74.065,0,1.44,1.385,48.45,51.55,0,5886,5.7958,54.5,10.3385,2687.83,42.19,52.35,259.497,1.562,4.848,1.385,3.591,84.18,12.23,5886,1.7538,54.5,3.80157,157.952,3.125,3.021,84.3412,0,1.632,1.385,9.392,90.37,0.235,5886,2.5045,54.5,4.37438,449.968,6.25,8.574,137.34,3.125,2.677,1.385,3.527,96.47,0,5886,2.0355,54.5,3.06906,176.361,4.688,3.244,86.7931,0,1.505,1.385,2.54,97.46,0,5886,1.9273,54.5,1.68844,100.158,1.562,1.786,104.818,0,1.754,1.385,20.75,20.26,28.146,17.029,119.5,5.2623,52.706,52.732,9.6543,11.538,20.257,20.125,45.473,7.52,9.434,0.611798,0.236768,11.95,2200,5750,0,9.21795,15.75,5918.33,5.35564,42.19,5.271,5.271,0,0,0,8.62,17.93,3200,39,1.195,41.8751,1.391,53,1.1,-1.5625
2026-09-07T08:40:39.361007+00:00,1.60593,615.334,108,14.87,85.13,0,5880.6,2.7665,54.45,5.63112,878.261,7.812,14.44,152.586,1.562,2.879,1.375,72.86,27.14,0,5869.8,10.653,54.35,22.0797,4036.95,70.31,79.17,352.776,1.562,6.674,1.37,3.127,55.46,41.42,5869.8,1.2029,54.35,3.69718,141.074,0,2.631,58.9509,1.562,1.091,1.37,59.97,40.03,0,5869.8,7.2715,54.35,14.9207,3405.14,60.94,65.97,195.93,1.562,3.794,1.38,1.781,24.68,73.54,5044.36,0.57828,46.707,2.18007,81.1237,0,1.527,28.6465,0,0.5455,1.38,5.373,63.78,30.85,5044.36,1.5039,46.707,3.48339,269.937,1.562,5.073,43.6946,0,0.8318,1.38,1.651,98.35,0,5869.8,1.6927,54.35,2.36901,79.3238,1.562,1.454,40.7814,0,0.7027,1.38,0.9566,99.04,0,5869.8,1.5981,54.35,0.937063,47.8199,0,0.8339,32.3471,0,0.5333,1.38,30.875,24.431,33.612,28.2934,86,5.1803,57.996,57.717,9.5654,11.433,24.387,28.875,50.744,9.277,11.76,1.51128,0.529358,8.6,2200,5750,0,9.35897,16,5894.61,6.43294,70.31,5.8,5.8,0,0,0,10.38,29.78,3200,39,1.195,41.8641,1.376,53,1.1,-1.625
2026-09-07T08:40:40.382677+00:00,1.7942,720.17,108,26.01,73.99,0,5869.8,3.7962,54.35,7.96322,1536.25,23.44,25.58,326.939,6.349,6.3,1.365,71.73,28.27,0,5875.2,10.107,54.4,21.5451,3620.57,64.06,70.77,878.631,12.7,17.22,1.375,7.392,88.95,3.659,5049,2.2362,46.75,5.79032,357.023,11.11,6.947,124.841,0,2.376,1.375,52.57,47.43,0,5875.2,6.4864,54.4,14.6072,2791.9,48.44,55.66,371.536,6.349,7.185,1.375,5.345,84.19,10.46,5049,1.8988,46.75,4.33076,266.339,6.349,5.131,96.6529,0,1.855,1.375,9.075,88,2.921,5880.6,2.3929,54.45,5.19869,479.588,10.94,9.182,107.253,1.587,2.062,1.375,4.477,95.52,0,5880.6,2.0124,54.45,3.26757,209.552,6.25,3.951,123.43,1.562,2.254,1.375,2.812,97.19,0,5880.6,1.8095,54.45,1.75897,119.906,3.125,2.144,112.306,3.125,2.055,1.375,23.125,29.732,40.793,25.6288,119.5,5.1513,65.099,65.241,9.456,11.304,29.775,29.5,57.763,12.84,13.79,1.10764,0.404404,11.95,2200,5750,0,9.36538,16.25,5887.01,6.85364,64.06,6.51,6.51,0,0,0,12.67,26.98,3200,39,1.195,41.8291,1.374,53,1.1,-1.625
2026-09-07T08:40:41.400508+00:00,1.77967,702.881,108,21.57,78.43,0,5902.2,3.3647,54.65,7.21457,1279.54,23.44,22.09,223.542,1.538,4.26,1.395,68.73,31.27,0,5896.8,9.3619,54.6,20.1046,3585.14,56.25,70.28,618.691,6.154,12.01,1.395,6.645,83.11,10.24,5021.49,1.9874,46.4953,5.39631,326.664,1.538,6.25,106.374,3.077,2.058,1.395,57.62,42.38,0,5896.8,7.2818,54.6,15.7138,1794.92,34.38,34.93,1712.22,24.62,33.45,1.395,5.519,83.12,11.36,5021.49,1.8544,46.4953,4.26462,257.797,1.538,4.972,107.493,4.615,2.081,1.395,10.22,83.45,6.33,5896.8,2.3824,54.6,5.23018,509.795,15.62,9.805,134.911,0,2.612,1.395,4.6,95.4,0,5896.8,1.9821,54.6,3.2863,215.243,1.562,4.022,125.912,1.562,2.357,1.395,3.068,96.93,0,5021.49,1.8122,46.4953,1.74579,133.844,0,2.401,114.011,3.125,2.092,1.395,16.5,26.654,36.479,26.3128,117,5.1235,60.598,60.728,9.3833,11.217,26.644,29.875,53.332,11.19,13.48,1.17752,0.402112,11.7,2200,5750,0,9.08333,15.75,5881.28,6.88169,56.25,6.06,6.06,0,0,0,11.34,27.7,3200,39,1.195,41.8563,1.37,53,1.1,-1.5625
2026-09-07T08:40:42.419215+00:00,1.60364,640.299,108,22.33,77.67,0,5896.8,3.6857,54.6,7.4871,1329.73,17.19,22.89,241.868,4.688,4.586,1.39,52.94,47.06,0,5016.52,6.748,46.4492,13.692,1760.9,34.38,34.4,1491.39,25,29.18,1.385,7.113,85.64,7.244,5016.52,2.2127,46.4492,5.62462,359.359,7.812,7.013,96.4201,1.562,1.875,1.385,55.43,44.57,0,5837.4,7.4949,54.05,15.1346,716.934,12.5,13.82,2702.93,45.31,52.65,1.385,5.127,84.19,10.68,5035.08,1.9654,46.6211,4.41458,241.582,6.25,4.735,103.036,1.562,1.998,1.375,9.483,89.37,1.143,5035.08,2.5248,46.6211,5.23209,477.261,7.812,9.317,120.419,1.562,2.335,1.375,4.977,95.02,0,5035.08,2.1618,46.6211,3.51315,245.994,1.562,4.623,114.852,1.562,2.073,1.375,2.97,97.03,0,5859,1.9425,54.25,1.95015,125.017,1.562,2.317,117.091,1.562,2.094,1.375,20.25,23.87,33.001,21.1682,125,5.2556,57.611,57.603,9.6353,11.517,23.887,28.875,50.299,10.74,12.24,1.37029,0.402356,12.5,2200,5750,0,9.07692,15.5,5902.09,6.23484,45.31,5.761,5.761,0,0,0,10.16,22.28,3200,38.995,1.195,41.9549,1.384,53,1.1,-1.5625
2026-09-07T08:40:43.437883+00:00,1.62204,647.778,108,21.27,78.73,0,5880.6,3.4735,54.45,7.04912,1264.98,9.375,21.75,238.157,4.762,4.561,1.375,51.76,48.24,0,5886,7.2801,54.5,15.2929,2662.12,43.75,52.06,519.477,9.524,10.06,1.38,7.295,87.21,5.498,5012.3,2.237,46.4102,5.5202,371.35,3.175,7.24,106.447,1.587,2.074,1.38,58.84,41.16,0,5012.3,7.6343,46.4102,15.6905,1792.37,30.16,34.98,1791.69,22.22,35.59,1.38,5.02,85.35,9.627,5012.3,1.9412,46.4102,4.30606,251.1,4.762,4.89,94.5259,1.587,1.84,1.38,9.666,87.37,2.966,5012.3,2.474,46.4102,5.40593,489.836,9.524,9.506,139.793,1.587,2.723,1.38,4.875,95.13,0,5886,2.0914,54.5,3.33939,243.811,6.349,4.644,119.709,1.587,2.192,1.38,3.482,96.52,0,5886,1.9358,54.5,2.07083,143.536,1.562,2.59,135.543,3.125,2.49,1.38,20.25,24.14,33.282,22.2455,99,5.2823,57.954,57.877,9.6826,11.572,24.147,28.5,50.665,9.665,12.45,1.15008,0.431604,9.9,2200,5750,0,9.27564,15.75,5895.24,6.30114,43.75,5.795,5.795,0,0,0,10.28,23.42,3200,39,1.195,41.8929,1.38,53,1.1,-1.625
2026-09-07T08:40:44.202818+00:00,1.56753,630.116,108,21.81,78.19,0,5869.8,3.6474,54.35,7.41555,1297.42,21.88,22.85,206.788,3.125,3.9,1.385,52.27,47.73,0,5902.2,6.9798,54.65,14.4037,2122.71,32.81,41.47,1195.06,21.54,23.32,1.39,6.796,86.22,6.986,5026.09,2.1959,46.5379,5.51816,332.516,9.375,6.486,109.653,1.562,2.136,1.39,53.26,46.74,0,5902.2,7.1848,54.65,14.6861,643.28,10.94,12.42,2613.69,46.15,51.22,1.39,4.833,84.42,10.75,5026.09,1.8982,46.5379,4.21617,233.697,4.688,4.582,90.6401,1.562,1.758,1.39,10.08,88.61,1.304,5026.09,2.5139,46.5379,5.28134,478.776,12.5,9.338,159.495,4.688,3.113,1.39,4.389,95.61,0,5902.2,2.0455,54.65,3.25211,214.284,3.077,4.053,116.782,0,2.156,1.39,3.309,96.69,0,5902.2,1.9298,54.65,1.99577,132.186,0,2.41,134.878,1.562,2.4,1.39,28,24.355,33.639,21.3695,113,5.1746,57.961,57.868,9.4968,11.352,24.365,28,50.683,10.97,12.1,0.963751,0.361809,11.3,2200,5750,0,9.21795,15.75,5900.5,6.17799,46.15,5.796,5.796,0,0,0,10.37,22.49,3200,39,1.195,41.8706,1.383,53,1.1,-1.5625
2026-09-07T08:40:45.220308+00:00,1.5235,607.492,108,21.11,78.89,0,5896.8,3.544,54.6,7.246,1256.65,21.88,22.42,188.734,4.615,3.599,1.39,51.22,48.78,0,5869.8,7.4328,54.35,14.8975,2647,43.75,51.82,513.109,10.94,9.964,1.37,6.678,90.23,3.092,5044.36,2.2536,46.707,5.56532,323.114,10.77,6.339,110.507,4.615,2.15,1.37,51.47,48.53,0,5869.8,6.3544,54.35,12.6749,1360,23.08,26.53,1801.52,37.5,35.31,1.37,4.335,89.74,5.925,5044.36,1.9419,46.707,4.26451,209.794,7.692,4.104,91.1019,6.154,1.763,1.37,9.761,89.12,1.119,5044.36,2.567,46.707,5.10936,492.998,10.77,9.649,124.809,4.615,2.433,1.37,4.467,95.53,0,5869.8,2.0708,54.35,3.32282,214.121,9.375,4.06,120.467,4.688,2.149,1.37,3.313,96.69,0,5869.8,1.9686,54.35,1.97047,136.687,7.812,2.505,129.255,6.25,2.377,1.37,32.25,23.533,32.576,20.319,125.5,5.21,56.896,57.098,9.512,11.37,23.497,27.125,49.677,13.41,11.7,1.01181,0.372812,12.55,2200,5750,0,9.25,16.25,5906.37,6.23186,43.75,5.69,5.69,0,0,0,9.999,21.39,3200,39,1.195,41.8849,1.386,53,1.1,-1.5625
2026-09-07T08:40:46.238584+00:00,1.50993,603.935,108,19.77,80.23,0,5880.6,3.3638,54.45,6.90541,1178.27,10.94,20.31,222.891,3.175,4.231,1.375,49.08,50.92,0,5891.4,6.7563,54.55,13.8566,1814.63,28.12,35.48,1215.25,18.75,23.74,1.385,6.969,88.99,4.042,5016.9,2.2626,46.4527,5.55618,342.957,7.937,6.715,106.301,1.587,2.066,1.385,52.78,47.22,0,5891.4,7.0236,54.55,14.0249,2037.67,29.69,39.84,1192.66,18.75,23.38,1.385,4.678,89.06,6.266,5016.9,1.9573,46.4527,4.28153,222.083,4.762,4.344,97.2218,0,1.886,1.385,9.738,88.01,2.249,5016.9,2.5109,46.4527,5.12738,493.998,7.937,9.67,125.564,0,2.448,1.385,4.773,95.23,0,5891.4,2.1136,54.55,3.40916,226.384,3.125,4.282,127.525,1.562,2.297,1.385,3.196,96.8,0,5891.4,1.9333,54.55,1.91466,130.709,1.562,2.396,128.869,1.562,2.372,1.385,19.5,23.26,32.186,20.481,77,5.2517,56.809,56.758,9.6394,11.521,23.305,26.625,49.483,8.716,11.59,1.0517,0.36597,7.7,2200,5750,0,9.25,15.5,5904.12,6.15453,29.69,5.681,5.681,0,0,0,9.917,21.56,3200,39,1.195,41.9149,1.385,53,1.1,-1.625
2026-09-07T08:40:47.256936+00:00,1.56158,620.902,108,21.4,78.6,0,5853.6,3.6146,54.2,7.51013,1273.21,10.94,22.66,196.52,4.688,3.749,1.375,55.19,44.81,0,5875.2,6.7105,54.4,13.5488,2791.18,46.88,54.68,573.381,7.812,11.12,1.375,6.901,90.4,2.694,5049,2.2555,46.75,5.7435,349.92,6.25,6.868,99.0165,3.125,1.923,1.375,49.64,50.36,0,5875.2,7.3489,54.4,15.0771,2439.77,43.75,47.7,621.403,12.5,12.13,1.375,5.249,88.8,5.952,5049,2.0058,46.75,4.52563,249.743,3.125,4.888,101.398,1.562,1.966,1.375,9.805,88.5,1.691,5049,2.5371,46.75,5.39813,506.606,7.812,9.933,114.658,1.562,2.226,1.375,4.681,95.32,0,5875.2,2.0987,54.4,3.543,222.205,4.688,4.196,126.17,3.125,2.328,1.375,3.293,96.71,0,5875.2,1.9455,54.4,2.05175,147.128,3.125,2.676,122.126,1.562,2.244,1.375,19.75,23.331,32.249,20.9872,97,5.2635,56.836,56.687,9.6643,11.55,23.314,26.375,49.589,10.16,11.96,1.02579,0.37855,9.7,2200,5750,0,9.5,16,5900.07,6.31863,46.88,5.684,5.684,0,0,0,9.921,22.09,3200,39,1.195,41.825,1.383,53,1.1,-1.625
2026-09-07T08:40:48.275568+00:00,1.66505,663.481,108,22.16,77.84,0,5902.2,3.6352,54.65,7.72037,1319.38,10.94,22.64,254.816,3.077,4.835,1.395,52.21,47.79,0,5875.2,7.5782,54.4,15.7275,2503.06,37.5,48.18,742.021,10.94,14.61,1.37,7.331,86.21,6.463,5875.2,2.1803,54.4,5.78772,368.443,6.154,7.259,100.404,0,1.95,1.37,61.15,38.85,0,5875.2,7.5068,54.4,15.4082,2220.69,37.5,43.72,1482.06,17.19,29.39,1.37,5.174,86.34,8.483,5875.2,1.953,54.4,4.57084,244.305,3.077,4.788,105.048,3.077,2.046,1.37,9.855,87.41,2.737,5875.2,2.4623,54.4,5.3623,493.486,9.231,9.731,125.916,1.538,2.45,1.37,5.205,94.8,0,5875.2,2.0829,54.4,3.61653,254.604,0,4.82,127.461,0,2.391,1.37,3.415,96.58,0,5875.2,1.9273,54.4,2.02976,135.636,0,2.519,138.371,0,2.49,1.37,24.125,24.041,33.152,22.2752,119,5.248,57.658,57.729,9.62,11.498,24.006,26.875,50.423,8.764,12.74,1.30145,0.44533,11.9,2200,5750,0,9.50641,15.75,5894.43,6.6321,37.5,5.766,5.766,0,0,0,10.22,23.45,3200,39,1.195,41.8307,1.38,53,1.1,-1.5625
2026-09-07T08:40:49.294051+00:00,1.59429,643.677,108,19.72,80.28,0,5896.8,3.3659,54.6,7.18981,1174.2,18.75,20.1,241.122,4.688,4.579,1.385,48.28,51.72,0,5891.4,6.9558,54.55,14.8986,1976.97,31.25,39.57,1041.9,14.06,20.13,1.395,7.575,87.21,5.217,5016.9,2.3461,46.4527,5.93108,391.796,6.25,7.632,98.2439,4.688,1.901,1.395,60.15,39.85,0,5891.4,7.7769,54.55,15.4889,2316.43,37.5,44.99,1396.21,20.31,27.09,1.395,5.449,87.23,7.321,5891.4,1.9789,54.55,4.55259,256.483,4.688,5.014,110.704,4.688,2.137,1.395,9.703,87.28,3.02,5891.4,2.437,54.55,5.24776,497.781,9.375,9.697,130.63,3.125,2.542,1.395,5.268,94.73,0,5891.4,2.1516,54.55,3.65952,268.226,3.125,4.95,127.999,4.688,2.354,1.395,3.286,96.71,0,5891.4,1.9362,54.55,2.00897,135.468,3.125,2.537,134.671,3.125,2.46,1.395,22.25,24.013,33.176,21.9376,118.5,5.2631,57.843,57.894,9.6687,11.556,24.046,26.875,50.521,10.84,12.35,1.11174,0.411,11.85,2200,5750,0,9.10897,15.75,5898.87,6.50997,37.5,5.784,5.784,0,0,0,10.23,23.09,3200,39,1.195,41.8485,1.383,53,1.1,-1.5625
2026-09-07T08:40:50.313573+00:00,1.56953,624.36,108,22.41,77.59,0,5907.6,3.6223,54.7,7.47862,1332.77,17.46,23.88,199.595,3.175,3.8,1.39,51.6,48.4,0,5891.4,6.1989,54.55,12.6474,2599.87,39.68,50.85,552.227,11.11,10.76,1.385,7.537,86.46,6.003,5891.4,2.2632,54.55,5.76581,390.938,3.175,7.656,90.2335,1.587,1.749,1.385,52.52,47.48,0,5891.4,7.8187,54.55,15.8836,2907.54,44.44,56.91,331.772,7.937,6.426,1.385,5.102,86.6,8.302,5891.4,1.9124,54.55,4.40967,249.632,3.175,4.891,98.4265,3.175,1.918,1.385,9.62,88.25,2.134,5891.4,2.5291,54.55,5.51354,486.043,6.349,9.513,129.662,1.587,2.527,1.385,4.678,95.32,0,5891.4,2.0736,54.55,3.4895,232.624,3.175,4.497,111.813,1.587,2.05,1.385,3.479,96.52,0,5891.4,1.9652,54.55,2.14777,141.872,3.175,2.644,134.747,3.175,2.39,1.385,25.125,23.485,32.471,20.9932,71,5.1723,56.817,56.822,9.5395,11.403,23.475,26.5,49.563,9.623,12.03,1.05988,0.391093,7.1,2200,5750,0,9.14744,15.75,5900.98,6.30301,44.44,5.682,5.682,0,0,0,9.989,22.1,3200,39,1.195,41.8634,1.384,53,1.1,-1.5625
2026-09-07T08:40:51.332843+00:00,1.61262,642.966,108,21.28,78.72,0,5896.8,3.5291,54.6,7.33155,1269.06,24.62,21.87,253.206,12.5,4.724,1.385,56.58,43.42,0,5021.49,7.5544,46.4953,15.4289,2794.21,53.85,54.77,677.594,12.31,13.16,1.39,7.431,88.89,3.677,5021.49,2.2795,46.4953,5.72485,378.671,12.5,7.395,95.7305,6.25,1.859,1.39,52.22,47.78,0,5021.49,6.9392,46.4953,14.2967,1109.86,21.88,21.62,2090.06,30.77,40.96,1.39,5.493,88.68,5.824,5021.49,2.0125,46.4953,4.48444,263.877,9.375,5.156,98.6834,6.25,1.915,1.39,10.09,88.32,1.592,5021.49,2.5302,46.4953,5.25822,518.085,10.94,10.14,114.292,9.375,2.22,1.39,4.64,95.36,0,5896.8,2.0697,54.6,3.44622,231.005,10.77,4.345,113.704,6.154,2.076,1.39,3.522,96.48,0,5896.8,1.9655,54.6,2.09948,144.908,6.154,2.689,134.524,7.692,2.442,1.39,16.5,23.839,32.923,21.4426,101,5.2379,57.507,57.494,9.6524,11.536,23.843,26.375,50.221,15.09,12.33,1.23438,0.44731,10.1,2200,5750,0,9.4359,16,5899.93,6.40202,53.85,5.751,5.751,0,0,0,10.15,22.57,3200,39,1.195,41.8147,1.382,53,1.1,-1.5625
2026-09-07T08:40:52.348684+00:00,1.56556,627.164,108,20.85,79.15,0,5891.4,3.5064,54.55,7.36576,1241.72,21.88,22.2,188.613,1.538,3.599,1.385,51.27,48.73,0,5880.6,7.7926,54.45,16.0415,2373.42,43.75,46.45,881.111,15.62,17.16,1.38,7.258,85.98,6.76,5007.7,2.2501,46.3676,5.78422,362.068,7.692,7.101,104.424,1.538,2.031,1.38,54.5,45.5,0,5880.6,6.7623,54.45,13.7702,536.519,9.231,10.37,2790.16,45.31,54.76,1.38,5.19,85.49,9.321,5007.7,1.9151,46.3676,4.44655,248.974,3.077,4.89,97.1896,0,1.893,1.38,9.434,85.89,4.679,5007.7,2.3984,46.3676,5.02797,484.976,6.154,9.506,113.081,0,2.203,1.38,4.495,95.5,0,5007.7,2.0584,46.3676,3.45842,227.895,1.562,4.362,104.737,0,1.913,1.38,3.568,96.43,0,5880.6,1.9588,54.45,1.98864,142.584,0,2.585,137.158,0,2.494,1.38,24.625,23.826,32.928,21.9122,113.5,5.2785,57.604,57.623,9.6978,11.591,23.837,26.75,50.325,9.835,12.09,0.979321,0.368742,11.35,2200,5750,0,9.39103,15.75,5900.8,6.46916,45.31,5.76,5.76,0,0,0,10.14,23.07,3200,38.995,1.195,41.8402,1.383,53,1.1,-1.5625
2026-09-07T08:40:53.369107+00:00,1.64236,664.262,108,22.84,77.16,0,5880.6,3.6482,54.45,7.7002,1359.54,18.75,22.63,312.748,4.762,5.928,1.385,55.57,44.43,0,5896.8,7.3301,54.6,15.3136,2146.02,26.56,41.99,1317.38,28.12,25.72,1.395,8.414,85,6.586,5021.49,2.2829,46.4953,5.95496,418.931,4.762,8.211,126.665,3.175,2.469,1.395,53.94,46.06,0,5896.8,7.2833,54.6,15.0554,715.421,10.94,13.86,2590.37,37.5,50.77,1.395,5.424,86.45,8.131,5021.49,2.0062,46.4953,4.67518,269.962,6.349,5.287,100.211,1.587,1.953,1.395,9.779,87.95,2.268,5021.49,2.4686,46.4953,5.29429,509.773,11.11,9.981,118.288,0,2.301,1.395,4.756,95.24,0,5896.8,2.0622,54.6,3.5702,227.147,1.562,4.339,130.634,0,2.387,1.395,3.522,96.48,0,5896.8,1.9538,54.6,2.06106,154.637,0,2.835,130.446,0,2.387,1.395,18.125,24.454,33.731,22.0374,117,5.2459,58.346,58.37,9.6712,11.559,24.453,26.875,51.061,9.699,12.69,1.30017,0.452367,11.7,2200,5750,0,9.23077,15.75,5897.7,6.58483,37.5,5.835,5.835,0,0,0,10.41,23.2,3200,39,1.195,41.7648,1.381,53,1.1,-1.5625
2026-09-07T08:40:54.387762+00:00,1.6831,676.509,108,23.38,76.62,0,5886,3.7803,54.5,8.05053,1386.94,25.4,23.95,253.267,6.25,4.814,1.38,52.96,47.04,0,5880.6,7.7892,54.45,16.1148,2538.28,44.44,49.68,751.073,15.87,14.61,1.375,8.514,87.19,4.298,5880.6,2.3669,54.45,6.22192,430.991,12.5,8.439,118.981,3.125,2.32,1.375,57.57,42.43,0,5880.6,6.8502,54.45,13.8747,559.9,14.29,10.76,3022.45,57.14,59.33,1.375,5.825,86.75,7.425,5880.6,2.0435,54.45,4.87412,288.733,7.812,5.663,94.951,4.688,1.849,1.375,11.65,86.36,1.985,5880.6,2.6391,54.45,5.4165,576.207,18.75,11.31,158.816,3.125,3.101,1.375,5.041,94.96,0,5880.6,2.108,54.45,3.75075,259.338,6.349,4.95,112.324,3.175,2.073,1.375,3.369,96.63,0,5880.6,1.9411,54.45,1.98282,144.033,3.175,2.689,127.866,1.587,2.338,1.375,20.25,24.665,34.044,21.5931,107,5.2784,58.687,58.598,9.6916,11.583,24.645,26.875,51.434,14.23,12.99,1.24369,0.404864,10.7,2200,5750,0,9.3141,15.5,5898.34,6.67014,57.14,5.869,5.869,0,0,0,10.49,22.73,3200,39,1.195,41.7783,1.382,53,1.1,-1.5625
2026-09-07T08:40:55.407722+00:00,1.66255,656.744,108,20.48,79.52,0,5875.2,3.4364,54.4,7.39371,1219.03,18.46,21.22,207.651,3.125,3.972,1.38,62.68,37.32,0,5875.2,7.7922,54.4,15.976,2289.76,35.38,44.23,1534.99,31.25,30.26,1.37,7.12,85.67,7.214,5875.2,2.1869,54.4,5.84007,356.892,18.75,6.973,101.779,1.562,1.98,1.37,53.43,46.57,0,5869.8,7.5382,54.35,15.9016,528.887,9.375,10.06,2731.23,50.77,53.97,1.375,5.055,84.57,10.38,5869.8,1.878,54.35,4.57173,247.838,7.812,4.838,85.3522,1.562,1.652,1.375,10.19,85.92,3.887,5869.8,2.486,54.35,5.54104,525.676,9.375,10.31,111.532,3.125,2.154,1.375,4.171,95.83,0,5869.8,2.0271,54.35,3.59344,215.718,6.25,4.066,99.2923,1.562,1.811,1.375,3.129,96.87,0,5869.8,1.9084,54.35,2.08583,125.151,1.538,2.327,127.13,6.154,2.246,1.375,25.125,24.062,33.191,22.7544,124,5.2508,57.734,57.774,9.5983,11.472,24.075,27.5,50.439,12.88,12.63,1.1488,0.413303,12.4,2200,5750,0,9.41026,15.5,5895.63,6.69636,50.77,5.773,5.773,0,0,0,10.24,23.95,3200,39,1.195,41.7904,1.38,53,1.1,-1.5625
2026-09-07T08:40:56.425397+00:00,1.94457,809.415,108,25.33,74.67,0,5853.6,3.8115,54.2,8.23734,1498.16,20.31,26.12,308.904,3.077,5.886,1.375,63.32,36.68,0,5848.2,8.6703,54.15,18.0715,3307.31,54.69,65.17,754.975,7.692,14.63,1.375,11.86,80.47,7.674,5848.2,2.6927,54.15,7.01912,633.574,16.92,12.37,270.668,7.692,5.26,1.375,54.04,45.96,0,5864.4,6.8299,54.3,14.1688,2735.95,36.92,52.97,672.213,12.5,13.13,1.375,10.44,79.1,10.46,5864.4,2.407,54.3,5.71624,551.011,12.31,10.78,143.835,3.077,2.795,1.375,14.86,80.22,4.92,5864.4,2.8916,54.3,6.00323,794.998,7.692,15.53,188.021,3.077,3.669,1.375,9.354,90.65,0,5864.4,2.4471,54.3,4.4609,493.448,10.77,9.505,174.994,6.154,3.249,1.375,5.255,94.74,0,5864.4,2.1205,54.3,2.42478,242.494,4.688,4.61,180.085,3.125,3.337,1.375,21.25,26.402,36.319,22.9303,120.5,5.2806,61.054,60.976,9.7244,11.622,26.379,27.875,53.75,13.17,15.56,1.97571,0.557215,12.05,2200,5750,0,9.44872,16,5890.09,6.85762,54.69,6.105,6.105,0,0,0,11.23,24.14,3200,39.0099,1.195,41.8064,1.378,53,1.1,-1.5625
2026-09-07T08:40:57.443588+00:00,1.54603,614.451,108,20.78,79.22,0,5880.6,3.4977,54.45,7.55999,1237.08,15.62,21.14,246.153,3.125,4.634,1.38,50.9,49.1,0,5869.8,7.3825,54.35,15.2115,2108.41,29.69,41.23,995.391,17.19,19.43,1.37,6.346,90.5,3.156,5044.36,2.1723,46.707,5.82706,317.19,10.94,6.22,99.9729,1.562,1.947,1.37,54.81,45.19,0,5044.36,6.6116,46.707,13.4049,1741.76,25,34.48,1582.44,26.56,30.9,1.37,4.815,88.92,6.26,5044.36,1.9361,46.707,4.67144,233.637,6.25,4.602,88.7337,1.562,1.738,1.37,9.126,89.77,1.105,5044.36,2.4759,46.707,5.13178,454.287,7.812,8.91,125.362,3.125,2.445,1.37,4.587,95.41,0,5869.8,2.0589,54.35,3.7116,209.606,6.25,4.023,132.182,1.562,2.386,1.37,3.227,96.77,0,5869.8,1.9173,54.35,1.95457,139.131,1.562,2.532,119.885,3.125,2.215,1.37,17.875,23.315,32.22,21.0746,118.5,5.2395,56.802,56.95,9.6443,11.527,23.334,27.25,49.51,10.06,11.8,0.9819,0.374307,11.85,2200,5750,0,9.26923,16,5901.09,6.67005,29.69,5.68,5.68,0,0,0,9.929,22.18,3200,39,1.195,41.8645,1.383,53,1.1,-1.5625
2026-09-07T08:40:59.460058+00:00,1.45327,579.588,108,20.16,79.84,0,5891.4,3.5328,54.55,7.25826,1200.79,17.29,20.81,218.861,6.3,4.164,1.383,52.74,47.26,0,5883.3,6.8014,54.475,13.1942,1907.05,33.93,37.29,1309.19,20.46,25.6,1.375,6.963,86.46,6.575,5883.3,2.1861,54.475,5.53734,344.603,6.324,6.731,100.674,0.7812,1.962,1.375,44.14,55.86,0,5883.3,6.0778,54.475,11.9516,1728.59,26.82,33.72,997.875,18.91,19.57,1.375,4.543,85.14,10.32,5883.3,1.8564,54.475,4.2286,217.569,3.943,4.253,87.626,2.344,1.703,1.375,9.583,86.71,3.703,5883.3,2.4506,54.475,4.59363,488.339,10.21,9.544,117.093,1.562,2.282,1.38,4.036,95.96,0,5883.3,2.039,54.475,3.36824,206.011,4.737,3.907,98.5484,0.7812,1.782,1.38,3.166,96.83,0,5883.3,1.9188,54.475,1.69945,131.449,0.7812,2.379,119.141,1.575,2.129,1.38,18.5625,23.939,33.114,19.7802,93.75,5.2444,57.62,57.465,9.6535,11.538,23.895,26.375,50.42,9.797,11.11,0.943388,0.330339,9.375,2200,5750,0,9.37821,16.125,5906.72,6.06094,33.93,5.762,5.762,0,0,0,10.17,20.82,3200,39,1.195,41.8791,1.385,53,1.1,-1.5625
2026-09-07T08:41:00.225451+00:00,1.56064,626.438,108,20.79,79.21,0,5880.6,3.4752,54.45,7.28756,1236.75,21.54,21.45,220.643,4.615,4.168,1.38,54.67,45.33,0,5891.4,6.8229,54.55,13.8438,1720.99,23.08,33.62,1715.64,24.62,33.57,1.385,6.371,90.19,3.442,5891.4,2.1937,54.55,5.63433,316.25,7.692,6.196,95.6234,1.538,1.862,1.385,52.56,47.44,0,5891.4,7.5319,54.55,15.2889,2399.73,36.92,46.88,822.46,15.38,16.09,1.385,4.613,88.95,6.441,5891.4,1.9387,54.55,4.42935,213.959,6.154,4.188,97.3324,1.538,1.894,1.385,9.38,88.92,1.697,5891.4,2.4222,54.55,5.00261,466.84,7.692,9.119,125.859,0,2.453,1.385,4.719,95.28,0,5891.4,2.0609,54.55,3.45883,227.868,3.077,4.327,121.6,0,2.157,1.385,2.964,97.04,0,5891.4,1.8949,54.55,1.76754,124.908,3.077,2.302,116.55,0,2.132,1.385,21.25,26.446,36.491,21.3478,125.5,5.2086,61.057,61.281,9.6032,11.478,26.509,26.625,53.699,9.808,12.03,1.071,0.369765,12.55,2200,5750,0,9.32692,16,5897.91,6.37488,36.92,6.106,6.106,0,0,0,11.28,22.47,3200,39,1.195,41.9104,1.381,53,1.1,-1.5625
2026-09-07T08:41:01.243409+00:00,1.6056,637.602,108,22.13,77.87,0,5875.2,3.6616,54.4,7.69192,1315.17,21.88,23.11,221.187,3.125,4.161,1.38,64.12,35.88,0,5891.4,7.7299,54.55,15.5154,2253.67,34.38,44.1,1638.63,23.44,32.03,1.385,7.069,88.3,4.633,5016.9,2.2516,46.4527,5.82873,359.051,10.94,7.006,94.6109,3.125,1.835,1.385,45.64,54.36,0,5891.4,6.881,54.55,14.3626,1474.07,23.44,28.71,1356.72,25,26.05,1.385,4.785,87.45,7.764,5035.08,1.94,46.6211,4.49565,242.092,9.375,4.737,79.3277,1.562,1.531,1.375,9.743,88.25,2.006,5035.08,2.478,46.6211,5.13744,484.505,10.94,9.465,129.854,4.688,2.525,1.375,3.874,96.13,0,5859,1.9995,54.25,3.4051,195.137,4.688,3.708,100.391,1.562,1.801,1.375,3.198,96.8,0,5859,1.9284,54.25,1.95498,137.97,3.125,2.481,119.245,1.562,2.148,1.375,19.75,25.733,35.506,21.8427,124,5.2414,60.075,60.205,9.6037,11.479,25.773,26.875,52.751,11.43,12.21,0.973699,0.385537,12.4,2200,5750,0,9.28846,16,5898.93,6.47786,34.38,6.007,6.007,0,0,0,10.97,22.99,3200,39,1.195,41.9164,1.381,53,1.1,-1.5625
2026-09-07T08:41:02.260619+00:00,1.70596,678.011,108,22.96,77.04,0,5902.2,3.577,54.65,7.5462,1364.79,14.06,23.39,267.096,7.812,5.041,1.395,64.44,35.56,0,5896.8,8.0436,54.6,16.4886,2540.65,39.06,49.34,1390.1,21.88,27.35,1.39,7.312,88.47,4.217,5896.8,2.2928,54.6,5.89136,385.701,9.375,7.542,83.6913,0,1.618,1.39,52.03,47.97,0,5896.8,7.1424,54.6,14.9985,629.782,10.94,12.05,2534.84,42.19,50.25,1.39,5.196,88.2,6.603,5896.8,1.9969,54.6,4.61026,246.858,1.562,4.794,103.024,0,1.999,1.39,10.36,87.84,1.802,5896.8,2.5472,54.6,5.48689,543.187,7.812,10.54,120.381,0,2.34,1.39,4.638,95.36,0,5896.8,2.1305,54.6,3.65335,244.804,3.125,4.652,105.435,0,1.928,1.39,3.656,96.34,0,5896.8,1.9843,54.6,2.17145,150.881,0,2.754,136.955,3.125,2.434,1.39,19.75,24.228,33.433,22.2086,118.5,5.2408,58.009,57.803,9.6431,11.525,24.214,27,50.723,10.06,13,1.58388,0.450959,11.85,2200,5750,0,9.30128,16,5896.96,6.68232,42.19,5.801,5.801,0,0,0,10.3,23.38,3200,39,1.195,41.9351,1.382,53,1.1,-1.5625
2026-09-07T08:41:03.279642+00:00,1.63297,651.935,108,21.7,78.3,0,5869.8,3.5921,54.35,7.65393,1289.4,18.75,22.51,224.347,4.688,4.24,1.375,54.5,45.5,0,5869.8,7.8662,54.35,16.4117,2596.47,48.44,50.52,808.148,7.812,15.83,1.365,5.959,84.42,9.624,5869.8,1.9967,54.35,5.54897,304.33,14.06,5.946,79.147,1.562,1.535,1.365,59.15,40.85,0,5869.8,7.6047,54.35,15.55,525.747,7.812,9.656,3114.14,53.12,60.47,1.365,5.013,83.01,11.97,5869.8,1.8596,54.35,4.51804,249.272,6.25,4.898,79.5513,1.562,1.541,1.38,9.473,85.48,5.047,5869.8,2.336,54.35,5.10972,491.655,7.812,9.634,98.0114,1.562,1.905,1.38,4.406,95.59,0,5869.8,2.0174,54.35,3.52806,207.352,4.688,3.961,115.826,3.125,2.049,1.38,3.1,96.9,0,5869.8,1.8952,54.35,1.90268,129.429,1.562,2.364,118.141,3.125,2.133,1.38,27.125,23.884,32.921,23.3862,76,5.2704,57.532,57.627,9.6741,11.562,23.874,27.875,50.281,11.62,12.45,0.925922,0.347222,7.6,2200,5750,0,9.22436,16,5893.21,6.6632,53.12,5.753,5.753,0,0,0,10.16,24.62,3200,39,1.195,41.9349,1.379,53,1.1,-1.5625
2026-09-07T08:41:04.297762+00:00,1.71371,679.257,108,22.9,77.1,0,5896.8,3.6125,54.6,7.57791,1360.04,20.31,22.99,286.321,4.688,5.414,1.39,59.17,40.83,0,5902.2,8.6418,54.65,18.5245,3239.86,45.31,63.79,388.769,9.375,7.527,1.39,7.299,88.6,4.106,5902.2,2.2425,54.65,5.80169,368.515,6.25,7.22,99.3911,3.125,1.931,1.39,58.76,41.24,0,5902.2,7.4655,54.65,15.8315,1646.58,23.44,32.54,1869.33,34.38,37.46,1.39,5.283,89.15,5.566,5902.2,2.0181,54.65,4.52373,248.801,7.812,4.864,105.585,3.125,2.048,1.385,9.688,88.75,1.558,5902.2,2.4498,54.65,5.39488,511.591,7.812,9.931,108.965,3.125,2.116,1.385,4.727,95.27,0,5902.2,2.0654,54.65,3.45937,227.944,6.25,4.375,127.262,4.688,2.313,1.385,3.548,96.45,0,5902.2,1.929,54.65,2.04125,151.407,3.125,2.769,127.756,1.562,2.368,1.385,22.625,25.365,34.945,24.4042,124.5,5.2433,59.513,59.499,9.6372,11.518,25.372,28.375,52.231,11.52,13.1,1.13811,0.406821,12.45,2200,5750,0,9.52564,15.75,5891.99,6.79846,45.31,5.951,5.951,0,0,0,10.8,25.69,3200,39,1.195,41.9304,1.379,53,1.1,-1.5625
2026-09-07T08:41:05.316884+00:00,1.44622,579.259,108,20.52,79.48,0,5896.8,3.4943,54.6,6.95559,1222.56,12.5,20.52,271.747,1.587,5.169,1.39,45.07,54.93,0,5896.8,6.7215,54.6,13.2461,2326.09,32.81,45.42,437.081,4.762,8.492,1.39,6.71,87.87,5.422,5021.49,2.1843,46.4953,5.3793,336.412,3.175,6.593,94.3287,1.587,1.835,1.39,48.61,51.39,0,5021.49,5.8146,46.4953,11.2132,1843.93,28.57,36.01,1130.33,15.62,22.19,1.39,5.367,87.03,7.598,5021.49,2.0072,46.4953,4.30959,250.488,6.349,4.909,104.093,1.587,2.023,1.39,10.16,86.9,2.939,5021.49,2.491,46.4953,4.72495,517.257,3.175,10.13,119.759,0,2.332,1.39,4.847,95.15,0,5896.8,2.1046,54.6,3.29922,233.781,3.125,4.435,119.324,1.562,2.188,1.39,3.331,96.67,0,5896.8,1.9574,54.6,1.92333,132.358,1.562,2.445,128.605,0,2.252,1.39,20.75,22.319,30.911,19.194,117.5,5.2605,55.45,55.416,9.6263,11.506,22.308,27.375,48.203,7.374,11.06,0.913545,0.37953,11.75,2200,5750,0,9.17949,15.75,5909.04,5.84615,32.81,5.545,5.545,0,0,0,9.493,20.2,3200,39,1.195,41.9393,1.387,53,1.1,-1.5625
2026-09-07T08:41:06.333871+00:00,1.68907,672.822,108,21.61,78.39,0,5875.2,3.5599,54.4,7.48339,1286.31,20.31,21.85,258.97,4.615,4.92,1.38,55.83,44.17,0,5886,7.4373,54.5,15.6471,2984.84,48.44,58.39,451.654,6.154,8.78,1.38,7,86.66,6.336,5012.3,2.202,46.4102,5.71166,351.111,6.154,6.885,99.5475,1.538,1.938,1.38,60.4,39.6,0,5886,8.0601,54.5,16.6191,2956.13,52.31,57.82,733.238,9.375,14.34,1.38,5.196,85.11,9.692,5012.3,1.9198,46.4102,4.43781,255.868,4.615,5.02,94.1985,0,1.832,1.38,10.75,86.25,3.001,5886,2.5814,54.5,5.76074,559.297,13.85,10.92,118.299,0,2.299,1.38,4.66,95.34,0,5886,2.0613,54.5,3.4779,230.417,4.688,4.428,112.493,0,2.037,1.38,3.464,96.54,0,5886,1.937,54.5,2.16209,136.736,1.562,2.534,136.045,1.562,2.408,1.38,22.25,25.805,35.578,23.2217,120,5.2503,60.125,60.021,9.6391,11.521,25.788,27.875,52.874,10.95,12.9,1.13375,0.424224,12,2200,5750,0,9.33974,15.75,5894.05,6.57517,52.31,6.012,6.012,0,0,0,10.97,24.44,3200,39,1.195,41.9301,1.38,53,1.1,-1.5625
2026-09-07T08:41:07.352470+00:00,1.77312,703.587,108,22.98,77.02,0,5869.8,3.7168,54.35,7.83868,1364.99,15.87,24.51,197.175,0,3.754,1.37,64.34,35.66,0,5853.6,8.6467,54.2,18.0496,3474.54,57.14,68,520.31,4.762,10.15,1.37,7.505,83.57,8.923,5030.44,2.2271,46.5781,5.94564,386.91,4.762,7.524,101.729,0,1.974,1.37,56.45,43.55,0,5859,7.0827,54.25,14.8477,3089.08,55.56,60.21,364.641,3.175,7.131,1.365,5.053,83.99,10.96,5035.08,1.9509,46.6211,4.64178,248.08,3.175,4.834,92.0217,0,1.775,1.365,12.43,79.7,7.87,5035.08,2.7096,46.6211,5.85033,655.108,6.349,12.71,122.499,0,2.37,1.365,5.16,94.84,0,5859,2.152,54.25,3.71881,234.582,0,4.484,137.32,0,2.537,1.365,3.4,96.6,0,5859,1.9593,54.25,2.1756,135.608,0,2.485,132.778,1.587,2.335,1.365,23.125,28.564,39.372,23.2198,73,5.2678,64.087,64.024,9.7049,11.599,28.571,28,56.766,9.524,13.55,1.59994,0.459281,7.3,2200,5750,0,9.35256,16.5,5895.08,6.81263,57.14,6.409,6.409,0,0,0,12.16,24.44,3200,39,1.195,41.8707,1.38,53,1.1,-1.5625
2026-09-07T08:41:08.369060+00:00,1.59266,636.614,108,22.26,77.74,0,5902.2,3.6031,54.65,7.47649,1324.4,15.38,22.66,248.165,6.154,4.747,1.39,53.57,46.43,0,5864.4,7.9727,54.3,16.121,2822.42,40,54.76,535.66,7.692,10.51,1.37,7.195,89.66,3.142,5864.4,2.2431,54.3,5.70099,355.367,7.692,6.965,103.876,4.615,2.019,1.37,52.75,47.25,0,5864.4,6.4699,54.3,13.3363,2754.9,41.54,54.25,443.071,4.615,8.69,1.37,4.772,89.67,5.562,5864.4,2.0046,54.3,4.49121,234.845,6.154,4.597,88.1184,1.538,1.711,1.37,10.88,87.34,1.78,5864.4,2.5809,54.3,5.20012,540.041,7.692,10.59,140.544,4.615,2.755,1.37,4.662,95.34,0,5864.4,2.1083,54.3,3.51658,210.17,3.077,4.038,133.077,1.538,2.394,1.37,3.166,96.83,0,5864.4,1.9404,54.3,1.93515,129.507,1.538,2.382,121.663,3.077,2.213,1.37,23.125,25.518,35.256,21.4577,118,5.2499,59.866,59.941,9.6584,11.544,25.537,27.5,52.575,9.808,12.2,1.02178,0.376262,11.8,2200,5750,0,9.41667,16.5,5901.65,6.5,41.54,5.987,5.987,0,0,0,10.87,22.59,3200,39,1.195,41.8713,1.383,53,1.1,-1.5625
2026-09-07T08:41:09.388909+00:00,1.60993,643.233,108,20.6,79.4,0,5896.8,3.4457,54.6,7.16285,1225.96,15.62,21.2,228.197,3.125,4.332,1.39,57.42,42.58,0,5880.6,8.1924,54.45,16.7682,2785.18,40.62,54.98,751.807,15.62,14.57,1.38,8.033,90.53,1.441,5880.6,2.405,54.45,5.84432,400.952,12.5,7.837,110.136,1.562,2.143,1.38,52.34,47.66,0,5880.6,6.4586,54.45,12.9244,1663.82,23.44,32.35,1569.59,26.56,30.6,1.38,5.053,90.17,4.781,5007.7,2.019,46.3676,4.47259,252.882,3.125,4.944,84.3026,1.562,1.641,1.38,8.996,90.34,0.6638,5880.6,2.4289,54.45,4.74132,450.843,6.25,8.812,120.51,1.562,2.341,1.38,4.964,95.04,0,5880.6,2.1332,54.45,3.50755,248.884,1.562,4.766,116.223,3.125,2.153,1.38,3.591,96.41,0,5880.6,1.9574,54.45,1.7666,149.525,3.125,2.712,132.924,1.562,2.41,1.38,22.25,24.214,33.405,21.5868,117.5,5.271,58.049,58.105,9.7042,11.598,24.194,27.125,50.802,10.06,12.36,1.10986,0.392894,11.75,2200,5750,0,9.3141,16.25,5898.74,6.40606,40.62,5.805,5.805,0,0,0,10.3,22.72,3200,39,1.195,41.8994,1.382,53,1.1,-1.5625
2026-09-07T08:41:10.408146+00:00,1.80579,706.755,108,24.7,75.3,0,5837.4,3.785,54.05,8.02959,1461.58,20.31,25.38,233.748,1.562,4.417,1.365,69.51,30.49,0,5837.4,9.9077,54.05,20.922,3747.43,60.94,73.33,446.315,4.688,8.623,1.36,6.333,88.1,5.568,5837.4,2.0997,54.05,5.71402,325.664,14.06,6.25,89.9629,1.587,1.741,1.36,57.27,42.73,0,5837.4,7.2628,54.05,15.508,2849.24,39.68,55.73,611.295,9.375,11.81,1.36,4.682,78.35,16.97,5837.4,1.7213,54.05,4.28674,227.577,3.125,4.403,85.1966,1.587,1.645,1.36,10.63,88.69,0.6794,5837.4,2.4991,54.05,5.29714,537.325,9.375,10.26,125.979,1.587,2.448,1.36,4.667,95.33,0,5837.4,2.0241,54.05,3.4511,219.282,3.125,4.119,121.009,3.125,2.265,1.36,2.782,97.22,0,5837.4,1.8304,54.05,1.75364,109.742,1.562,2.023,116.74,1.562,2.043,1.36,23.125,25.79,35.394,26.3909,119.5,5.2537,59.984,59.986,9.6622,11.548,25.79,29.875,52.722,11.08,13.53,0.949435,0.347377,11.95,2200,5750,0,9.47436,16.25,5880.85,6.94082,60.94,5.998,5.998,0,0,0,10.97,27.78,3200,39,1.195,41.8997,1.373,53,1.1,-1.5625
2026-09-07T08:41:11.425594+00:00,1.73645,693.626,108,26.49,73.51,0,5842.8,3.8654,54.1,8.07075,1567.97,25,25.48,347.821,4.762,6.541,1.375,60.21,39.79,0,5012.3,7.6498,46.4102,16.2278,2270.08,30.16,44.25,1447.99,28.57,28.27,1.385,7.153,89.55,3.295,5012.3,2.2188,46.4102,5.84838,347.018,6.349,6.673,114.123,3.125,2.224,1.385,56.48,43.52,0,5012.3,8.3445,46.4102,17.7174,665.259,9.375,12.8,2763.25,49.21,54,1.385,5.046,85.22,9.735,5012.3,1.9085,46.4102,4.50563,243.293,7.937,4.715,90.2211,3.125,1.753,1.385,11.34,88.66,0,5012.3,2.6395,46.4102,5.91563,560.1,7.937,10.69,146.153,3.125,2.844,1.385,3.939,96.06,0,5012.3,1.9928,46.4102,3.38213,197.323,3.125,3.686,98.681,3.125,1.803,1.385,2.985,97.01,0,5886,1.8881,54.5,2.03925,117.951,3.125,2.113,120.77,4.688,2.138,1.385,16.5,24.821,34.136,23.7196,72,5.2786,58.819,58.869,9.6718,11.56,24.86,29.625,51.502,12.05,13.12,0.930163,0.352991,7.2,2200,5750,0,9.45513,16,5889.54,6.73163,49.21,5.882,5.882,0,0,0,10.58,24.97,3200,39,1.195,41.84,1.377,53,1.1,-1.5625
2026-09-07T08:41:12.444389+00:00,1.82772,722.108,108,25.4,74.6,0,5891.4,3.786,54.55,8.10899,1501.91,14.06,25.62,285.682,7.692,5.373,1.385,63.82,36.18,0,5891.4,8.5405,54.55,18.0966,3570.93,61.54,69.44,326.939,3.077,6.327,1.38,7.559,90.63,1.813,5891.4,2.2965,54.55,6.10501,378.826,10.77,7.278,104.747,0,2.035,1.38,62.55,37.45,0,5891.4,8.4157,54.55,17.7541,1406.94,21.54,27.29,2369.56,36.92,46.68,1.385,4.59,88.32,7.095,5891.4,1.8617,54.55,4.54593,222.196,1.538,4.275,91.8489,0,1.778,1.38,11.67,88.15,0.1801,5886,2.5835,54.5,5.79543,599.122,6.154,11.45,130.263,1.538,2.538,1.385,4.442,95.56,0,5886,2.0036,54.5,3.5674,212.337,1.562,3.981,121.194,1.562,2.189,1.385,2.744,97.26,0,5886,1.8391,54.5,1.88828,117.898,3.125,2.14,113.327,1.562,2.047,1.385,18.875,25.527,35.017,24.863,114,5.258,59.542,59.569,9.6092,11.485,25.516,29.75,52.286,10.79,13.78,1.1299,0.389962,11.4,2200,5750,0,9.44872,15.75,5882.76,7.02085,61.54,5.954,5.954,0,0,0,10.86,26.17,3200,39,1.195,41.8769,1.373,53,1.1,-1.5625
2026-09-07T08:41:13.210434+00:00,1.7636,700.906,108,25.92,74.08,0,5880.6,3.8955,54.45,8.22106,1535.42,17.19,26.25,292.026,0,5.458,1.375,64.23,35.77,0,5875.2,9.0481,54.4,18.6485,3320.45,48.44,65.13,595.435,6.25,11.5,1.38,7.85,90.69,1.462,5049,2.3929,46.75,6.20983,386.374,7.812,7.45,116.5,0,2.27,1.38,53.37,46.63,0,5049,6.61,46.75,13.8895,1917.67,31.25,37.56,1350.65,17.19,26.27,1.38,4.934,91.51,3.56,5049,2.0082,46.75,4.65756,239.734,0,4.66,91.4475,1.538,1.784,1.38,12.31,87.69,0,5049,2.7314,46.75,5.50661,665.533,10.94,12.72,108.51,1.562,2.105,1.38,4.487,95.51,0,5875.2,2.0638,54.4,3.55589,206.099,0,3.903,126.665,3.125,2.315,1.38,3.261,96.74,0,5875.2,1.9397,54.4,1.96831,132.701,0,2.439,129.29,1.562,2.303,1.38,19.875,24.99,34.425,22.5977,122.5,5.2687,59.06,59.112,9.6751,11.564,24.986,29,51.784,9.178,13.38,1.18044,0.473556,12.25,2200,5750,0,9.39744,16,5894.51,6.80801,48.44,5.906,5.906,0,0,0,10.63,23.79,3200,39,1.195,41.9052,1.379,53,1.1,-1.5625
2026-09-07T08:41:14.228605+00:00,1.68565,671.885,108,24.82,75.18,0,5891.4,3.899,54.55,8.13288,1470.15,23.44,24.41,321.849,9.375,6.067,1.39,57.04,42.96,0,5902.2,8.1108,54.65,16.7959,2854.2,39.06,56.1,598.645,7.812,11.56,1.395,8.251,88.54,3.207,5026.09,2.378,46.5379,6.00726,406.124,6.25,7.853,116.687,0,2.271,1.395,55.75,44.25,0,5026.09,6.8966,46.5379,14.1413,1500.57,25,29.07,1914.64,25,37.02,1.395,4.26,90.37,5.375,5896.8,1.9275,54.6,4.39489,208.416,0,4.02,85.9545,0,1.669,1.385,11.29,87.64,1.073,5896.8,2.6993,54.6,5.52515,602.446,6.25,11.56,110.653,1.562,2.152,1.385,4.398,95.6,0,5896.8,2.0561,54.6,3.42417,204.254,0,3.767,124.887,0,2.27,1.385,2.761,97.24,0,5896.8,1.8881,54.6,1.88776,123.69,0,2.239,106.987,0,1.948,1.385,18.375,24.239,33.402,21.6577,118.5,5.2523,57.975,57.948,9.6316,11.512,24.249,28.25,50.691,8.984,12.75,1.1058,0.403388,11.85,2200,5750,0,9.61538,16.75,5896.41,6.58659,39.06,5.798,5.798,0,0,0,10.32,22.8,3200,39,1.195,41.8799,1.38,53,1.1,-1.5625
2026-09-07T08:41:15.245419+00:00,1.54112,613.397,108,23.72,76.28,0,5869.8,3.803,54.35,7.50625,1409.51,12.5,23.45,288.605,4.688,5.438,1.37,61.9,38.1,0,5848.2,7.4117,54.15,14.2735,2169.25,37.5,42.35,1628.2,23.44,31.85,1.36,5.997,93.19,0.8116,5025.8,2.2765,46.5352,5.463,304.818,3.125,5.836,84.0656,0,1.638,1.36,40.97,59.03,0,5848.2,6.4651,54.15,13.2726,1177.17,18.75,22.76,1303.66,21.88,25.61,1.36,5.128,85.27,9.605,5025.8,1.9357,46.5352,4.18238,243.713,0,4.736,84.703,0,1.644,1.36,10.18,89.82,0,5848.2,2.5996,54.15,5.06813,516.759,9.375,9.868,119.662,1.562,2.331,1.36,3.706,96.29,0,5848.2,2.0318,54.15,3.13013,165.645,0,3.037,113.985,1.562,2.032,1.36,2.509,97.49,0,5025.8,1.8955,46.5352,1.8235,103.619,0,1.87,100.987,0,1.818,1.36,24.125,23.014,31.84,19.9347,109.5,5.2667,56.354,56.241,9.627,11.506,22.985,27.5,49.139,8.398,11.64,0.776927,0.31658,10.95,2200,5750,0,9.45513,16.25,5906.96,5.975,37.5,5.635,5.635,0,0,0,9.781,20.98,3200,39,1.195,41.925,1.385,53,1.1,-1.5625
2026-09-07T08:41:16.263870+00:00,1.61879,650.325,108,26.9,73.1,0,5902.2,3.9213,54.65,7.96335,1595.13,15.62,25.92,361.667,6.25,6.855,1.385,53.51,46.49,0,5896.8,7.5909,54.6,15.519,2424.13,32.81,47.31,814.229,14.06,15.85,1.385,6.558,91.52,1.926,5021.49,2.2306,46.4953,5.70482,327.308,1.562,6.28,100.364,0,1.964,1.385,51.04,48.96,0,5021.49,6.7228,46.4953,13.7334,1780.61,37.5,34.68,1384.3,20.31,27.05,1.385,5.221,89.65,5.127,5021.49,2.0516,46.4953,4.53075,252.568,4.688,4.894,97.2363,1.587,1.894,1.385,11.65,88.35,0,5021.49,2.7415,46.4953,5.51581,618.034,3.125,11.83,107.065,1.562,2.092,1.385,4.19,95.81,0,5896.8,2.0548,54.6,3.38793,212.891,1.562,3.921,97.2661,0,1.751,1.385,2.808,97.19,0,5896.8,1.9107,54.6,1.88303,120.234,0,2.174,112.146,0,2.002,1.385,19.5,23.554,32.524,20.8584,108.5,5.2094,56.949,57.012,9.5306,11.391,23.589,26.875,49.646,8.791,12.28,0.895095,0.339822,10.85,2200,5750,0,9.37821,16,5901.44,6.38542,37.5,5.695,5.695,0,0,0,10.04,21.96,3200,39,1.195,41.9137,1.383,53,1.1,-1.5625
2026-09-07T08:41:17.282378+00:00,1.40324,556.663,108,22.79,77.21,0,5864.4,3.7163,54.3,7.25176,1354.69,18.75,24.05,192.883,1.587,3.666,1.385,47.47,52.53,0,5891.4,6.1419,54.55,11.651,1476.74,25,28.8,1448.79,18.75,28.37,1.385,6.684,87.99,5.33,5016.9,2.2549,46.4527,5.41437,344.841,3.175,6.686,77.2086,0,1.499,1.385,43,57,0,5891.4,6.0999,54.55,11.7139,1620.79,23.44,31.6,1005.48,15.62,19.67,1.385,3.98,83.26,12.76,5016.9,1.7821,46.4527,3.9427,172.61,1.587,3.347,93.2725,1.562,1.804,1.385,9.607,89.1,1.296,5891.4,2.5379,54.55,4.76667,513.474,7.812,9.921,88.5796,0,1.722,1.385,4.082,95.92,0,5891.4,2.0647,54.55,3.12324,203.323,1.562,3.841,96.0646,0,1.718,1.385,2.712,97.29,0,5891.4,1.926,54.55,1.75401,118.605,0,2.075,99.2447,0,1.753,1.385,20.25,22.412,31.099,18.1227,116,5.2482,55.648,55.493,9.6459,11.529,22.406,25.75,48.401,7.428,10.66,0.918679,0.327718,11.6,2200,5750,0,9.25641,16,5914.42,5.67916,25,5.565,5.565,0,0,0,9.535,19.08,3200,39,1.195,41.9298,1.389,53,1.1,-1.5625
2026-09-07T08:41:18.299419+00:00,1.37063,550.772,108,22.63,77.37,0,5902.2,3.8037,54.65,7.49487,1345.16,17.19,22.53,266.457,4.688,5.008,1.39,45.39,54.61,0,5030.69,5.6039,46.5805,10.4055,1315.99,14.06,25.5,1495.48,20.31,29.17,1.4,6.695,88.53,4.777,5030.69,2.2704,46.5805,5.43919,356.951,9.231,6.866,68.3276,1.562,1.332,1.4,41.08,58.92,0,5030.69,5.9313,46.5805,11.2584,1697.18,35.94,32.99,828.331,14.06,16.02,1.4,4.098,87.05,8.85,5030.69,1.8821,46.5805,4.02002,175.31,4.688,3.379,97.3403,3.125,1.891,1.4,10.5,88.92,0.5781,5030.69,2.6725,46.5805,4.83271,550.776,14.06,10.51,106.321,1.562,2.07,1.4,3.725,96.28,0,5030.69,2.0815,46.5805,3.17455,187.183,3.125,3.507,92.0102,0,1.636,1.4,2.946,97.05,0,5907.6,1.9699,54.7,1.79317,112.369,1.562,2.007,117.171,3.125,2.017,1.4,17.875,21.107,29.312,17.7981,68,5.2582,53.869,54.072,9.6374,11.519,21.112,24.75,46.615,9.268,10.4,0.711991,0.278938,6.8,2200,5750,0,9.67308,16.25,5915.56,5.58058,35.94,5.387,5.387,0,0,0,8.984,18.73,3200,39,1.195,41.9249,1.39,53,1.1,-1.5625
2026-09-07T08:41:19.318756+00:00,1.34545,538.822,108,20.36,79.64,0,5902.2,3.4762,54.65,6.81013,1213.69,18.75,20.54,228.901,4.688,4.295,1.39,42.74,57.26,0,5907.6,5.6906,54.7,10.4569,2062.06,29.69,40.1,579.345,12.5,11.17,1.39,6.494,88.69,4.82,5030.69,2.2448,46.5805,5.26638,343.717,4.762,6.691,75.3973,0,1.471,1.39,43.51,56.49,0,5907.6,5.3664,54.7,9.83275,2272.34,40.62,44.3,385.271,3.125,7.363,1.39,4.676,86.64,8.682,5030.69,1.9589,46.5805,4.11913,219.725,3.125,4.267,92.2026,0,1.799,1.39,9.509,90.15,0.3414,5907.6,2.5953,54.7,4.58475,517.555,3.125,9.955,84.03,0,1.634,1.39,4.266,95.73,0,5907.6,2.1394,54.7,3.26088,201.99,3.125,3.813,109.652,0,1.883,1.39,2.989,97.01,0,5907.6,1.99,54.7,1.89675,123.756,0,2.242,111.513,1.562,1.985,1.39,14.5,20.327,28.246,17.29,71,5.2009,52.621,52.729,9.5228,11.382,20.336,23.875,45.35,7.817,10.22,0.872924,0.317204,7.1,2200,5750,0,9.35897,16,5917.5,5.41963,40.62,5.262,5.262,0,0,0,8.654,18.2,3200,39,1.195,41.94,1.391,53,1.1,-1.5625
2026-09-07T08:41:20.336755+00:00,1.37868,553.587,108,22.86,77.14,0,5902.2,3.7629,54.65,7.2143,1360.53,23.81,22.79,271.44,1.562,5.1,1.385,45.08,54.92,0,5896.8,5.9763,54.6,11.0073,2129.67,28.57,41.35,659.169,12.7,12.8,1.39,6.675,88.38,4.944,5896.8,2.2536,54.6,5.28194,334.807,10.94,6.468,85.9084,1.562,1.671,1.39,41.88,58.12,0,5896.8,5.4127,54.6,10.175,2224.89,36.51,43.31,339.139,4.762,6.456,1.39,4.085,86.49,9.425,5021.49,1.8622,46.4953,3.82603,198.728,4.688,3.864,78.1672,0,1.515,1.39,10.35,89.48,0.1695,5896.8,2.6796,54.6,4.79021,564.091,6.349,10.82,85.9804,0,1.675,1.39,3.831,96.17,0,5021.49,2.0771,46.4953,3.04133,193.301,3.175,3.67,92.6084,0,1.647,1.39,3.109,96.89,0,5896.8,1.9728,54.6,1.87876,123.607,0,2.129,115.35,0,2.009,1.39,21.25,20.99,29.166,17.2515,76.5,5.2084,53.513,53.224,9.5586,11.425,20.954,23,46.32,8.414,10.45,0.737707,0.282521,7.65,2200,5750,0,9.16026,15.5,5918.23,5.41095,36.51,5.351,5.351,0,0,0,8.917,18.16,3200,39,1.195,41.9399,1.391,53,1.1,-1.5625
2026-09-07T08:41:21.355720+00:00,1.3757,553.163,108,22.81,77.19,0,5902.2,3.7243,54.65,7.41004,1355.39,21.54,22.57,283.724,4.615,5.375,1.395,46.68,53.32,0,5891.4,5.3246,54.55,9.85982,1127.07,16.92,22.07,1713.61,26.15,33.52,1.385,6.838,84.75,8.412,5016.9,2.1883,46.4527,5.46903,354.101,6.154,6.905,79.3408,1.538,1.535,1.385,39.83,60.17,0,5891.4,6.2727,54.55,12.0394,1803.46,23.08,35.25,668.825,9.231,13.04,1.385,4.643,82.73,12.63,5016.9,1.8476,46.4527,4.09983,222.027,4.615,4.327,83.5595,1.538,1.619,1.385,9.683,87.57,2.743,5891.4,2.546,54.55,4.81256,493.344,10.77,9.594,115.589,1.538,2.244,1.385,3.995,96.01,0,5891.4,2.0659,54.55,3.29738,200,1.538,3.783,106.017,1.538,1.901,1.385,3.094,96.91,0,5891.4,1.9466,54.55,1.82688,124.583,1.538,2.251,119.964,1.538,2.073,1.385,24.125,21.615,30.001,17.7334,101.5,5.171,54.283,54.418,9.5022,11.358,21.604,22.75,47.047,8.365,10.5,0.786988,0.304003,10.15,2200,5750,0,9.23718,15.75,5914.19,5.61649,26.15,5.428,5.428,0,0,0,9.193,18.67,3200,39,1.195,41.9052,1.389,53,1.1,-1.5625
2026-09-07T08:41:22.374772+00:00,1.36037,553.408,108,23.04,76.96,0,5907.6,3.7918,54.7,7.34629,1370.63,18.75,23.12,267.583,0,5.058,1.39,44.12,55.88,0,5896.8,5.6754,54.6,10.512,1606.15,20.31,31.06,1139.84,21.88,22.26,1.39,6.174,88.19,5.635,5896.8,2.1835,54.6,5.19258,315.838,6.25,6.095,86.1721,1.562,1.675,1.39,41.45,58.55,0,5896.8,5.6502,54.6,10.6363,2002.33,32.81,38.95,595.922,10.94,11.56,1.39,4.444,84.44,11.12,5896.8,1.8749,54.6,3.94057,221.939,3.125,4.301,76.2608,0,1.478,1.39,10.05,89.14,0.8129,5896.8,2.5966,54.6,4.75025,524.226,9.375,10.08,116.751,4.688,2.275,1.39,3.98,96.02,0,5896.8,2.0602,54.6,3.03711,196.801,0,3.702,104.119,1.562,1.813,1.39,2.787,97.21,0,5896.8,1.9477,54.6,1.8651,113.718,0,2.05,116.247,0,2.059,1.39,18.375,21.556,29.938,17.3538,63.5,5.1932,54.352,54.41,9.5446,11.408,21.585,22.25,47.059,8.203,10.47,0.820044,0.292564,6.35,2200,5750,0,9.12179,15,5917.24,5.42252,32.81,5.435,5.435,0,0,0,9.185,18.27,3200,39,1.195,41.8506,1.39,53,1.1,-1.5625
2026-09-07T08:41:23.394161+00:00,1.38913,563.584,108,22.2,77.8,0,5902.2,3.7531,54.65,7.23428,1325.2,14.06,22.24,277.307,7.812,5.222,1.39,43.8,56.2,0,5902.2,5.9355,54.65,11.0516,2047.14,31.25,40.03,685.631,14.06,13.29,1.38,6.419,90.7,2.883,5902.2,2.2628,54.65,5.24963,339.311,6.25,6.629,80.6838,1.562,1.545,1.38,43.74,56.26,0,5902.2,5.3913,54.65,9.96594,1865.47,28.12,36.56,835.166,10.94,16.08,1.38,4.839,87.01,8.148,5891.4,1.9858,54.55,4.10042,244.064,4.688,4.74,80.3742,3.125,1.548,1.385,9.831,90.06,0.1067,5891.4,2.6093,54.55,4.63598,520.729,12.5,10.11,109.488,1.562,2.127,1.385,4.866,95.13,0,5891.4,2.2012,54.55,3.29591,236.477,4.688,4.453,113.936,1.562,1.979,1.385,3.215,96.79,0,5891.4,2.0189,54.55,1.93151,130.639,1.562,2.373,125.725,1.562,2.28,1.385,20.75,21.565,29.953,17.677,101,5.2435,54.469,54.363,9.64,11.521,21.548,22.125,47.242,9.082,10.7,0.866781,0.33794,10.1,2200,5750,0,9.41667,15.75,5914.92,5.43076,31.25,5.447,5.447,0,0,0,9.169,18.61,3200,39,1.195,41.8303,1.39,53,1.1,-1.5
2026-09-07T08:41:24.415671+00:00,1.48936,601.653,108,22.29,77.71,0,5902.2,3.6768,54.65,7.37125,1332.67,23.44,22.51,288.093,3.125,5.445,1.395,40.18,59.82,0,5896.8,6.2606,54.6,12.1664,2177.31,31.25,42.43,342.167,4.688,6.579,1.39,8.642,87.86,3.496,5896.8,2.4541,54.6,5.8735,437.375,4.688,8.558,103.377,3.125,2.019,1.39,51.57,48.43,0,5896.8,5.8695,54.6,11.0028,2075.71,29.69,40.48,1108.83,20.31,21.83,1.39,5.863,87.43,6.708,5896.8,2.0737,54.6,4.48974,280.513,3.125,5.516,101.71,3.125,1.971,1.39,11.1,88.5,0.3952,5896.8,2.6294,54.6,4.90203,567.838,12.5,11.16,130.062,3.125,2.527,1.39,5.19,94.81,0,5896.8,2.1913,54.6,3.51702,252.851,3.125,4.835,119.458,6.25,2.142,1.39,4.105,95.9,0,5896.8,2.0966,54.6,2.14264,161.197,3.125,2.916,147.279,3.125,2.662,1.39,21.25,22.215,30.823,18.3555,100.5,5.261,55.474,55.492,9.6877,11.579,22.224,22.25,48.189,9.863,11.48,1.11594,0.409599,10.05,2200,5750,0,9.51923,16.5,5912.2,5.83008,31.25,5.547,5.547,0,0,0,9.457,19.32,3200,39,1.195,41.9009,1.389,53,1.1,-1.5625
2026-09-07T08:41:25.435748+00:00,1.32513,534.208,108,20.13,79.87,0,5907.6,3.5089,54.7,6.88602,1201.21,28.12,19.9,259.311,0,4.852,1.4,36.07,63.93,0,5907.6,5.3678,54.7,9.98785,1587.41,26.56,30.94,630.056,7.812,12.18,1.395,7.211,89.38,3.407,5907.6,2.3641,54.7,5.47796,373.902,7.812,7.327,89.5296,0,1.755,1.395,47.08,52.92,0,5907.6,5.2729,54.7,9.4102,505.83,6.25,9.825,2402.87,37.5,46.87,1.395,4.675,86.88,8.445,5030.69,1.9351,46.5805,4.15506,227.728,1.562,4.467,77.3969,0,1.492,1.395,9.606,90.07,0.3277,5030.69,2.5902,46.5805,4.50225,511.702,6.25,9.927,103.216,0,2.017,1.395,4.699,95.3,0,5907.6,2.167,54.7,3.34344,237.082,3.125,4.413,99.1983,0,1.753,1.395,3.032,96.97,0,5907.6,1.9836,54.7,1.7857,120.157,0,2.198,120.727,3.125,2.146,1.395,20.75,20.588,28.611,17.0187,78,5.249,53.141,53.268,9.6095,11.486,20.606,21.75,45.871,8.008,10.13,0.747746,0.300945,7.8,2200,5750,0,9.4359,16,5917.11,5.36661,37.5,5.314,5.314,0,0,0,8.769,17.91,3200,39,1.195,41.8697,1.391,53,1.1,-1.5625
2026-09-07T08:41:26.201988+00:00,1.39246,559.762,108,22.55,77.45,0,5902.2,3.6881,54.65,7.25389,1346.55,18.75,22.33,275.354,4.762,5.213,1.395,43.69,56.31,0,5907.6,5.9229,54.7,10.8734,1713.51,29.69,33.31,980.289,20.31,19.09,1.39,6.582,90.04,3.383,5030.69,2.2764,46.5805,5.48268,339.489,7.937,6.618,83.9164,1.587,1.635,1.39,44.18,55.82,0,5907.6,5.3851,54.7,9.98569,686.012,7.812,13.17,2016.01,39.68,39.46,1.39,4.633,87.56,7.807,5030.69,1.9688,46.5805,4.22314,221.829,9.524,4.359,86.5427,3.125,1.695,1.39,10.19,89.71,0.09956,5030.69,2.6368,46.5805,4.66529,529.619,9.524,10.25,116.144,4.688,2.267,1.39,4.164,95.84,0,5907.6,2.1324,54.7,3.35442,215.128,4.688,4.065,93.2361,3.125,1.663,1.39,3.267,96.73,0,5907.6,2.0136,54.7,1.89106,122.091,3.125,2.189,130.482,3.125,2.298,1.39,21.25,20.857,28.984,17.2622,80,5.2612,53.57,53.513,9.6536,11.538,20.854,21.5,46.309,10.72,10.6,1.00701,0.368084,8,2200,5750,0,9.76282,16,5917.05,5.63604,39.68,5.357,5.357,0,0,0,8.874,18.17,3200,39,1.195,41.8434,1.391,53,1.1,-1.5625
2026-09-07T08:41:27.215542+00:00,1.37395,555.51,108,22.04,77.96,0,5891.4,3.7482,54.55,7.43482,1314.8,12.5,22.53,245.065,4.615,4.618,1.395,42.37,57.63,0,5869.8,5.7225,54.35,10.4828,1736.95,23.44,33.44,923.525,15.62,18.03,1.385,7.069,87.15,5.784,5044.36,2.285,46.707,5.48903,348.711,6.154,6.845,111.048,0,2.153,1.385,43.27,56.73,0,5869.8,5.4504,54.35,10.2126,651.37,7.812,12.58,2003.84,26.15,39.4,1.385,4.948,83.46,11.59,5044.36,1.8917,46.707,4.14457,240.051,6.154,4.704,89.5308,0,1.727,1.38,9.854,89.09,1.061,5012.3,2.5443,46.4102,4.64394,516.781,13.85,10.11,111.998,1.538,2.154,1.38,4.719,95.28,0,5886,2.1334,54.5,3.33599,244.367,4.688,4.595,98.5252,0,1.768,1.38,3.126,96.87,0,5886,1.9871,54.5,1.92859,126.434,1.562,2.324,125.162,0,2.226,1.38,22.625,21.41,29.729,17.3895,116,5.2443,54.325,54.388,9.6663,11.553,21.426,21.375,47.051,7.755,10.57,0.874874,0.324268,11.6,2200,5750,0,9.40385,15.75,5915.22,5.57191,26.15,5.433,5.433,0,0,0,9.117,18.3,3200,38.995,1.195,41.8455,1.39,53,1.1,-1.5625
2026-09-07T08:41:28.232760+00:00,1.40625,567.678,108,23.46,76.54,0,5907.6,3.7578,54.7,7.2986,1396.59,32.81,23.9,237.28,6.25,4.494,1.4,40.02,59.98,0,5891.4,5.4425,54.55,10.2245,1443.19,21.88,28.25,1036.78,10.94,20.1,1.385,7.511,89.31,3.175,5016.9,2.4194,46.4527,5.60568,387.372,7.812,7.518,102.034,3.125,1.98,1.385,46.82,53.18,0,5891.4,5.5808,54.55,10.1955,848.729,14.06,16.32,2063.23,29.69,40.11,1.385,5.093,84.52,10.38,5016.9,1.9591,46.4527,4.13235,253.655,4.688,4.947,85.1676,3.125,1.648,1.385,9.87,89.98,0.1543,5016.9,2.5818,46.4527,4.63485,535.92,17.19,10.29,103.131,1.562,2.023,1.385,4.832,95.17,0,5016.9,2.193,46.4527,3.34447,229.708,3.125,4.322,117.853,3.125,2.033,1.385,3.019,96.98,0,5891.4,1.9848,54.55,1.94143,120.168,1.562,2.172,122.031,3.125,2.167,1.385,22.625,23.141,32.134,17.1946,71,5.2645,56.741,56.595,9.7114,11.607,23.106,21.125,49.532,10.25,10.77,0.832215,0.332239,7.1,2200,5750,0,9.4359,16.25,5915.92,5.40765,32.81,5.674,5.674,0,0,0,9.832,18.1,3200,39,1.195,41.7906,1.39,53,1.1,-1.5625
2026-09-07T08:41:29.250919+00:00,1.40448,569.283,108,22.63,77.37,0,5902.2,3.6792,54.65,7.2245,1349.16,23.44,22.48,279.141,7.812,5.294,1.39,34.65,65.35,0,5896.8,5.3535,54.6,9.99838,1657.89,31.25,32.2,487.573,6.25,9.341,1.39,7.868,88.86,3.277,5896.8,2.4188,54.6,5.61338,417.311,4.688,8.153,92.1687,3.125,1.81,1.39,51.95,48.05,0,5896.8,5.5478,54.6,9.89713,550.965,9.375,10.55,2666.71,42.19,52.15,1.39,4.501,85.96,9.542,5896.8,1.8966,54.6,4.05575,217.866,3.125,4.271,88.4848,1.562,1.73,1.39,11.01,88.31,0.6802,5896.8,2.6704,54.6,4.65525,584.734,4.688,11.29,130.708,4.688,2.574,1.39,4.413,95.59,0,5896.8,2.1071,54.6,3.23738,206.707,4.688,3.957,116.358,3.125,2.128,1.39,3.424,96.58,0,5896.8,1.9865,54.6,1.79175,128.94,3.125,2.319,133.81,3.125,2.396,1.39,19.75,25.823,35.849,17.0825,118,5.2568,60.36,60.191,9.6653,11.552,25.765,20.875,53.183,9.766,10.79,0.888674,0.359536,11.8,2200,5750,0,9.13462,16,5917.14,5.47375,42.19,6.036,6.036,0,0,0,10.96,17.98,3200,39,1.195,41.891,1.39,53,1.1,-1.5625
2026-09-07T08:41:30.268746+00:00,1.18316,477.888,108,19.35,80.65,0,5907.6,3.4348,54.7,6.46941,1153.18,12.5,19.62,193.069,0,3.631,1.39,29.89,70.11,0,5902.2,4.3553,54.65,7.35055,1011.07,20.31,19.17,858.929,10.94,16.7,1.38,6.682,86.2,7.116,5902.2,2.2132,54.65,5.03297,352.542,7.812,6.851,90.1064,0,1.759,1.38,41.97,58.03,0,5902.2,4.693,54.65,7.62437,697.909,10.94,13.24,1879,29.69,36.64,1.38,4.417,80.32,15.27,5902.2,1.7825,54.65,3.74185,224.902,1.562,4.376,73.0392,0,1.415,1.38,8.819,91.18,0,5902.2,2.4864,54.65,3.84792,466.692,10.94,8.96,102.628,0,2.003,1.38,4.167,95.83,0,5902.2,2.1113,54.65,3.08187,208.658,0,3.916,97.9451,1.562,1.702,1.39,3.021,96.98,0,5902.2,1.9797,54.65,1.59165,114.599,0,2.066,121.938,0,2.113,1.39,16.5,25.754,35.787,16.012,80,5.2675,60.469,60.487,9.7026,11.597,25.798,20.25,53.178,6.641,9.009,0.459086,0.245464,8,2200,5666.72,0,9.26282,15.5,5920.68,4.8488,29.69,6.047,6.047,0,0,0,10.98,16.85,3200,39,1.195,41.8195,1.391,53,1.1,-1.5625
2026-09-07T08:41:31.286396+00:00,1.2004,481.61,108,19.98,80.02,0,5902.2,3.3949,54.65,6.32308,1192,15.87,20.11,224.875,6.349,4.252,1.395,43.07,56.93,0,5907.6,4.834,54.7,7.84425,2279.84,36.51,44.58,361.462,6.349,6.944,1.39,7.226,83.2,9.578,5030.69,2.111,46.5805,4.89945,374.467,4.762,7.34,80.5621,1.587,1.58,1.39,28.49,71.51,0,5907.6,4.2729,54.7,7.37676,1086.71,17.46,21.11,665.24,4.762,12.76,1.39,4.73,80.21,15.06,5030.69,1.8113,46.5805,3.75252,238.895,1.587,4.691,69.7355,3.175,1.356,1.39,9.397,87.84,2.766,5907.6,2.5088,54.7,3.89541,499.724,7.937,9.792,97.0897,1.587,1.904,1.39,4.17,95.83,0,5907.6,2.1028,54.7,3.03843,204.757,1.587,3.881,102.357,3.175,1.855,1.39,2.982,97.02,0,5907.6,1.9549,54.7,1.51827,117.502,1.587,2.062,110.529,1.587,1.953,1.39,16.875,24.379,33.894,16.0239,74.5,5.2396,58.455,58.586,9.6716,11.56,24.385,19.625,51.217,7.242,9.136,0.548297,0.213353,7.45,2200,5576.6,0,9.11538,16,5920.62,4.82901,36.51,5.846,5.846,0,0,0,10.38,16.87,3200,39,1.195,41.8075,1.391,53,1.1,-1.5625
2026-09-07T08:41:32.304114+00:00,1.16374,471.585,108,19.06,80.94,0,5896.8,3.3872,54.6,6.33146,1138.92,15.62,18.86,225.04,6.25,4.277,1.39,31.65,68.35,0,5902.2,4.3214,54.65,7.08659,1435.72,25,27.78,534.03,7.812,10.19,1.395,7.222,86.5,6.283,5026.09,2.2368,46.5379,4.99537,393.546,7.812,7.671,73.2166,0,1.435,1.395,39.38,60.62,0,5026.09,4.7333,46.5379,7.79867,1769.1,35.94,34.41,650.879,6.25,12.51,1.395,4.102,80.67,15.23,5026.09,1.7582,46.5379,3.64127,209.977,3.125,4.106,65.2883,0,1.265,1.395,8.07,91.51,0.4199,5026.09,2.415,46.5379,3.68018,427.983,6.25,8.244,94.5467,1.562,1.858,1.395,4.134,95.87,0,5026.09,2.0945,46.5379,3.00188,202.146,3.125,3.835,102.425,0,1.814,1.395,2.753,97.25,0,5902.2,1.9495,54.65,1.45133,111.748,0,2.017,110.8,1.562,1.973,1.395,16,24.247,33.72,15.9315,80,5.2611,58.295,58.282,9.6584,11.544,24.261,19.125,51.051,7.52,8.889,0.403029,0.163797,8,2200,5481,0,9.13462,15.25,5921.17,4.80806,35.94,5.829,5.829,0,0,0,10.32,16.77,3200,39,1.195,41.8749,1.392,53,1.1,-1.5625
2026-09-07T08:41:33.321829+00:00,1.13639,458.204,108,19.41,80.59,0,5902.2,3.5017,54.65,6.54862,1157.53,10.77,20.07,189.576,4.615,3.577,1.395,31.09,68.91,0,5896.8,4.4585,54.6,7.43423,927.176,6.154,17.85,1018.37,16.92,19.78,1.395,6.502,84,9.494,5021.49,2.1481,46.4953,4.95545,344.769,4.615,6.72,75.6266,0,1.478,1.395,35.61,64.39,0,5026.09,4.4141,46.5379,7.2906,631.815,4.615,12.11,1560.88,27.69,30.52,1.395,4.661,79.56,15.78,5026.09,1.8234,46.5379,3.78825,235.001,4.615,4.593,72.1328,0,1.401,1.39,9.097,86.98,3.919,5026.09,2.4441,46.5379,3.76456,473.495,3.077,9.169,104.556,0,2.037,1.39,4.298,95.7,0,5902.2,2.1241,54.65,3.08872,212.449,1.538,4.024,99.9195,0,1.789,1.39,2.977,97.02,0,5902.2,1.9747,54.65,1.54541,110.875,0,1.972,117.098,0,2.037,1.39,15.5,21.183,29.465,15.9835,75,5.2428,53.92,53.848,9.6046,11.48,21.166,18.75,46.711,5.288,8.695,0.584369,0.220266,7.5,2200,5497.14,0,9.3141,16.25,5920.68,4.85661,27.69,5.392,5.392,0,0,0,9.007,16.82,3200,39,1.195,41.8954,1.393,53,1.1,-1.5625
2026-09-07T08:41:34.338013+00:00,1.12608,454.257,108,18.06,81.94,0,5907.6,3.3944,54.7,6.3253,1078.53,15.62,17.89,226.064,3.125,4.283,1.4,39.65,60.35,0,5902.2,4.556,54.65,7.20942,1923.63,32.81,37.57,506.026,10.94,9.781,1.395,6.389,83.59,10.02,5026.09,2.0544,46.5379,4.70767,330.056,3.125,6.461,81.2296,0,1.583,1.395,28.33,71.67,0,5026.09,4.2221,46.5379,7.004,1300.58,21.88,25.23,452.721,7.812,8.743,1.395,4.461,78.17,17.37,5026.09,1.7367,46.5379,3.53971,221.904,4.688,4.34,72.3424,1.562,1.405,1.395,8.827,86.56,4.61,5026.09,2.379,46.5379,3.63149,464.772,10.94,9.043,95.6931,1.562,1.873,1.395,3.926,96.07,0,5902.2,2.0661,54.65,2.88424,200.566,3.125,3.808,86.0121,1.562,1.502,1.395,2.962,97.04,0,5026.09,1.9533,46.5379,1.4503,123.051,1.562,2.139,104.942,1.562,1.874,1.395,18.375,22.847,31.765,15.9492,67.5,5.2652,56.318,56.271,9.6801,11.57,22.82,18.375,49.126,7.617,8.595,0.475943,0.212015,6.75,2200,5488.07,0,9.33974,16.5,5921.53,4.66146,32.81,5.632,5.632,0,0,0,9.711,16.79,3200,38.995,1.195,41.9401,1.392,53,1.1,-1.5625
2026-09-07T08:41:35.356941+00:00,1.28353,518.512,108,22.31,77.69,0,5896.8,3.7338,54.6,7.06884,1327.19,14.29,22.61,232.423,0,4.359,1.385,45.16,54.84,0,5902.2,5.4432,54.65,9.54107,2093.41,39.68,40.82,751.928,9.524,14.58,1.395,6.262,86.63,7.104,5026.09,2.1828,46.5379,5.12449,325.646,6.349,6.336,80.0412,0,1.559,1.395,32.89,67.11,0,5026.09,5.1478,46.5379,9.54551,1516.1,20.63,29.42,503.937,4.762,9.647,1.395,4.625,82.52,12.85,5026.09,1.8582,46.5379,3.92051,216.329,1.587,4.218,85.9439,0,1.668,1.395,10.03,88.76,1.206,5026.09,2.6341,46.5379,4.47401,534.47,7.937,10.33,100.891,0,1.972,1.395,4.371,95.63,0,5902.2,2.1407,54.65,3.1572,201.797,1.587,3.764,113.012,0,1.977,1.395,2.713,97.29,0,5902.2,1.9648,54.65,1.71387,109.293,0,1.961,103.785,0,1.847,1.395,18.875,23.873,33.163,16.7348,70,5.246,57.721,57.86,9.6351,11.516,23.903,18.75,50.449,6.647,9.817,0.559024,0.243365,7,2200,5729.72,0,9.44231,16.75,5917.67,5.1998,39.68,5.772,5.772,0,0,0,10.17,17.62,3200,38.9899,1.195,41.9402,1.391,53,1.1,-1.5625
2026-09-07T08:41:36.373114+00:00,1.31014,528.407,108,22.17,77.83,0,5907.6,3.7536,54.7,7.18231,1320.73,20,22.27,252.326,3.077,4.73,1.4,32.3,67.7,0,5902.2,5.0325,54.65,9.23777,1303.1,18.46,25.22,713.141,10.77,13.78,1.39,7.382,87.2,5.419,5902.2,2.354,54.65,5.43392,394.087,4.615,7.643,83.6577,0,1.64,1.39,45.74,54.26,0,5902.2,5.4093,54.65,9.69664,2514.45,44.62,49.09,300.128,1.538,5.734,1.39,5.276,83.18,11.55,5026.09,1.9725,46.5379,4.12969,272.01,3.077,5.297,73.7438,3.077,1.438,1.39,11,88.06,0.9391,5902.2,2.7517,54.65,4.80978,582.902,7.692,11.2,111.744,0,2.183,1.39,4.116,95.88,0,5902.2,2.1073,54.65,3.13377,206.141,3.077,3.882,92.5705,0,1.648,1.39,3.038,96.96,0,5902.2,2.0078,54.65,1.92663,123.793,1.538,2.176,109.997,1.538,1.964,1.39,20.25,20.592,28.624,16.706,78,5.2655,53.141,53.172,9.6272,11.506,20.58,19,45.922,7.692,9.993,0.606154,0.244778,7.8,2200,5750,0,9.10256,15.5,5918.72,5.23505,44.62,5.314,5.314,0,0,0,8.757,17.59,3200,38.9951,1.195,41.9308,1.392,53,1.1,-1.5625
2026-09-07T08:41:37.391449+00:00,1.22035,487.258,108,20.3,79.7,0,5907.6,3.5981,54.7,6.81156,1211.17,9.375,20.77,201.871,4.688,3.802,1.4,34.91,65.09,0,5896.8,4.921,54.6,8.67895,1082.42,10.94,20.98,1063.66,17.19,20.61,1.395,6.159,86.02,7.826,5021.49,2.1533,46.4953,5.05519,328.006,3.125,6.38,75.2013,1.562,1.47,1.395,38.43,61.57,0,5896.8,4.8861,54.6,8.75512,976.848,15.62,18.94,1364.04,18.75,26.47,1.395,5.039,81.28,13.69,5021.49,1.8991,46.4953,3.93594,238.803,3.125,4.665,92.3646,0,1.8,1.395,10.2,89.68,0.117,5896.8,2.716,54.6,4.58429,538.26,7.812,10.37,102.368,0,2.001,1.395,4.058,95.94,0,5896.8,2.1158,54.6,3.11439,197.033,1.562,3.696,96.9711,0,1.713,1.395,2.939,97.06,0,5896.8,1.9893,54.6,1.86751,106.625,0,1.888,120.492,0,2.065,1.395,18.875,20.249,28.148,16.4603,71.5,5.2333,52.659,52.671,9.6204,11.498,20.272,18.875,45.403,5.859,9.227,0.492892,0.208656,7.15,2200,5748.73,0,9.36538,15.75,5919.68,5.06044,18.75,5.266,5.266,0,0,0,8.626,17.33,3200,38.985,1.195,41.8462,1.392,53,1.1,-1.5625
2026-09-07T08:41:38.409176+00:00,1.14839,466.195,108,19.55,80.45,0,5902.2,3.4913,54.65,6.45372,1167.22,15.62,18.48,275.384,3.125,5.249,1.395,34.2,65.8,0,5907.6,4.5117,54.7,7.66398,1243.48,18.75,24.16,867.719,15.62,16.79,1.395,6.818,84.58,8.605,5030.69,2.2273,46.5805,5.00226,347.457,4.688,6.76,94.3054,1.562,1.839,1.395,33.9,66.1,0,5030.69,4.5791,46.5805,7.93524,966.219,14.06,18.67,1118.79,15.62,21.76,1.395,4.626,78.89,16.48,5030.69,1.7668,46.5805,3.61607,219.967,6.25,4.286,82.5374,0,1.6,1.395,9.134,88.98,1.888,5030.69,2.5226,46.5805,4.09193,489.227,7.812,9.462,88.1398,1.562,1.729,1.395,3.607,96.39,0,5907.6,2.0601,54.7,2.83312,182.684,3.125,3.423,84.4078,1.562,1.416,1.395,3.001,97,0,5907.6,1.9919,54.7,1.72912,115.459,0,2.04,116.128,3.125,2.073,1.395,19.375,19.453,27.049,16.1174,74,5.2548,51.648,51.765,9.6496,11.533,19.486,18.625,44.362,7.031,8.733,0.62981,0.248922,7.4,2200,5677.17,0,9.30769,15.75,5921.69,4.76899,18.75,5.165,5.165,0,0,0,8.292,16.97,3200,39,1.195,41.9386,1.392,53,1.1,-1.5625
2026-09-07T08:41:39.428005+00:00,1.13335,457.03,108,18.52,81.48,0,5902.2,3.3928,54.65,6.21168,1105.5,23.44,18.75,205.323,6.349,3.879,1.395,39.21,60.79,0,5030.69,4.6781,46.5805,7.69862,1968.93,28.12,38.46,447.775,15.62,8.59,1.395,6.88,83.46,9.659,5030.69,2.1396,46.5805,4.73166,315.167,9.375,6.175,130.814,4.762,2.558,1.395,28.81,71.19,0,5030.69,4.3636,46.5805,7.55729,1202.26,15.62,23.29,580.367,17.19,11.15,1.395,4.376,79.51,16.12,5030.69,1.7426,46.5805,3.52048,209.923,9.524,4.113,78.262,4.762,1.518,1.395,8.905,87.22,3.872,5030.69,2.404,46.5805,3.84447,458.354,14.06,8.916,107.428,7.937,2.101,1.395,3.932,96.07,0,5907.6,2.079,54.7,2.82889,200.136,7.812,3.687,88.1875,7.812,1.557,1.395,2.7,97.3,0,5907.6,1.9554,54.7,1.63354,106.937,4.688,1.927,107.122,6.25,1.911,1.395,18.875,19.011,26.442,15.9518,72.5,5.235,50.881,50.878,9.5887,11.46,19.008,18.25,43.661,11.46,8.662,0.485157,0.217717,7.25,2200,5513.87,0,9.24359,15.75,5921.64,4.66608,28.12,5.088,5.088,0,0,0,8.088,16.79,3200,38.995,1.195,41.9397,1.392,53,1.1,-1.5625
2026-09-07T08:41:40.447858+00:00,1.10169,445.478,108,18.35,81.65,0,5907.6,3.3936,54.7,6.3496,1095.56,15.62,18.86,173.004,9.375,3.296,1.385,37.99,62.01,0,5030.69,4.7792,46.5805,7.91579,1889.82,37.5,36.88,495.554,7.937,9.503,1.39,7.152,83.92,8.927,5030.69,2.2055,46.5805,5.00863,367.245,1.587,7.163,90.2962,0,1.76,1.39,27.05,72.95,0,5907.6,4.1986,54.7,7.26677,1343.32,20.63,26.05,328.38,7.937,6.178,1.39,4.364,77.94,17.7,5030.69,1.7326,46.5805,3.67855,220.323,4.688,4.299,69.9901,1.562,1.36,1.39,8.196,88.61,3.192,5030.69,2.3536,46.5805,3.69244,434.089,4.762,8.404,93.725,0,1.829,1.39,4.198,95.8,0,5907.6,2.1177,54.7,3.03378,193.462,1.562,3.565,108.175,1.587,1.91,1.39,2.863,97.14,0,5907.6,1.9757,54.7,1.62462,112.49,1.562,2.001,112.215,1.562,2.021,1.39,18.875,18.503,25.733,15.9509,69.5,5.2434,50.198,50.014,9.6226,11.5,18.479,18,43,7.368,8.442,0.498307,0.204633,6.95,2200,5495.3,0,9.14103,15.75,5920.76,4.82195,37.5,5.02,5.02,0,0,0,7.864,16.79,3200,39,1.195,41.8779,1.392,53,1.1,-1.5625
2026-09-07T08:41:41.211523+00:00,1.58584,630.647,108,20.84,79.16,0,5880.6,3.4866,54.45,6.91771,1241.37,10.94,21.5,214.363,1.562,4.095,1.385,59.19,40.81,0,5880.6,7.3178,54.45,14.5082,3187.34,41.27,62.37,430.43,4.688,8.232,1.375,8.526,89.47,2.002,5007.7,2.4887,46.3676,5.74788,422.314,7.812,8.178,120.934,0,2.366,1.375,47.17,52.83,0,5880.6,6.8595,54.45,13.9198,2418.94,38.46,47,480.587,10.94,9.2,1.38,4.749,88.24,7.008,5007.7,1.9921,46.3676,4.24763,232.445,0,4.517,88.982,0,1.727,1.38,10.42,89.38,0.2006,5880.6,2.6236,54.45,5.30757,539.903,1.562,10.35,122.952,1.562,2.397,1.38,4.645,95.36,0,5886,2.1316,54.5,3.2771,226.211,0,4.236,114.686,0,2.056,1.38,3.042,96.96,0,5886,1.9824,54.5,2.08104,125.275,0,2.292,123.625,0,2.236,1.38,25.5,22.765,31.51,20.9053,68,5.2432,56.029,56.062,9.6296,11.509,22.743,22.75,48.786,7.425,12.05,1.10353,0.389222,6.8,2200,5718.69,0,9.49359,16,5904.99,6.0527,41.27,5.603,5.603,0,0,0,9.678,22.01,3200,39,1.195,41.9371,1.385,53,1.1,-1.5625
2026-09-07T08:41:42.230374+00:00,1.58625,629.524,108,22.69,77.31,0,5907.6,3.7459,54.7,7.57565,1353.31,15.87,23.46,223.682,3.125,4.23,1.395,52.09,47.91,0,5896.8,6.872,54.6,14.0869,2734.07,46.88,53.44,441.101,4.688,8.423,1.39,7.625,90.61,1.764,5021.49,2.3861,46.4953,5.81538,392.989,6.25,7.69,97.92,1.562,1.909,1.39,50.81,49.19,0,5896.8,7.1981,54.6,14.8303,2669.51,36.51,52.3,434.246,9.375,8.276,1.39,5.276,88.36,6.364,5021.49,2.0306,46.4953,4.46192,254.054,3.125,4.973,102.826,1.562,2.006,1.39,11.93,86.95,1.121,5896.8,2.7569,54.6,5.78707,637.702,7.812,12.44,109.15,1.562,2.126,1.39,4.686,95.31,0,5896.8,2.1337,54.6,3.42134,234.55,3.125,4.434,110.736,4.762,2.008,1.39,3.524,96.48,0,5896.8,2.0196,54.6,2.26177,134.276,1.587,2.48,142.266,1.587,2.525,1.39,16.875,23.573,32.575,21.2243,113,5.2632,57.17,57.153,9.6556,11.541,23.571,24.5,49.905,9.336,12.05,1.03668,0.393039,11.3,2200,5750,0,9.49359,16.25,5902.34,6.26478,46.88,5.717,5.717,0,0,0,10.03,22.34,3200,39,1.195,41.9379,1.384,53,1.1,-1.5625
2026-09-07T08:41:43.247011+00:00,1.6142,645.54,108,23.43,76.57,0,5896.8,3.7863,54.6,7.72372,1397.5,23.08,24.2,232.934,4.615,4.433,1.39,54.24,45.76,0,5880.6,8.0256,54.45,16.3698,2917.59,47.69,57,435.197,6.154,8.307,1.38,7.796,91.65,0.5525,5007.7,2.4739,46.3676,5.98026,394.804,7.692,7.695,108.633,3.077,2.11,1.38,52.34,47.66,0,5880.6,6.431,54.45,13.1948,2352.69,33.85,46.04,848.247,13.85,16.46,1.38,4.948,90.98,4.073,5007.7,2.0405,46.3676,4.48618,246.483,3.077,4.824,90.7444,1.538,1.752,1.375,10.56,89.4,0.03822,5007.7,2.6202,46.3676,5.34033,545.378,6.154,10.52,135.934,3.077,2.644,1.375,4.709,95.29,0,5880.6,2.1254,54.45,3.41881,226.041,4.615,4.295,123.682,3.077,2.195,1.375,3.392,96.61,0,5007.7,2.024,46.3676,2.21742,136.866,1.538,2.518,135.916,3.077,2.445,1.375,20.25,23.916,33.052,21.4057,113,5.2566,57.606,57.561,9.6039,11.479,23.928,25.5,50.313,10.38,12.34,1.17542,0.407459,11.3,2200,5750,0,9.44231,16.25,5901.69,6.33773,47.69,5.761,5.761,0,0,0,10.18,22.53,3200,39,1.195,41.9457,1.383,53,1.1,-1.5625
2026-09-07T08:41:44.268889+00:00,1.71596,685.041,108,24.21,75.79,0,5869.8,3.8056,54.35,7.86389,1439.8,21.88,25.2,223.164,6.25,4.218,1.375,52.73,47.27,0,5880.6,7.2767,54.45,15.5668,2201,26.56,43.04,1033.42,18.75,20.01,1.385,8.065,90.08,1.857,5880.6,2.4061,54.45,6.02475,402.906,10.94,7.856,112.288,1.562,2.199,1.385,61.73,38.27,0,5880.6,8.0683,54.45,16.7741,1040.84,15.62,20.19,2816.26,46.88,55.01,1.385,5.465,89.55,4.989,5880.6,2.0535,54.45,4.62475,272.664,4.688,5.337,92.9028,1.562,1.821,1.385,11.14,88.57,0.2914,5880.6,2.6053,54.45,5.80859,569.109,15.62,11.06,129.503,1.562,2.532,1.385,4.845,95.15,0,5880.6,2.1022,54.45,3.49811,236.736,1.562,4.422,120.217,1.562,2.187,1.385,3.409,96.59,0,5880.6,1.9885,54.45,2.30947,130.187,1.562,2.391,139.665,1.562,2.598,1.385,20.75,24.318,33.528,22.7528,98.5,5.2676,58.094,58.164,9.6551,11.539,24.287,26.25,50.862,11.13,13.13,1.11539,0.415649,9.85,2200,5750,0,9.57692,16.25,5894.61,6.58775,46.88,5.809,5.809,0,0,0,10.33,23.95,3200,38.995,1.195,41.9849,1.38,53,1.1,-1.5625
2026-09-07T08:41:45.289216+00:00,1.59604,634.097,108,21.12,78.88,0,5848.2,3.4098,54.15,7.09125,1257.77,25,22.56,184.221,9.375,3.505,1.38,58.44,41.56,0,5875.2,8.3581,54.4,17.4326,2773.71,50,54.29,820.15,20.31,15.96,1.38,7.639,88.32,4.039,5875.2,2.2954,54.4,5.7105,388.544,7.812,7.609,99.2449,3.125,1.935,1.38,50.12,49.88,0,5875.2,6.503,54.4,13.8559,569.536,12.5,11.04,2505.82,40.62,49.07,1.38,4.899,88.1,7.004,5875.2,1.9356,54.4,4.35538,239.788,6.25,4.723,92.7933,3.125,1.806,1.38,9.647,88.16,2.197,5875.2,2.4518,54.4,5.30063,509.073,17.19,9.954,104.573,3.125,2.027,1.38,4.365,95.63,0,5875.2,2.0414,54.4,3.34338,226.655,6.25,4.325,103.319,3.125,1.888,1.38,3.383,96.62,0,5875.2,1.9371,54.4,2.214,136.294,3.125,2.491,134.06,4.688,2.439,1.38,27.5,24.302,33.49,22.573,124,5.2501,58.022,57.88,9.623,11.502,24.293,27,50.767,13.48,12.23,1.08068,0.394524,12.4,2200,5750,0,9.67949,15.75,5895.86,6.4375,50,5.802,5.802,0,0,0,10.34,23.76,3200,39,1.195,41.955,1.38,52.955,1.1,-1.5625
2026-09-07T08:41:46.307810+00:00,1.68979,671.152,108,22.93,77.07,0,5859,3.6117,54.25,7.45879,1367.28,23.44,22.94,262.191,6.25,4.96,1.38,63.68,36.32,0,5864.4,7.8419,54.3,16.1604,3118.45,45.31,61.07,757.169,10.94,14.65,1.375,8.303,91.54,0.1576,5864.4,2.4791,54.3,6.05924,422.301,14.06,8.227,104.875,3.125,2.048,1.375,49.8,50.2,0,5864.4,7.1424,54.3,15.0678,1012.18,12.5,19.59,2045.93,39.06,39.87,1.375,4.911,91.34,3.747,5039.72,2.0361,46.6641,4.55574,241.173,6.25,4.702,90.187,3.125,1.755,1.375,11.3,88.7,0,5864.4,2.6591,54.3,5.71631,608.742,6.25,11.75,96.3846,3.125,1.883,1.375,4.585,95.41,0,5864.4,2.0976,54.3,3.47796,231.11,4.688,4.295,107.742,3.125,1.933,1.375,3.468,96.53,0,5864.4,1.9935,54.3,2.31288,139.137,4.688,2.544,133.579,3.125,2.432,1.375,21.25,23.794,32.855,22.2684,93,5.2682,57.512,57.59,9.6293,11.508,23.844,27.125,50.159,11.82,12.79,1.20776,0.414763,9.3,2200,5750,0,9.50641,16.5,5897.8,6.52518,45.31,5.751,5.751,0,0,0,10.15,23.44,3200,39,1.195,41.9489,1.382,53,1.1,-1.5625
2026-09-07T08:41:47.326317+00:00,1.68076,666.229,108,23.33,76.67,0,5891.4,3.5766,54.55,7.30082,1388.03,15.62,24.38,242.022,3.125,4.57,1.39,64.85,35.15,0,5891.4,7.8765,54.55,16.2524,3055.42,46.88,59.84,897.538,14.06,17.48,1.39,7.774,86.28,5.946,5016.9,2.2084,46.4527,5.58089,389.769,7.812,7.629,104.029,3.125,2.028,1.39,48.15,51.85,0,5891.4,7.3798,54.55,15.7857,711.563,12.5,13.77,2242.39,32.81,43.86,1.39,4.961,85.43,9.608,5016.9,1.8918,46.4527,4.28032,245.717,3.125,4.793,86.7212,3.125,1.682,1.39,10.2,87.17,2.63,5016.9,2.4691,46.4527,5.51106,534.711,10.94,10.44,107.395,3.125,2.089,1.39,5.268,94.73,0,5891.4,2.1166,54.55,3.41489,244.907,7.812,4.7,132.206,3.125,2.416,1.39,3.542,96.46,0,5016.9,1.9242,46.4527,2.16849,136.838,3.125,2.52,140.403,3.125,2.56,1.39,31.25,23.634,32.559,22.7914,119.5,5.2448,57.085,57.189,9.623,11.502,23.617,27.25,49.83,10.84,12.8,1.23372,0.435037,11.95,2200,5750,0,9.32051,15.75,5892.76,6.43241,46.88,5.708,5.708,0,0,0,10.05,23.99,3200,39,1.195,41.9503,1.379,53,1.1,-1.5625
2026-09-07T08:41:48.344922+00:00,1.63637,653.853,108,21.73,78.27,0,5896.8,3.5145,54.6,7.22587,1291.53,15.62,22.09,248.217,6.25,4.782,1.385,58.51,41.49,0,5880.6,7.5866,54.45,15.8909,3134.01,53.12,61.22,478.147,7.812,8.899,1.375,7.299,90.08,2.617,5875.2,2.3122,54.4,5.6796,372.465,7.812,7.254,97.9439,0,1.901,1.38,52.65,47.35,0,5875.2,7.6257,54.4,16.2132,2026.63,35.94,39.57,1196.77,23.44,23.46,1.38,5.486,88.37,6.142,5875.2,1.9716,54.4,4.31318,261.51,4.688,5.105,104.872,0,2.035,1.38,10.09,89.89,0.01968,5875.2,2.516,54.4,5.65435,517.44,6.25,10.09,121.517,3.125,2.34,1.38,4.476,95.52,0,5875.2,2.0487,54.4,3.26754,233.74,3.125,4.433,102.589,1.562,1.847,1.38,3.394,96.61,0,5875.2,1.942,54.4,2.2694,134.618,0,2.465,139.644,1.562,2.537,1.38,21.75,24.593,33.918,23.0636,114.5,5.2639,58.459,58.368,9.6682,11.555,24.526,27.625,51.264,10.64,12.5,1.23812,0.425727,11.45,2200,5750,0,9.21154,16.25,5896.31,6.40585,53.12,5.846,5.846,0,0,0,10.44,24.28,3200,39,1.195,41.9701,1.381,53,1.1,-1.5625
2026-09-07T08:41:49.363357+00:00,1.55637,623.644,108,19.13,80.87,0,5891.4,3.2813,54.55,6.83211,1143.01,20.63,19.73,226.402,3.175,4.345,1.395,58.46,41.54,0,5880.6,8.1079,54.45,16.639,2945.95,39.68,57.72,660.82,9.524,13.06,1.365,7.493,89.7,2.807,5875.2,2.2754,54.4,5.542,374.557,3.175,7.33,101.928,1.587,1.985,1.375,48.29,51.71,0,5875.2,6.4416,54.4,13.4829,2603.5,47.62,50.82,383.011,3.175,7.36,1.375,4.768,89.8,5.431,5875.2,1.962,54.4,4.27277,243.366,0,4.766,81.4529,0,1.58,1.375,9.425,89.03,1.544,5875.2,2.463,54.4,5.1956,496.584,12.7,9.651,100.059,0,1.962,1.375,4.777,95.22,0,5875.2,2.0742,54.4,3.33958,244.602,1.587,4.607,108.51,0,2.003,1.375,3.287,96.71,0,5875.2,1.929,54.4,2.1355,133.248,1.587,2.465,131.292,0,2.384,1.375,21.75,23.123,31.937,21.967,103.5,5.2526,56.568,56.634,9.6017,11.476,23.206,27.25,49.191,9.028,11.99,1.05919,0.380302,10.35,2200,5750,0,9.42308,15.5,5900.19,6.34552,47.62,5.657,5.657,0,0,0,9.875,23.12,3200,39,1.195,41.9646,1.382,53,1.1,-1.5625
2026-09-07T08:41:50.382449+00:00,1.63063,646.916,108,20.98,79.02,0,5875.2,3.4846,54.4,7.2637,1249.72,15.38,21.77,226.354,1.538,4.348,1.39,55.76,44.24,0,5896.8,6.5818,54.6,13.9385,2784.97,44.62,54.78,623.759,7.692,12.06,1.39,7.498,88.7,3.8,5021.49,2.3345,46.4953,5.83952,372.598,9.231,7.344,104.746,0,2.051,1.39,55.48,44.52,0,5896.8,8.2551,54.6,17.1056,2985,46.15,58.44,415.568,3.077,8.073,1.39,5.167,88.64,6.198,5021.49,1.9683,46.4953,4.46228,247.721,3.077,4.905,94.1802,0,1.844,1.39,10.02,89.64,0.3388,5896.8,2.5241,54.6,5.79843,510.675,6.154,10.05,116.37,0,2.285,1.39,4.625,95.37,0,5896.8,2.0789,54.6,3.48767,223.879,0,4.318,116.665,1.538,2.153,1.39,3.531,96.47,0,5896.8,1.9572,54.6,2.32545,135.293,0,2.558,143.151,0,2.591,1.39,17.875,23.949,33.08,22.2355,91.5,5.2667,57.692,57.685,9.6589,11.545,23.933,27,50.419,8.654,12.47,1.41496,0.442543,9.15,2200,5750,0,9.60256,16,5898.16,6.46302,46.15,5.769,5.769,0,0,0,10.18,23.41,3200,39,1.195,41.9751,1.382,53,1.1,-1.5625
2026-09-07T08:41:51.400559+00:00,1.65361,664.365,108,21.24,78.76,0,5869.8,3.4987,54.35,7.30023,1264.29,21.88,21.5,245.692,7.812,4.713,1.38,65.4,34.6,0,5875.2,8.8232,54.4,17.9911,3567.23,54.69,69.95,500.98,10.94,9.713,1.375,7.75,86.33,5.921,5875.2,2.2878,54.4,5.73071,389.981,9.375,7.622,112.071,3.125,2.183,1.375,47.45,52.55,0,5875.2,6.0649,54.4,12.7957,2442.49,32.81,47.82,490.148,9.375,9.48,1.375,4.857,83.42,11.72,5875.2,1.8374,54.4,4.30411,236.101,6.25,4.602,92.7752,0,1.8,1.375,10.35,88.57,1.083,5875.2,2.574,54.4,5.26941,541.144,14.06,10.57,119.43,3.125,2.322,1.375,4.969,95.03,0,5875.2,2.0965,54.4,3.43036,243.614,4.688,4.672,118.189,0,2.154,1.375,3.353,96.65,0,5875.2,1.9391,54.4,2.09181,134.029,1.562,2.46,131.68,3.125,2.366,1.375,22.25,24.285,33.519,22.2053,123,5.2469,58.092,58.017,9.6506,11.534,24.269,27.125,50.825,11.43,12.75,1.35658,0.404356,12.3,2200,5750,0,9.57692,16.25,5898.65,6.5397,54.69,5.809,5.809,0,0,0,10.33,23.37,3200,39,1.195,41.9148,1.382,53,1.1,-1.5625
2026-09-07T08:41:52.419490+00:00,1.52819,617.373,108,22.49,77.51,0,5902.2,3.7193,54.65,7.61475,1335.67,20.31,23.21,237.085,0,4.58,1.39,52.65,47.35,0,5896.8,6.6678,54.6,13.852,2706.83,42.19,53.08,614.715,9.375,11.89,1.385,6.9,88.24,4.86,5021.49,2.2206,46.4953,5.67838,354.457,6.25,6.935,92.1501,0,1.787,1.385,48.12,51.88,0,5891.4,7.322,54.55,15.1034,2592.51,43.75,50.62,367.71,1.562,7.092,1.38,5.435,86.77,7.792,5891.4,2.0155,54.55,4.50688,248.406,6.25,4.842,119.985,0,2.334,1.38,9.3,89.55,1.153,5891.4,2.4439,54.55,5.26188,474.856,3.125,9.249,120.775,1.562,2.317,1.38,4.827,95.17,0,5891.4,2.0961,54.55,3.46438,230.913,6.25,4.369,125.998,1.562,2.276,1.38,3.106,96.89,0,5891.4,1.912,54.55,2.048,133.221,1.562,2.432,122.693,0,2.229,1.38,26,23.484,32.43,21.4345,109.5,5.2693,57.094,57.185,9.6558,11.54,23.531,27.125,49.767,8.984,11.83,0.960945,0.362406,10.95,2200,5750,0,9.30769,16,5897.83,6.28038,43.75,5.709,5.709,0,0,0,10.01,22.56,3200,38.995,1.195,41.938,1.382,53,1.1,-1.5625
2026-09-07T08:41:53.438098+00:00,1.5413,613.179,108,19.51,80.49,0,5875.2,3.2858,54.4,6.76838,1161.37,10.94,19.87,229.652,1.562,4.378,1.385,58.47,41.53,0,5886,7.3857,54.5,14.8466,3129.91,50,61.32,446.418,6.25,8.638,1.385,6.46,90.15,3.39,5012.3,2.1695,46.4102,5.3795,320.548,0,6.261,93.4022,0,1.816,1.385,47.75,52.25,0,5886,6.7505,54.5,13.9676,1289.21,23.44,25.31,1627.47,20.63,31.82,1.385,4.634,88.75,6.613,5012.3,1.9045,46.4102,4.19925,223.983,3.175,4.396,88.8216,0,1.727,1.385,9.713,89.25,1.033,5886,2.4632,54.5,5.0485,495.653,9.375,9.711,116.641,0,2.301,1.385,4.472,95.53,0,5886,1.9971,54.5,3.23663,215.118,0,4.094,119.241,0,2.162,1.385,3.121,96.88,0,5886,1.8596,54.5,1.8405,127.317,0,2.374,126.107,1.562,2.281,1.385,19.75,22.815,31.464,21.2664,101,5.2518,55.956,55.857,9.5983,11.472,22.797,26.875,48.713,7.933,11.78,1.0183,0.354463,10.1,2200,5750,0,9.36538,16.25,5897.49,6.19488,50,5.596,5.596,0,0,0,9.701,22.39,3200,39,1.195,41.947,1.38,53,1.1,-1.5625
2026-09-07T08:41:54.455766+00:00,1.49848,596.999,108,19.65,80.35,0,5907.6,3.3358,54.7,6.80531,1169.23,26.56,20.46,209.112,1.587,3.996,1.39,51.69,48.31,0,5902.2,6.6245,54.65,13.6963,2628.94,46.88,51.51,532.721,7.937,10.32,1.385,6.664,86.4,6.941,5902.2,2.1162,54.65,5.29942,342.607,9.231,6.7,87.8795,0,1.705,1.385,51.45,48.55,0,5896.8,7.5787,54.6,15.5672,957.171,17.19,18.59,2197.83,28.12,43.07,1.385,4.366,84.61,11.03,5896.8,1.7909,54.6,4.03992,203.44,3.125,3.96,94.8287,0,1.84,1.385,8.586,89.02,2.394,5896.8,2.3216,54.6,5.03253,448.919,9.375,8.77,96.1803,0,1.865,1.385,4.429,95.57,0,5896.8,2.0145,54.6,3.19907,215.295,1.587,4.023,117.312,0,2.147,1.385,3.008,96.99,0,5896.8,1.8602,54.6,1.88801,123.53,1.562,2.28,126.999,1.587,2.297,1.385,20.75,22.88,31.558,21.6378,120.5,5.2655,56.113,56.129,9.6389,11.52,22.865,27,48.87,9.671,11.47,0.929882,0.341671,12.05,2200,5750,0,9.35897,16,5896.83,6.11974,46.88,5.611,5.611,0,0,0,9.73,22.78,3200,38.995,1.195,41.9209,1.381,53,1.1,-1.5625
2026-09-07T08:41:55.221886+00:00,1.47595,583.408,108,19.11,80.89,0,5896.8,3.3831,54.6,6.86538,1137.88,15.62,20.01,178.61,1.562,3.402,1.395,47.49,52.51,0,5875.2,5.9852,54.4,12.4883,1557.56,26.56,30.47,1344.72,18.75,26.27,1.385,6.217,89.03,4.749,5049,2.1734,46.75,5.39738,313.636,4.762,6.132,83.7285,1.562,1.626,1.385,55.77,44.23,0,5875.2,7.9798,54.4,16.2646,526.895,7.937,10.26,2876.03,44.62,56.11,1.385,4.491,87.64,7.873,5021.16,1.8544,46.4922,4.11513,201.44,1.562,3.947,95.5786,3.125,1.862,1.38,7.309,91.34,1.349,5021.16,2.2717,46.4922,5.16,368.274,9.524,7.221,93.767,1.587,1.835,1.38,4.114,95.89,0,5021.16,2.0042,46.4922,3.18013,189.026,1.562,3.589,118.556,1.562,2.2,1.38,3.095,96.9,0,5842.8,1.8909,54.1,2.0435,140.647,3.125,2.517,108.187,1.562,1.984,1.38,25.125,22.723,31.406,21.2884,73.5,5.221,55.907,55.964,9.5935,11.466,22.743,26.75,48.616,9.062,11.21,0.989571,0.343519,7.35,2200,5750,0,9.37179,15.75,5901.35,6.07975,44.62,5.591,5.591,0,0,0,9.678,22.41,3200,39,1.195,41.96,1.383,53,1.1,-1.5625
2026-09-07T08:41:56.239934+00:00,1.4818,592.67,108,18.85,81.15,0,5891.4,3.3378,54.55,6.80677,1122.4,25,19.19,227.771,1.538,4.323,1.39,42.01,57.99,0,5902.2,6.2361,54.65,13.0865,1810.9,18.75,35.41,785.024,16.92,15.27,1.395,6.032,89.58,4.389,5026.09,2.1528,46.5379,5.36454,294.033,4.615,5.757,96.3028,3.077,1.867,1.395,59.09,40.91,0,5902.2,7.6221,54.65,15.3609,587.702,9.231,11.41,3033.11,50,59.76,1.395,5.138,87.88,6.983,5026.09,1.9766,46.5379,4.30764,258.52,1.538,5.027,82.6069,0,1.59,1.395,9.246,88.39,2.363,5026.09,2.4622,46.5379,5.34674,455.725,7.692,8.888,127.11,1.538,2.458,1.395,4.651,95.35,0,5896.8,2.0706,54.6,3.32184,232.299,4.615,4.411,112.351,0,1.981,1.39,3.166,96.83,0,5896.8,1.9314,54.6,2.09998,152.487,0,2.786,104.378,0,1.873,1.39,20.75,22.937,31.718,21.1291,114.5,5.1918,56.068,56.115,9.5289,11.391,22.924,26.375,48.82,9.032,11.37,0.94598,0.352456,11.45,2200,5750,0,9.27564,16.25,5901.81,6.15388,50,5.607,5.607,0,0,0,9.755,22.24,3200,39,1.195,41.9422,1.384,53,1.1,-1.5625
2026-09-07T08:41:57.257708+00:00,1.50527,597.517,108,19.44,80.56,0,5891.4,3.454,54.55,7.14438,1156.67,9.375,20.53,182.059,1.562,3.465,1.38,48.75,51.25,0,5896.8,6.5078,54.6,13.4616,2094.55,31.25,40.6,925.441,12.5,18.09,1.39,6.578,86.91,6.514,5021.49,2.1632,46.4953,5.48658,327.289,6.25,6.4,89.8953,1.562,1.738,1.39,54.09,45.91,0,5896.8,7.4425,54.6,15.3834,579.102,14.06,11.25,2705.62,46.88,53.34,1.39,4.476,85.2,10.32,5021.49,1.8151,46.4953,4.17607,213.003,3.125,4.157,87.0914,3.125,1.684,1.39,9.29,88.14,2.566,5021.49,2.4492,46.4953,5.4047,482.913,4.688,9.456,104.649,1.562,1.99,1.39,4.669,95.33,0,5896.8,2.0779,54.6,3.39873,229.884,3.125,4.349,117.368,1.562,2.139,1.39,3.241,96.76,0,5021.49,1.9263,46.4953,2.12624,148.027,3.125,2.753,116.714,1.562,2.076,1.39,23.125,23.331,32.225,21.3497,115,5.2018,56.664,56.653,9.5527,11.418,23.348,26.5,49.365,9.082,11.5,1.11697,0.376679,11.5,2200,5750,0,9.37821,16.25,5898.69,6.21558,46.88,5.666,5.666,0,0,0,9.936,22.47,3200,39,1.195,41.9781,1.382,53,1.1,-1.5625
2026-09-07T08:41:58.277339+00:00,1.47847,585.308,108,19.26,80.74,0,5902.2,3.3754,54.65,6.91821,1147.04,10.94,20.21,185.3,1.562,3.526,1.39,54.41,45.59,0,5907.6,6.8023,54.7,13.8903,2765.71,48.44,54.18,547.012,4.688,10.58,1.39,5.985,86.56,7.457,5030.69,2.089,46.5805,5.30511,296.797,9.375,5.81,88.1623,0,1.714,1.39,48.31,51.69,0,5907.6,7.2537,54.7,14.9578,2089.21,29.69,40.83,861.263,10.94,16.81,1.39,4.019,85.77,10.21,5030.69,1.7777,46.5805,4.02104,184.089,3.125,3.578,89.6281,0,1.745,1.39,8.235,89.82,1.943,5030.69,2.3697,46.5805,5.09532,434.782,3.125,8.465,90.8779,0,1.811,1.39,4.673,95.33,0,5907.6,2.0493,54.7,3.26566,234.48,4.688,4.417,107.796,0,1.972,1.39,2.96,97.04,0,5907.6,1.8821,54.7,1.98096,137.571,3.125,2.541,105.214,0,1.865,1.39,23.625,23.183,32.027,21.4592,115.5,5.169,56.348,56.269,9.5278,11.389,23.174,26.5,49.101,8.105,11.25,0.899936,0.324296,11.55,2200,5750,0,9.38462,15.75,5900.79,6.1389,48.44,5.635,5.635,0,0,0,9.861,22.59,3200,39,1.195,41.9539,1.383,53,1.1,-1.5625
2026-09-07T08:41:59.295996+00:00,1.47114,582.737,108,18.7,81.3,0,5875.2,3.2492,54.4,6.68025,1113.52,14.06,19.84,170.026,0,3.229,1.375,47.84,52.16,0,5880.6,7.4708,54.45,15.6201,2436.82,40.62,48.08,463.911,6.25,8.936,1.375,6.749,87.75,5.501,5880.6,2.1338,54.45,5.31163,343.85,4.688,6.723,86.2011,0,1.68,1.375,53.6,46.4,0,5880.6,6.5241,54.45,13.1561,1705.22,23.44,32.75,1596.72,23.44,31.29,1.38,3.907,86.91,9.179,5007.7,1.7774,46.3676,3.999,197.129,1.562,3.843,74.4835,0,1.448,1.38,8.407,89.07,2.525,5007.7,2.3355,46.3676,4.88025,427.799,6.25,8.352,101.819,1.562,1.982,1.38,4.651,95.35,0,5880.6,2.0227,54.45,3.23413,221.017,0,4.214,124.468,1.562,2.282,1.38,3.26,96.74,0,5880.6,1.8726,54.45,1.94,150.401,0,2.681,110.417,0,2.003,1.38,30.875,22.462,31.027,21.5776,102.5,5.1655,55.361,55.417,9.5135,11.371,22.476,26.625,48.08,7.715,11.21,0.913138,0.323961,10.25,2200,5750,0,9.35256,16,5900.17,6.2195,40.62,5.536,5.536,0,0,0,9.564,22.71,3200,38.995,1.195,41.926,1.382,53,1.1,-1.5
2026-09-07T08:42:00.315443+00:00,1.55626,617.134,108,19.77,80.23,0,5891.4,3.3769,54.55,6.97375,1177.29,17.19,20.58,213.246,4.688,4.074,1.385,57.23,42.77,0,5886,8.0207,54.5,16.4108,2711.48,45.31,52.68,797.098,12.5,15.63,1.375,7.631,86.31,6.06,5886,2.2005,54.5,5.40763,368.191,7.812,7.211,111.199,1.562,2.16,1.375,48.62,51.38,0,5886,6.3049,54.5,13.2238,1811.45,25,36.03,1137.78,15.62,22.12,1.375,4.623,85.84,9.537,5880.6,1.8432,54.45,4.10788,221.319,4.688,4.3,89.8935,3.125,1.74,1.37,10.22,86.24,3.534,5880.6,2.4902,54.45,5.13713,534.805,4.688,10.42,110.622,1.562,2.15,1.37,4.417,95.58,0,5880.6,2.0091,54.45,3.1575,222.962,1.562,4.161,112.531,3.125,2.054,1.37,3.112,96.89,0,5880.6,1.8725,54.45,1.91975,149.582,1.562,2.723,104.692,1.562,1.903,1.37,19.375,23.614,32.598,21.9408,120,5.2416,57.155,57.106,9.6373,11.518,23.615,27,49.881,9.473,11.87,1.10524,0.383375,12,2200,5750,0,9.57051,16,5899.63,6.24725,45.31,5.716,5.716,0,0,0,10.05,23.1,3200,38.996,1.195,41.959,1.382,53,1.1,-1.5625
2026-09-07T08:42:01.335330+00:00,1.46595,581.061,108,18.24,81.76,0,5859,3.2927,54.25,6.70196,1086.49,9.375,18.83,190.461,3.175,3.639,1.38,50.45,49.55,0,5880.6,6.6907,54.45,13.8412,1761.46,26.56,35.06,1297.44,17.19,25.18,1.38,7.097,87.08,5.821,5007.7,2.1668,46.3676,5.34884,365.101,7.937,7.102,85.9147,1.587,1.668,1.38,50.64,49.36,0,5880.6,7.1916,54.45,14.6073,2109.81,39.06,41,989.864,12.5,19.45,1.38,4.487,86.77,8.747,5007.7,1.835,46.3676,4.06124,221.45,1.587,4.316,86.5844,1.587,1.678,1.38,8.109,87.66,4.227,5007.7,2.2202,46.3676,4.78383,407.905,3.175,7.958,107.518,3.175,2.094,1.38,4.545,95.45,0,5880.6,2.0202,54.45,3.17379,208.766,1.562,3.95,128.513,1.562,2.331,1.38,3.028,96.97,0,5007.7,1.8567,46.3676,1.86255,137.135,1.562,2.559,112.568,1.562,2,1.38,20.75,26.512,36.601,21.3684,129,5.2666,61.169,61.004,9.6725,11.561,26.478,26.875,53.955,8.322,11.18,0.872324,0.326831,12.9,2200,5750,0,9.35897,15.75,5900.6,6.0576,39.06,6.117,6.117,0,0,0,11.27,22.49,3200,39,1.195,41.9095,1.382,53,1.1,-1.5625
2026-09-07T08:42:02.350347+00:00,1.39519,555.463,108,19.01,80.99,0,5907.6,3.3934,54.7,6.94813,1132.68,15.62,19.96,186.771,3.077,3.557,1.4,46.77,53.23,0,5907.6,6.2209,54.7,12.515,2377.07,37.5,46.38,507.147,4.688,9.833,1.39,6.626,85.61,7.764,5030.69,2.119,46.5805,5.37811,315.937,4.615,6.189,107.078,1.562,2.08,1.39,46.6,53.4,0,5907.6,6.5273,54.7,13.1389,2550.87,37.5,50.05,292.251,3.125,5.661,1.39,4.582,85.24,10.18,5030.69,1.8382,46.5805,4.17388,203.83,1.538,3.989,102.204,3.125,1.965,1.39,8.079,89.02,2.901,5030.69,2.3244,46.5805,4.76393,414.541,9.231,8.103,98.8638,1.538,1.916,1.39,4.687,95.31,0,5907.6,2.0934,54.7,3.36505,220.468,1.562,4.143,123.361,3.125,2.237,1.39,3.165,96.83,0,5907.6,1.932,54.7,1.92823,148.786,1.562,2.737,105.545,1.562,1.873,1.39,17.875,26.202,36.271,19.9212,123,5.2227,60.83,60.992,9.6291,11.51,26.232,26.375,53.526,8.184,10.67,1.00187,0.340461,12.3,2200,5750,0,9.46154,16,5906.59,5.9801,37.5,6.083,6.083,0,0,0,11.16,20.97,3200,38.995,1.195,41.9503,1.386,53,1.1,-1.5625
2026-09-07T08:42:03.367063+00:00,1.16001,465.979,108,18.65,81.35,0,5902.2,3.4058,54.65,6.58966,1114.03,15.62,19.64,164.891,0,3.131,1.39,32.4,67.6,0,5891.4,4.9449,54.55,9.0994,1102.94,14.06,21.19,931.821,14.06,18.11,1.385,6.421,87.37,6.206,5891.4,2.1745,54.55,5.0743,298.308,6.25,5.801,111.521,0,2.173,1.385,39.49,60.51,0,5891.4,5.2248,54.55,9.55182,1187.12,14.06,23.04,1228.07,17.19,23.92,1.385,4.18,83.83,11.99,5886,1.8073,54.5,3.83429,195.789,0,3.817,82.7983,0,1.62,1.385,8.098,90.22,1.678,5886,2.3833,54.5,4.28022,405.795,4.688,7.868,109.512,3.175,2.135,1.385,3.888,96.11,0,5886,2.0727,54.5,3.09753,186.924,3.125,3.429,104.778,1.562,1.904,1.385,2.874,97.13,0,5886,1.9475,54.5,1.8745,131.435,0,2.358,99.9307,0,1.766,1.385,20.75,24.567,34.136,16.8704,92.5,5.2068,58.543,58.431,9.5887,11.461,24.546,25.125,51.324,5.862,8.869,0.733456,0.294365,9.25,2200,5750,0,9.27564,16,5918.12,5.17632,17.19,5.854,5.854,0,0,0,10.45,17.76,3200,39,1.195,41.9451,1.391,53,1.1,-1.5625
2026-09-07T08:42:04.383834+00:00,1.45047,589.615,108,22.38,77.62,0,5886,3.785,54.5,7.63138,1341.14,18.75,22.63,277.757,9.375,5.19,1.39,43.22,56.78,0,5891.4,6.3167,54.55,12.3337,1750.61,20.31,33.95,945.452,21.88,18.39,1.38,8.417,89.84,1.741,5891.4,2.5114,54.55,6.0204,443.061,9.375,8.669,98.0234,3.125,1.893,1.38,46.14,53.86,0,5891.4,5.9864,54.55,11.7559,909.51,15.62,17.53,1958.92,32.81,38.37,1.38,5.247,87.88,6.875,5891.4,2.059,54.55,4.56957,271.168,3.125,5.278,85.7786,3.125,1.644,1.38,10.78,89.02,0.1983,5886,2.6765,54.5,5.17467,556.501,4.688,10.85,125.567,3.125,2.418,1.38,5.073,94.93,0,5886,2.2248,54.5,3.65566,265.622,4.688,4.961,106.704,3.125,1.88,1.38,3.784,96.22,0,5886,2.0947,54.5,2.28066,175.114,3.125,3.196,122.907,4.688,2.161,1.38,20.25,25.656,35.555,18.7506,123.5,5.2262,60.156,60.179,9.6632,11.55,25.671,24.5,52.854,10.06,11.19,1.25892,0.457622,12.35,2200,5750,0,9.28205,15.75,5908.65,5.93806,32.81,6.016,6.016,0,0,0,10.92,19.74,3200,39,1.195,41.975,1.387,53,1.1,-1.5625
2026-09-07T08:42:05.399883+00:00,1.48081,605.806,108,22.7,77.3,0,5886,3.7544,54.5,7.68198,1370.32,17.19,24.26,241.951,1.562,4.63,1.39,43.75,56.25,0,5875.2,6.5551,54.4,13.1299,1853.18,26.56,36.93,875.74,9.375,16.95,1.38,9.468,88.89,1.637,5049,2.6159,46.75,6.37274,483.757,6.25,9.65,131.779,0,2.565,1.38,43.74,56.26,0,5875.2,5.9456,54.4,11.9001,868.064,14.06,17,1895.69,29.69,36.95,1.38,7.116,89.18,3.704,5049,2.3245,46.75,5.12789,360.075,4.688,7.152,119.948,1.538,2.338,1.38,10.64,89.17,0.1895,5875.2,2.6733,54.4,5.4257,546.467,6.25,11.04,143.878,0,2.828,1.38,5.886,94.11,0,5875.2,2.3057,54.4,3.93825,307.87,0,5.951,124.794,0,2.272,1.38,4.789,95.21,0,5875.2,2.2152,54.4,2.68863,224.779,0,4.21,144.593,3.125,2.657,1.38,18.875,24.427,33.878,18.7883,115.5,5.2438,58.439,58.587,9.6842,11.575,24.397,24,51.221,7.518,11.71,1.1425,0.453222,11.55,2200,5750,0,9.36538,15.75,5908.72,6.1496,29.69,5.844,5.844,0,0,0,10.38,19.78,3200,39.005,1.195,41.9649,1.389,53,1.1,-1.5625
2026-09-07T08:42:06.416416+00:00,1.1634,468.383,108,17.4,82.6,0,5902.2,3.327,54.65,6.65324,1037.98,15.87,18.1,188.555,4.762,3.607,1.395,34.08,65.92,0,5902.2,5.1603,54.65,10.0094,1608.67,33.33,31.39,508.293,9.524,9.833,1.395,6.948,85.79,7.267,5026.09,2.1791,46.5379,5.33233,357.126,7.937,6.983,77.5619,1.587,1.504,1.395,37.33,62.67,0,5902.2,5.1767,54.65,9.79317,613.817,11.11,11.89,1701.47,25.4,33.31,1.395,4.366,84.17,11.46,5026.09,1.833,46.5379,4.03301,213.727,3.175,4.194,76.7463,1.587,1.487,1.395,8.499,86.86,4.637,5026.09,2.3268,46.5379,4.42545,444.001,11.11,8.623,90.3912,3.175,1.754,1.395,4.49,95.51,0,5902.2,2.1086,54.65,3.32944,231.308,6.349,4.316,91.475,3.175,1.625,1.395,3.224,96.78,0,5902.2,1.9739,54.65,2.06601,144.813,3.175,2.66,108.206,1.587,1.898,1.395,23.625,19.482,27.066,17.4412,110.5,5.2432,51.614,51.606,9.6069,11.482,19.516,23.25,44.316,8.929,8.949,0.805771,0.305561,11.05,2200,5750,0,9.42949,16.25,5915.36,5.41516,33.33,5.161,5.161,0,0,0,8.305,18.36,3200,39,1.195,41.9398,1.391,53,1.1,-1.5625
2026-09-07T08:42:07.434919+00:00,1.17505,471.939,108,17.72,82.28,0,5907.6,3.2771,54.7,6.34211,1057.22,10.77,18.53,168.012,1.538,3.193,1.395,41.92,58.08,0,5902.2,5.3615,54.65,9.90059,2259.31,32.31,44.19,326.02,3.077,6.273,1.39,6.614,88.18,5.209,5026.09,2.2309,46.5379,5.11597,321.153,4.615,6.282,99.1127,3.077,1.931,1.39,32.1,67.9,0,5902.2,5.1319,54.65,9.87908,798.998,7.692,15.49,1197.2,12.31,23.2,1.39,3.906,84.97,11.13,5026.09,1.7981,46.5379,3.76199,184.974,3.077,3.619,80.845,0,1.558,1.395,8.178,89.27,2.556,5026.09,2.3468,46.5379,4.3185,410.346,4.615,7.982,109.113,1.538,2.121,1.395,4.245,95.75,0,5902.2,2.0831,54.65,3.04871,197.494,0,3.678,113.012,1.538,1.955,1.395,2.823,97.18,0,5902.2,1.9469,54.65,1.93558,126.85,1.538,2.311,101.367,0,1.8,1.395,22.25,19.646,27.3,17.2287,83.5,5.2363,51.777,51.714,9.5947,11.467,19.641,22.625,44.527,5.481,9.007,0.882068,0.341627,8.35,2200,5750,0,9.25,15.75,5917.77,5.22193,32.31,5.178,5.178,0,0,0,8.358,18.14,3200,38.9951,1.195,41.9407,1.391,53,1.1,-1.5625
2026-09-07T08:42:08.452540+00:00,2.00487,804.099,108,31.04,68.96,0,5896.8,4.841,54.6,10.0013,1842.82,28.12,32.58,310.603,4.688,5.95,1.39,63.52,36.48,0,5902.2,8.5416,54.65,17.6695,3023.24,48.44,59.28,915.29,14.06,17.82,1.39,11.95,85.37,2.671,5902.2,2.8211,54.65,7.21631,598.161,7.812,11.67,151.611,0,2.936,1.39,60.54,39.46,0,5902.2,8.3244,54.65,17.4534,2497.74,42.19,48.91,1282.8,17.19,24.69,1.39,7.022,86.8,6.181,5886,2.2664,54.5,5.30974,340.169,3.125,6.586,124.129,0,2.399,1.385,15.44,83.95,0.615,5886,3.2401,54.5,7.03206,823.487,9.375,15.7,159.446,1.562,3.078,1.385,6.696,93.3,0,5886,2.4399,54.5,4.20842,327.455,1.562,6.271,142.526,1.562,2.659,1.385,4.271,95.73,0,5886,2.1558,54.5,2.68863,207.279,0,3.758,118.821,0,2.19,1.385,26,27.794,38.543,23.6519,119,5.271,63.085,62.924,9.6187,11.496,27.778,25.75,55.837,11.23,15.41,1.05069,0.417412,11.9,2200,5750,0,9.5,16.25,5903.23,6.95641,48.44,6.309,6.309,0,0,0,11.82,24.9,3200,39,1.195,41.9399,1.388,53,1.1,-1.5625
2026-09-07T08:42:09.217778+00:00,1.50223,604.053,108,24.29,75.71,0,5902.2,4.0313,54.65,8.36176,1452.74,18.75,26.55,204.134,3.125,3.87,1.395,44.66,55.34,0,5902.2,5.8339,54.65,11.575,2146.02,32.81,42,648.738,12.5,12.62,1.39,10.38,84.39,5.235,5902.2,2.5914,54.65,6.50475,537.131,3.125,10.51,121.592,0,2.342,1.39,39.82,60.18,0,5902.2,6.025,54.65,12.1603,1148.65,12.5,22.35,1325.82,21.88,26.39,1.39,6.989,84.87,8.139,5030.69,2.2028,46.5805,5.01736,351.08,4.688,6.923,115.804,3.175,2.233,1.39,13.8,84.47,1.727,5030.69,2.9055,46.5805,5.91159,725.371,7.812,14.57,137.306,1.562,2.651,1.39,6.115,93.89,0,5907.6,2.2975,54.7,3.94605,305.246,3.125,5.794,129.91,0,2.343,1.39,4.164,95.84,0,5907.6,2.1146,54.7,2.55245,179.739,0,3.342,135.564,0,2.441,1.39,23.625,22.579,31.347,18.6517,89.5,5.2488,55.918,56.115,9.6086,11.485,22.612,24.875,48.605,7.816,11.68,1.16672,0.401661,8.95,2200,5750,0,9.35256,15.75,5910.02,6.11701,32.81,5.592,5.592,0,0,0,9.622,19.63,3200,38.995,1.195,41.97,1.39,53,1.1,-1.5625
2026-09-07T08:42:10.234609+00:00,1.40779,576.215,108,20.48,79.52,0,5875.2,3.5711,54.4,7.23632,1237.98,15.62,21.5,233.032,1.562,4.467,1.38,46,54,0,5891.4,5.8399,54.55,11.2405,2524.94,39.06,49.44,371.351,9.375,7.158,1.385,8.31,89.36,2.332,5016.9,2.4713,46.4527,5.90299,439.233,10.94,8.697,106.005,1.562,2.063,1.385,38.71,61.29,0,5016.9,6.2273,46.4527,12.4298,775.659,10.94,15.04,1645.82,23.44,32.27,1.385,5.959,89.49,4.553,5016.9,2.1876,46.4527,4.70896,303.162,3.125,5.99,105.277,0,2.051,1.385,11.18,88.41,0.4064,5016.9,2.7103,46.4527,5.35479,571.032,9.375,11.41,143.495,0,2.802,1.385,5.78,94.22,0,5891.4,2.2678,54.55,3.72189,291.293,4.688,5.615,131.663,0,2.347,1.385,4.366,95.63,0,5891.4,2.163,54.55,2.50427,202.503,4.688,3.8,136.99,1.562,2.495,1.385,19.5,22.626,31.4,18.3354,118.5,5.2593,55.951,56.018,9.6303,11.51,22.62,24.125,48.695,8.496,11.07,1.08283,0.424603,11.85,2200,5750,0,9.42949,16,5911.47,5.85467,39.06,5.595,5.595,0,0,0,9.625,19.3,3200,38.995,1.195,41.9799,1.39,53,1.1,-1.5625
2026-09-07T08:42:11.252806+00:00,1.4529,598.545,108,21.48,78.52,0,5891.4,3.6128,54.55,7.36142,1294.64,26.56,22.48,248.064,3.175,4.756,1.39,47.65,52.35,0,5869.8,6.26,54.35,12.2094,2631.95,45.31,51.54,367.604,4.762,7.101,1.38,8.307,89.15,2.539,5869.8,2.4914,54.35,6.01937,426.128,11.11,8.491,126.615,0,2.46,1.38,40.51,59.49,0,5869.8,6.1513,54.35,12.3359,968.96,15.62,18.81,1575.67,26.98,30.87,1.38,6.289,89.33,4.381,5875.2,2.225,54.4,4.8369,330.699,9.524,6.55,111.066,0,2.152,1.385,10.34,88.59,1.065,5875.2,2.6106,54.4,5.29628,545.926,9.375,10.93,137.906,0,2.681,1.385,6.02,93.98,0,5875.2,2.3213,54.4,3.89562,309.203,6.25,5.954,138.356,1.562,2.548,1.385,4.686,95.31,0,5875.2,2.1816,54.4,2.56879,219.73,1.587,4.082,144.203,1.562,2.654,1.385,22.625,22.897,31.765,18.6033,124.5,5.2415,56.27,56.093,9.6534,11.538,22.845,23.625,49.068,10.21,11.5,1.30679,0.47831,12.45,2200,5750,0,9.59615,16.5,5909.24,6.041,45.31,5.627,5.627,0,0,0,9.721,19.58,3200,39.005,1.195,41.9497,1.389,53,1.1,-1.5625
2026-09-07T08:42:12.272550+00:00,1.42606,587.428,108,21.35,78.65,0,5886,3.6342,54.5,7.43557,1289.79,15.62,22.74,234.08,4.688,4.502,1.385,47.06,52.94,0,5886,6.6728,54.5,12.8843,2486.96,40.62,48.74,470.303,9.231,9.138,1.395,9.517,88.37,2.114,5012.3,2.6159,46.4102,6.27729,501.906,3.125,9.941,117.298,3.125,2.286,1.395,36.83,63.17,0,5886,5.4508,54.5,10.9398,2027.47,23.44,39.67,297.254,3.125,5.763,1.395,6.291,89.39,4.315,5012.3,2.2113,46.4102,4.84297,322.209,4.688,6.377,118.022,1.562,2.291,1.395,10.75,88.69,0.5647,5012.3,2.6563,46.4102,5.19292,563.464,6.349,11.26,141.823,1.587,2.754,1.395,6.242,93.76,0,5886,2.3131,54.5,3.82914,324.288,3.125,6.264,137.801,1.562,2.5,1.395,4.573,95.43,0,5886,2.1825,54.5,2.48467,207.01,1.538,3.903,159.179,1.562,2.865,1.395,18.875,22.668,31.441,18.4779,113.5,5.2567,56.165,56.216,9.7365,11.637,22.7,23.25,48.86,7.81,11.31,1.08202,0.419684,11.35,2200,5750,0,9.25641,15.5,5909.48,5.95152,40.62,5.616,5.616,0,0,0,9.66,19.45,3200,39,1.195,41.9501,1.389,53,1.1,-1.5625
2026-09-07T08:42:13.291540+00:00,1.47716,603.819,108,22.18,77.82,0,5896.8,3.6998,54.6,7.42672,1332.41,17.19,23.18,262.89,1.538,5.076,1.395,46.72,53.28,0,5021.49,5.8532,46.4953,11.5221,2179.11,35.94,42.61,753.955,12.5,14.71,1.39,8.194,89.37,2.436,5021.49,2.4727,46.4953,5.91737,429.077,1.538,8.523,114.176,0,2.22,1.39,43.55,56.45,0,5021.49,6.7047,46.4953,13.3173,2187.44,34.38,42.74,514.694,4.615,10.02,1.39,6.1,89.24,4.662,5021.49,2.2069,46.4953,4.75798,308.303,0,6.085,109.334,0,2.112,1.39,10.97,88.35,0.6745,5021.49,2.7368,46.4953,5.65204,586.195,4.615,11.59,127.136,0,2.469,1.39,5.708,94.29,0,5021.49,2.3259,46.4953,3.81019,284.831,0,5.531,134.445,0,2.377,1.39,4.284,95.72,0,5896.8,2.169,54.6,2.61453,187.684,0,3.461,149.422,0,2.769,1.39,24.125,23.133,32.102,18.5635,112.5,5.2492,56.759,56.617,9.6924,11.585,23.149,23,49.461,7.019,11.59,1.24047,0.533302,11.25,2200,5750,0,9.57051,15.75,5910.61,5.9003,35.94,5.676,5.676,0,0,0,9.851,19.54,3200,39,1.195,41.9302,1.389,53,1.1,-1.5625
2026-09-07T08:42:14.308335+00:00,1.27307,515.467,108,20.19,79.81,0,5907.6,3.5331,54.7,7.1672,1203.97,18.75,21.22,198.545,0,3.797,1.39,41.75,58.25,0,5902.2,5.611,54.65,10.6693,2274.31,29.69,44.49,329.601,1.562,6.371,1.385,7.501,84.64,7.857,5902.2,2.2432,54.65,5.52383,381.625,7.812,7.512,97.825,0,1.907,1.385,35.87,64.13,0,5902.2,5.5559,54.65,10.7332,1815.2,28.12,35.43,417.357,7.812,8.128,1.385,4.934,83.68,11.39,5902.2,1.902,54.65,4.26514,256.589,3.125,5.06,80.6785,0,1.564,1.385,8.6,89.06,2.342,5902.2,2.3863,54.65,4.49839,438.902,7.812,8.66,116.934,3.125,2.278,1.385,4.996,95,0,5902.2,2.1755,54.65,3.50708,259.11,3.125,4.912,103.7,0,1.866,1.385,3.465,96.53,0,5902.2,2.0146,54.65,1.99628,145.803,1.562,2.688,127.324,0,2.263,1.385,20.75,21.24,29.488,18.025,112,5.2575,54.079,54.233,9.6549,11.539,21.239,22.875,46.811,7.031,9.884,1.02764,0.477163,11.2,2200,5750,0,9.39103,16,5914.12,5.67614,29.69,5.408,5.408,0,0,0,9.038,18.97,3200,39,1.195,41.9503,1.39,53,1.1,-1.5625
2026-09-07T08:42:15.329115+00:00,1.27781,519.685,108,21.13,78.87,0,5907.6,3.5702,54.7,6.9698,1257.98,19.05,20.11,319.314,4.762,6.1,1.39,42.2,57.8,0,5896.8,5.6585,54.6,10.5911,2361.32,30.16,46.23,257.326,6.349,4.9,1.385,6.354,87.23,6.413,5896.8,2.1323,54.6,5.1703,326.788,9.524,6.326,77.9205,0,1.503,1.385,35.78,64.22,0,5896.8,5.3636,54.6,10.253,1395.9,17.46,27.25,831.129,15.87,16.2,1.385,5.19,83.22,11.59,5021.49,1.8856,46.4953,4.04074,244.802,3.175,4.738,87.427,0,1.694,1.385,9.325,88.46,2.22,5896.8,2.4618,54.6,4.51447,482.841,9.524,9.384,97.8434,1.587,1.892,1.385,4.5,95.5,0,5896.8,2.1186,54.6,3.25888,231.923,6.349,4.257,90.1528,1.587,1.576,1.385,3.298,96.7,0,5896.8,1.9835,54.6,1.94683,141.339,3.175,2.58,110.952,1.587,1.981,1.385,19.375,21.355,29.657,17.5716,113,5.2433,54.164,54.156,9.6492,11.533,21.31,22.375,46.958,8.135,9.796,0.928227,0.623486,11.3,2200,5750,0,9.41026,16,5916.6,5.43579,30.16,5.416,5.416,0,0,0,9.068,18.5,3200,39,1.195,41.9584,1.39,53,1.1,-1.5625
2026-09-07T08:42:16.347827+00:00,1.23704,494.743,108,19.52,80.48,0,5907.6,3.5235,54.7,7.01197,1161.24,16.92,19.74,207.483,1.538,3.923,1.395,41.13,58.87,0,5907.6,5.8247,54.7,11.0431,2315.45,33.85,45.23,216.934,1.538,4.127,1.395,6.312,88.19,5.502,5030.69,2.178,46.5805,5.27221,315.759,6.154,6.121,81.0879,0,1.551,1.395,37.6,62.4,0,5907.6,5.6,54.7,10.8239,1458.22,20,28.43,846.961,12.31,16.53,1.395,3.339,84.56,12.1,5030.69,1.7305,46.5805,3.81244,162.757,0,3.14,66.7071,0,1.265,1.395,8.963,89.34,1.693,5030.69,2.4467,46.5805,4.54849,466.979,4.615,9,97.4473,0,1.783,1.395,4.14,95.86,0,5907.6,2.0893,54.7,3.19386,198.008,1.538,3.667,105.529,0,1.829,1.385,2.69,97.31,0,5907.6,1.9148,54.7,1.779,120.544,0,2.113,94.7852,0,1.658,1.385,21.25,21.498,29.836,17.6035,130.5,5.258,54.43,54.518,9.6246,11.503,21.538,22.125,47.123,6.154,9.381,0.810503,0.289129,13.05,2200,5750,0,9.37179,15.75,5915.25,5.54701,33.85,5.443,5.443,0,0,0,9.165,18.53,3200,38.9852,1.195,41.9655,1.39,53,1.1,-1.5625
2026-09-07T08:42:17.366433+00:00,1.86954,778.659,108,31.52,68.48,0,5896.8,4.7067,54.6,9.64823,1862.06,23.44,31.96,383.123,6.25,7.314,1.395,49.98,50.02,0,5891.4,6.603,54.55,13.0029,2527.88,28.12,49.26,753.711,14.06,14.66,1.385,13.46,81.54,4.994,5016.9,2.9246,46.4527,7.40584,685.687,15.62,13.32,180.913,0,3.534,1.385,48.89,51.11,0,5891.4,6.5833,54.55,13.339,2372.24,35.94,46.26,793.579,7.812,15.51,1.385,10.6,78.87,10.52,5016.9,2.487,46.4527,5.79071,558.928,9.375,10.89,147.209,1.562,2.866,1.385,18.02,81.14,0.8393,5891.4,3.3507,54.55,6.75862,889.19,12.5,17.3,254.984,3.125,5.056,1.385,9.269,90.73,0,5016.9,2.5967,46.4527,4.54121,461.495,4.688,8.827,170.097,1.562,3.153,1.385,5.216,94.78,0,5891.4,2.2089,54.55,2.76349,222.645,0,4.139,194.792,0,3.617,1.385,21.25,25.516,35.312,18.7018,88.5,5.2048,59.897,59.93,9.6031,11.479,25.527,22.875,52.515,10.25,14.85,2.31801,0.783522,8.85,2200,5750,0,9.45513,16.5,5905.33,6.29858,35.94,5.99,5.99,0,0,0,10.86,19.69,3200,38.99,1.195,41.969,1.388,53,1.1,-1.5625
2026-09-07T08:42:18.384188+00:00,1.25061,498.051,108,19.8,80.2,0,5902.2,3.5621,54.65,7.20569,1177.29,18.75,20.44,204.656,0,3.874,1.39,40.97,59.03,0,5907.6,5.269,54.7,10.3214,2186.03,37.5,43.05,326.901,3.125,6.326,1.4,5.995,87.59,6.415,5030.69,2.1429,46.5805,5.33346,299.139,1.562,5.819,77.3263,0,1.505,1.4,39.54,60.46,0,5907.6,6.2367,54.7,12.2017,1940.28,29.69,38.04,473.412,6.25,9.227,1.4,4.049,83.43,12.52,5030.69,1.7945,46.5805,4.03172,188.554,0,3.689,75.4815,0,1.471,1.4,8.597,90.04,1.363,5030.69,2.4502,46.5805,4.86317,441.509,6.25,8.57,102.799,0,2.003,1.4,3.414,96.59,0,5907.6,2.0151,54.7,3.16402,162.392,0,3.074,100.257,0,1.772,1.4,2.692,97.31,0,5907.6,1.9203,54.7,1.97747,110.498,0,1.985,102.29,0,1.786,1.4,19.75,20.778,28.848,17.9642,120.5,5.2507,53.385,53.323,9.6196,11.498,20.78,22.625,46.121,6.445,9.54,0.89613,0.476111,12.05,2200,5750,0,9.58974,16.5,5915.39,5.63142,37.5,5.338,5.338,0,0,0,8.843,18.91,3200,39,1.195,41.9547,1.39,53,1.1,-1.5625
2026-09-07T08:42:19.401596+00:00,1.23225,494.185,108,19.32,80.68,0,5896.8,3.4857,54.6,6.91939,1155.36,29.69,20.48,173.235,4.762,3.292,1.39,43.96,56.04,0,5896.8,5.8314,54.6,10.7279,2369.25,37.5,46.31,353.198,7.812,6.789,1.385,6.844,88.17,4.986,5021.49,2.2809,46.4953,5.4043,362.207,6.349,7.072,76.5415,1.587,1.488,1.385,33.42,66.58,0,5896.8,5.1742,54.6,9.87789,1824.37,34.92,35.58,240.182,1.562,4.549,1.385,4.107,86.03,9.864,5021.49,1.8801,46.4953,4.08828,207.349,6.349,4.048,69.7491,1.587,1.348,1.385,8.503,90.94,0.5554,5021.49,2.4511,46.4953,4.37248,435.572,9.524,8.514,105.195,1.587,2.045,1.385,4.182,95.82,0,5896.8,2.1041,54.6,3.26081,208.404,1.562,3.889,95.2298,1.587,1.629,1.385,2.891,97.11,0,5896.8,1.9766,54.6,1.87211,129.767,1.587,2.359,101.348,0,1.807,1.385,19.375,20.696,28.738,17.6669,76,5.2551,53.156,52.801,9.6263,11.505,20.608,22.375,46.024,9.248,9.45,0.831098,0.321089,7.6,2200,5750,0,9.32051,15.5,5915.99,5.52213,37.5,5.316,5.316,0,0,0,8.769,18.6,3200,39,1.195,41.9688,1.39,53,1.1,-1.5625
2026-09-07T08:42:20.420836+00:00,1.42037,564.861,108,23.08,76.92,0,5880.6,3.7546,54.45,7.40694,1377.39,23.44,24.42,175.1,7.692,3.32,1.375,51.02,48.98,0,5853.6,6.7672,54.2,12.7118,2822.76,37.5,55.07,317.061,6.349,6.017,1.375,8.378,88.46,3.164,5853.6,2.5031,54.2,5.84818,430.58,9.231,8.418,94.7052,3.125,1.846,1.375,36.04,63.96,0,5853.6,5.5153,54.2,10.8327,872.567,12.31,16.69,1359.6,28.57,26.37,1.375,4.97,90.03,5.003,5853.6,2.0863,54.2,4.39409,264.042,6.154,5.188,66.7601,3.125,1.295,1.375,10.76,89.24,0,5853.6,2.665,54.2,4.86003,557.251,10.77,10.76,119.901,1.562,2.334,1.375,4.527,95.47,0,5853.6,2.1506,54.2,3.37725,228.74,10.94,4.296,98.1472,3.077,1.744,1.375,3.255,96.75,0,5853.6,2.03,54.2,2.01272,142.665,3.077,2.588,110.517,3.077,1.989,1.375,24.625,22.117,30.66,18.6959,86.5,5.2508,55.164,55.368,9.5741,11.443,22.135,23.25,47.879,10.62,10.77,0.967306,0.376225,8.65,2200,5750,0,9.39744,16.25,5912.09,5.70484,37.5,5.516,5.516,0,0,0,9.419,19.68,3200,39,1.195,41.9711,1.388,53,1.1,-1.5625
2026-09-07T08:42:21.439827+00:00,1.99411,793,108,33.32,66.68,0,5853.6,4.6725,54.2,9.91164,1975.48,26.56,32.4,413.395,4.688,7.712,1.365,66.42,33.58,0,5842.8,9.5209,54.1,20.3048,3674.22,60.94,71.89,408.602,4.615,7.813,1.37,8.896,90.94,0.1621,5842.8,2.5423,54.1,6.86927,476.409,7.812,9.154,85.533,0,1.66,1.37,61.9,38.1,0,5842.8,8.6461,54.1,18.6776,1993.25,37.5,38.92,1747.97,26.15,33.96,1.37,6.285,92.05,1.667,5021.16,2.2189,46.4922,5.23679,334.079,4.762,6.477,74.0817,0,1.439,1.37,14.27,85.73,0,5842.8,2.9504,54.1,6.77293,745.042,9.375,14.21,141.77,0,2.743,1.37,4.699,95.3,0,5842.8,2.1321,54.1,3.86167,242.641,3.125,4.569,96.5645,0,1.709,1.37,3.617,96.38,0,5842.8,2.0215,54.1,2.48467,146.423,0,2.686,132.542,0,2.37,1.37,22.25,27.312,37.585,23.5623,113.5,5.2693,62.189,62.121,9.6423,11.524,27.317,25.875,54.905,11.6,14.98,1.25187,0.476992,11.35,2200,5750,0,9.4359,16.25,5886.29,7.39606,60.94,6.219,6.219,0,0,0,11.62,24.8,3200,39,1.195,41.9651,1.377,53,1.1,-1.5625
2026-09-07T08:42:22.207626+00:00,1.89137,749.161,108,30.56,69.44,0,5869.8,4.2497,54.35,9.02938,1813.7,14.06,30.69,344.61,6.25,6.388,1.38,61.76,38.24,0,5848.2,9.2351,54.15,19.8461,3510.36,53.12,68.62,230.733,1.562,4.396,1.375,8.166,89.52,2.315,5848.2,2.3734,54.15,6.5,404.525,4.688,7.928,104.078,0,2.015,1.375,62.75,37.25,0,5848.2,8.9895,54.15,19.2705,1921.62,32.81,37.47,1918.77,32.81,37.51,1.375,4.927,88.95,6.126,5025.8,1.9597,46.5352,4.83188,253.647,6.154,4.968,73.8758,0,1.428,1.375,12.8,87.2,0,5848.2,2.8452,54.15,6.69675,684.367,7.812,13.27,121.072,0,2.344,1.375,4.698,95.3,0,5848.2,2.1322,54.15,3.82825,233.268,3.125,4.463,104.556,0,1.914,1.375,3.48,96.52,0,5848.2,1.9894,54.15,2.44063,143.173,0,2.609,124.204,1.562,2.187,1.375,19.75,27.122,37.358,23.2796,100.5,5.2624,61.905,61.98,9.6308,11.511,27.114,26.75,54.657,10.25,14.26,1.11007,0.427843,10.05,2200,5750,0,9.42308,15.75,5888.74,7.36463,53.12,6.19,6.19,0,0,0,11.54,24.5,3200,39,1.195,41.985,1.378,53,1.1,-1.5625
2026-09-07T08:42:23.226883+00:00,1.90897,755.719,108,31.41,68.59,0,5875.2,4.4468,54.4,9.54957,1864.87,29.69,31.95,320.265,7.812,5.928,1.38,66.1,33.9,0,5886,9.1364,54.5,19.1934,3740.48,64.06,73.17,298.333,4.688,5.692,1.385,9.655,89.68,0.6624,5012.3,2.6301,46.4102,7.02108,502.94,11.11,9.752,98.0619,1.587,1.915,1.385,56.85,43.15,0,5886,8.4488,54.5,18.149,1746.91,25,34.01,1725.1,23.81,33.58,1.385,5.584,92.37,2.045,5012.3,2.1659,46.4102,5.23205,273.179,6.349,5.333,95.178,0,1.85,1.385,13.08,86.59,0.327,5886,2.8832,54.5,6.49699,702.863,14.06,13.48,114.674,0,2.214,1.385,4.872,95.13,0,5886,2.1589,54.5,3.93988,240.956,4.688,4.547,107,0,1.86,1.385,3.344,96.66,0,5886,2.0182,54.5,2.31903,140.42,3.125,2.569,120.269,0,2.178,1.385,21.25,26.808,36.945,22.6485,119.5,5.2753,61.58,61.646,9.6436,11.527,26.833,27,54.274,12.25,14.38,1.22229,0.459381,11.95,2200,5750,0,9.51282,16,5891.25,7.39257,64.06,6.158,6.158,0,0,0,11.42,23.84,3200,39,1.195,41.9699,1.379,53,1.1,-1.5625
2026-09-07T08:42:24.245309+00:00,1.34933,539.953,108,21.53,78.47,0,5896.8,3.6795,54.6,7.50187,1285.88,21.88,22.73,190.492,4.688,3.601,1.395,40.08,59.92,0,5896.8,5.9189,54.6,11.6004,1716.04,29.69,33.43,765.821,12.5,14.82,1.385,7.75,90.59,1.657,5021.49,2.4382,46.4953,5.89546,407.323,7.692,7.965,90.4249,6.25,1.762,1.385,43.03,56.97,0,5896.8,5.8611,54.6,11.3865,1021.73,12.5,19.84,1625.31,21.54,31.7,1.385,5.327,87.68,6.993,5021.49,2.0368,46.4953,4.49813,265.296,3.125,5.196,84.1774,1.562,1.631,1.385,9.343,90.39,0.269,5021.49,2.5314,46.4953,4.83533,485.833,7.812,9.435,112.622,3.125,2.186,1.385,4.348,95.65,0,5896.8,2.1249,54.6,3.48154,226.686,6.25,4.3,92.918,1.562,1.628,1.385,3.525,96.47,0,5896.8,2.0537,54.6,2.15469,144.836,1.562,2.645,123.86,4.688,2.148,1.385,20.75,21.485,29.809,18.3675,96,5.2497,54.335,54.383,9.5943,11.468,21.506,25.875,47.051,9.151,10.31,0.898813,0.332609,9.6,2200,5750,0,9.51282,16.25,5913,5.87463,29.69,5.433,5.433,0,0,0,9.152,19.33,3200,39,1.195,41.995,1.389,53,1.1,-1.5625
2026-09-07T08:42:25.263817+00:00,1.23052,496.866,108,19.3,80.7,0,5896.8,3.5005,54.6,7.03432,1151.62,14.06,20.02,202.835,3.175,3.884,1.39,36.72,63.28,0,5896.8,5.4629,54.6,10.4012,2038.71,28.12,39.78,239.479,0,4.505,1.39,6.977,89.11,3.91,5021.49,2.2727,46.4953,5.43512,348.763,3.175,6.845,98.0294,0,1.917,1.39,39,61,0,5896.8,5.3143,54.6,10.0192,776.652,4.762,15.05,1643.93,23.44,32.12,1.39,4.659,85.54,9.797,5021.49,1.9123,46.4953,4.16521,219.802,1.562,4.316,93.4162,0,1.816,1.39,9.035,90,0.9632,5896.8,2.5281,54.6,4.63076,458.963,7.937,8.99,117.978,0,2.303,1.39,4.138,95.86,0,5896.8,2.0933,54.6,3.26854,214.206,0,4.035,92.6302,1.562,1.643,1.39,3.227,96.77,0,5896.8,1.9993,54.6,1.98798,145.444,1.587,2.579,107.402,0,1.938,1.39,20.75,20.728,28.782,17.5738,80,5.2668,53.355,53.201,9.6543,11.539,20.719,24.75,46.115,5.587,9.484,0.830924,0.324421,8,2200,5750,0,9.44872,16,5916.14,5.47232,28.12,5.336,5.336,0,0,0,8.817,18.5,3200,39,1.195,41.99,1.39,53,1.1,-1.5625
2026-09-07T08:42:26.282382+00:00,1.21719,488.757,108,19.07,80.93,0,5902.2,3.388,54.65,6.6364,1136.83,6.349,19.58,196.901,4.688,3.748,1.395,46.75,53.25,0,5891.4,5.9896,54.55,11.1171,2656.82,47.62,51.99,236.849,0,4.529,1.385,5.995,86.86,7.149,5891.4,2.0913,54.55,5.01353,306.294,1.562,5.983,72.1511,0,1.393,1.385,30.98,69.02,0,5891.4,5.3507,54.55,10.3944,1672.48,23.44,32.63,247.824,0,4.763,1.385,3.881,83.86,12.26,5891.4,1.7675,54.55,3.76503,183.382,1.562,3.58,77.7476,0,1.503,1.385,8.044,89.9,2.055,5891.4,2.3124,54.55,4.16182,430.585,3.125,8.372,77.5485,0,1.508,1.385,4.188,95.81,0,5891.4,2.069,54.55,3.07027,208.324,3.175,3.871,94.0707,0,1.675,1.385,2.803,97.2,0,5891.4,1.9141,54.55,1.67786,127.711,0,2.299,94.6032,0,1.668,1.385,22.25,21.22,29.446,17.9792,115,5.2509,53.952,53.895,9.6355,11.517,21.19,24.125,46.739,5.72,9.318,0.909768,0.331843,11.5,2200,5750,0,9.39744,15.75,5915.44,5.42122,47.62,5.395,5.395,0,0,0,9.017,18.93,3200,38.995,1.195,41.9699,1.389,53,1.1,-1.5625
2026-09-07T08:42:27.301468+00:00,1.14676,459.521,108,18.55,81.45,0,5907.6,3.3815,54.7,6.53344,1106.98,16.92,19.57,167.85,4.615,3.19,1.395,39.36,60.64,0,5907.6,5.4565,54.7,9.95459,2093.09,30.77,40.83,344.477,6.154,6.614,1.395,5.816,87.32,6.867,5907.6,2.1132,54.7,4.95237,292.187,7.692,5.702,77.9927,1.538,1.512,1.395,31.8,68.2,0,5907.6,4.907,54.7,9.25876,1214.85,20,23.61,742.922,10.77,14.44,1.395,3.651,84.25,12.1,5907.6,1.7445,54.7,3.6888,175.77,6.154,3.443,70.3666,1.538,1.361,1.395,8.844,89.55,1.601,5907.6,2.4565,54.7,4.2521,465.081,6.154,9.098,94.0028,4.615,1.825,1.395,3.802,96.2,0,5907.6,2.0228,54.7,2.93312,168.029,3.077,3.156,113.182,1.538,1.951,1.395,2.848,97.15,0,5907.6,1.9309,54.7,1.72051,128.498,4.615,2.328,97.0579,1.538,1.71,1.395,15.5,20.5,28.485,17.0927,81,5.2641,53.116,53.273,9.6417,11.523,20.552,23.125,45.798,7.981,8.771,0.728177,0.286265,8.1,2200,5750,0,9.15385,15.75,5919.16,5.2252,30.77,5.312,5.312,0,0,0,8.745,17.99,3200,38.9951,1.195,41.9605,1.391,53,1.1,-1.5625
2026-09-07T08:42:28.319144+00:00,1.22807,494.668,108,19.09,80.91,0,5902.2,3.4094,54.65,6.58388,1141.35,17.19,19.55,198.623,3.125,3.777,1.39,40.56,59.44,0,5902.2,5.578,54.65,10.0335,1550.04,23.44,30.28,965.418,14.06,18.81,1.39,7.172,88.43,4.4,5026.09,2.3211,46.5379,5.2678,374.864,4.688,7.352,80.2499,1.562,1.563,1.39,34.59,65.41,0,5902.2,4.8773,54.65,9.04802,1135.52,15.62,22.07,1009.5,12.5,19.69,1.39,4.514,84.98,10.51,5026.09,1.8493,46.5379,3.88904,218.489,1.562,4.285,82.0306,0,1.593,1.39,9.539,89.46,1.005,5902.2,2.5186,54.65,4.22229,512.951,6.25,10.03,87.7765,0,1.707,1.39,4.154,95.85,0,5902.2,2.0683,54.65,3.02758,212.377,1.562,4.036,95.4459,0,1.683,1.39,3.196,96.8,0,5902.2,1.9672,54.65,1.62437,133.034,0,2.411,117.016,0,2.054,1.39,17.875,23.69,32.896,17.1718,80,5.2512,57.457,57.297,9.6783,11.567,23.66,22.5,50.24,6.348,9.43,0.982821,0.35477,8,2200,5750,0,9.53205,16.75,5918.21,5.22818,23.44,5.746,5.746,0,0,0,10.07,18.08,3200,38.995,1.195,41.9689,1.39,53,1.1,-1.5625
2026-09-07T08:42:29.339048+00:00,2.36117,957.632,108,38.13,61.87,0,5902.2,5.3908,54.65,11.3861,2258.7,28.12,39.96,370.951,4.688,7.061,1.39,68.01,31.99,0,5891.4,8.2979,54.55,16.9801,2250.64,39.06,43.83,2037.66,35.94,39.61,1.39,18.14,81.43,0.4351,5891.4,3.5712,54.55,8.98956,973.645,15.62,18.81,178.951,1.562,3.487,1.39,61.15,38.85,0,5891.4,7.8974,54.55,16.6683,2257.83,42.19,43.96,1620.6,20.31,31.39,1.39,10.88,87.02,2.102,5891.4,2.8359,54.55,6.73981,584.102,6.25,11.27,134.142,0,2.604,1.39,24.37,75.63,0,5891.4,4.1015,54.55,8.59457,1291.8,18.75,24.96,248.994,3.125,4.845,1.39,9.687,90.31,0,5891.4,2.8038,54.55,5.21831,493.97,4.688,9.48,182.49,6.25,3.418,1.39,5.766,94.23,0,5891.4,2.4237,54.55,3.3589,242.703,1.562,4.488,194.931,3.125,3.628,1.39,22.25,33.254,46.04,21.8563,94.5,5.2892,70.853,70.793,9.7623,11.668,33.24,24.625,63.527,14.45,18.3,1.97209,0.734247,9.45,2200,5750,0,9.42949,15.75,5897.38,7.3838,42.19,7.085,7.085,0,0,0,14.14,23.01,3200,39,1.195,41.9598,1.386,53,1.1,-1.5625
2026-09-07T08:42:30.357045+00:00,1.49539,608.796,108,22.35,77.65,0,5880.6,3.7326,54.45,7.77288,1331.96,21.88,22.23,291.312,0,5.523,1.38,46.81,53.19,0,5902.2,6.491,54.65,12.9558,2364.56,40.62,46.2,535.67,7.812,10.36,1.39,8.472,89.5,2.028,5026.09,2.5393,46.5379,6.31038,433.581,9.375,8.49,115.791,1.587,2.256,1.39,45.75,54.25,0,5902.2,6.4496,54.65,12.9823,2479.33,45.31,48.5,359.171,1.562,6.86,1.39,5.935,87.45,6.611,5026.09,2.1294,46.5379,4.84925,294.462,6.349,5.775,114.667,0,2.234,1.39,11.4,88.33,0.2643,5026.09,2.831,46.5379,5.63488,598.445,10.94,11.67,142.464,0,2.781,1.39,5.135,94.86,0,5902.2,2.1889,54.65,3.73688,258.547,3.125,4.892,123.407,0,2.183,1.39,3.686,96.31,0,5902.2,2.0565,54.65,2.20738,162.032,0,2.965,135.342,1.562,2.475,1.395,18.375,25.81,35.777,19.7732,91.5,5.2511,60.47,60.563,9.692,11.584,25.848,24.375,53.137,9.383,11.59,1.26071,0.495894,9.15,2200,5750,0,9.64103,16.5,5908.02,6.25925,45.31,6.047,6.047,0,0,0,11,20.81,3200,39,1.195,41.964,1.388,53,1.1,-1.5
2026-09-07T08:42:31.375844+00:00,1.16804,472.233,108,18.8,81.2,0,5907.6,3.4456,54.7,6.75929,1119.44,15.62,19.77,154.942,6.154,2.934,1.395,40.58,59.42,0,5907.6,5.4567,54.7,9.79968,1405.78,28.12,27.33,1101.77,17.19,21.41,1.39,6.132,87.27,6.6,5907.6,2.1982,54.7,5.21618,310.375,6.25,6.025,92.2648,1.538,1.799,1.39,31.02,68.98,0,5902.2,4.5941,54.65,8.48935,1082.8,15.62,20.73,879.708,21.88,17,1.385,3.956,84.71,11.33,5902.2,1.8284,54.65,3.91266,194.894,6.154,3.773,78.5586,1.538,1.523,1.385,9.45,89.17,1.379,5902.2,2.5842,54.65,4.37227,507.195,15.62,9.715,99.0508,1.538,1.929,1.385,3.803,96.2,0,5902.2,2.0631,54.65,3.15002,201.341,7.812,3.737,84.3728,4.688,1.469,1.385,3.056,96.94,0,5902.2,1.9604,54.65,1.77032,135.683,1.562,2.342,107.543,1.562,1.88,1.385,17.875,24.557,34.096,17.0086,108.5,5.2721,58.672,58.619,9.6843,11.575,24.524,23.5,51.47,9.554,8.96,0.712913,0.269913,10.85,2200,5750,0,9.36538,16.5,5918.15,5.30129,28.12,5.867,5.867,0,0,0,10.44,17.9,3200,39,1.195,41.9554,1.39,53,1.1,-1.5625
2026-09-07T08:42:32.394435+00:00,1.428,570.031,108,21.78,78.22,0,5864.4,3.6782,54.3,7.22648,1294.9,20.31,22.4,201.564,3.125,3.787,1.395,44.94,55.06,0,5869.8,5.7612,54.35,10.6743,1303.41,17.19,25.25,1461.12,20.31,28.45,1.39,6.291,88.72,4.988,5869.8,2.2042,54.35,5.30343,312.182,1.562,6.04,94.9141,1.562,1.849,1.39,38.19,61.81,0,5869.8,5.6454,54.35,10.6742,1489.81,18.75,28.77,880.605,15.62,16.97,1.39,4.021,86.79,9.191,5869.8,1.8847,54.35,4.08208,203.204,7.812,3.942,67.5965,1.562,1.302,1.39,9.093,90.2,0.7068,5869.8,2.5387,54.35,4.7734,449.317,7.812,8.564,130.074,1.562,2.525,1.39,3.764,96.24,0,5869.8,2.0662,54.35,3.22673,180.691,4.688,3.343,100.102,1.562,1.752,1.39,14.72,85.28,0,5869.8,2.9794,54.35,3.48774,122.099,0,2.208,828.895,15.62,15.63,1.39,22.25,28.723,39.854,17.6195,120,5.1969,64.25,64.213,9.5548,11.42,28.729,23,56.991,8.691,10.8,0.828373,0.298243,12,2200,5750,0,9.38462,16.25,5912.89,5.57783,20.31,6.425,6.425,0,0,0,12.23,18.55,3200,39,1.195,41.979,1.389,53,1.1,-1.5625
2026-09-07T08:42:33.413607+00:00,2.25245,870.777,108,20.27,79.73,0,5869.8,3.6067,54.35,7.3166,1198.36,18.75,20.39,240.126,3.175,4.567,1.385,51.29,48.71,0,5864.4,6.3715,54.3,11.9005,2608.54,40.62,50.85,536.965,7.937,10.37,1.395,6.774,85.95,7.272,5039.72,2.1584,46.6641,5.62096,312.495,1.587,6.105,112.12,1.587,2.196,1.395,32.82,67.18,0,5864.4,4.9089,54.3,10.2064,1211.17,14.06,23.82,808.7,7.937,15.71,1.395,5.164,83.36,11.48,5039.72,1.8989,46.6641,4.59839,205.573,4.762,4.043,127.511,1.587,2.499,1.395,9.37,87.41,3.225,5039.72,2.5009,46.6641,7.14241,446.732,6.349,8.676,142.636,4.762,2.805,1.395,4.742,95.26,0,5864.4,2.1498,54.3,3.84763,190.778,3.125,3.688,152.876,0,2.927,1.395,94.81,5.19,0,5864.4,9.6091,54.3,16.1423,768.202,10.94,14.93,4869.65,73.44,95.44,1.395,18.875,28.189,39.141,18.097,77,5.1972,63.575,63.686,9.5404,11.403,28.18,22.625,56.261,12.54,16.81,1.70568,0.369043,7.7,2200,5750,0,9.35256,16.25,5880.68,6.0227,73.44,6.357,6.357,0,0,0,11.99,19.05,3200,39,1.195,41.9697,1.389,53,1.1,-1.5
2026-09-07T08:42:34.432151+00:00,2.17766,852.163,108,20.4,79.6,0,5869.8,3.5756,54.35,7.30561,1207.63,17.19,19.69,274.507,7.812,5.273,1.385,38.4,61.6,0,5859,5.3421,54.25,10.103,1832.85,29.69,35.52,606.391,14.06,11.66,1.39,6.785,86.96,6.253,5035.08,2.2243,46.6211,5.83392,306.583,7.812,5.953,126.994,3.125,2.473,1.39,36.99,63.01,0,5859,5.4279,54.25,10.9617,849.372,17.46,16.39,1430.36,17.19,27.82,1.39,4.228,82.35,13.42,5035.08,1.7787,46.6211,4.61836,187.187,6.25,3.642,97.3611,3.125,1.889,1.39,9.035,89.84,1.129,5035.08,2.5436,46.6211,7.36085,446.845,10.94,8.597,136.559,3.125,2.664,1.39,4.469,95.53,0,5035.08,2.1762,46.6211,4.0367,202.221,6.349,3.887,132.395,1.587,2.497,1.39,97.45,2.55,0,5859,9.8374,54.25,16.6324,1117.32,17.46,21.79,4680.03,81.25,91.64,1.39,19.375,28.244,39.217,18.0635,72.5,5.2524,63.761,63.713,9.622,11.501,28.235,22.25,56.496,15.28,16.34,1.11744,0.278442,7.25,2200,5750,0,9.66026,16,5881.16,5.99887,81.25,6.376,6.376,0,0,0,12.01,19.01,3200,39,1.195,41.9439,1.39,53,1.1,-1.5
2026-09-07T08:42:35.449378+00:00,2.06666,809.538,108,19.19,80.81,0,5891.4,3.4787,54.55,6.94317,1136,18.75,18.3,277.711,4.615,5.305,1.39,37.31,62.69,0,5864.4,4.9229,54.3,8.74651,832.43,14.06,15.88,1524.42,30.77,29.64,1.39,6.559,85.48,7.957,5039.72,2.133,46.6641,5.40304,314.843,6.25,6.115,112.164,1.562,2.193,1.39,30.9,69.1,0,5864.4,4.5618,54.3,8.9666,668.274,15.38,12.83,1238.52,12.31,23.99,1.39,4.286,78.25,17.47,5039.72,1.7079,46.6641,4.31294,199.418,6.25,3.868,86.9862,1.562,1.68,1.39,9.45,87.97,2.584,5039.72,2.5511,46.6641,7.11727,454.105,10.77,8.743,149.486,4.688,2.925,1.39,4.554,95.45,0,5039.72,2.1594,46.6641,3.79437,220.113,7.692,4.241,116.312,6.154,2.169,1.39,94.42,5.582,0,5864.4,9.6422,54.3,16.256,3613.1,60,70.71,2008.73,32.81,39.3,1.39,17.875,27.769,38.591,17.1871,71,5.2561,63.251,63.202,9.6775,11.567,27.791,21.625,55.939,14.6,15.49,1.08025,0.272059,7.1,2200,5750,0,9.33333,16.25,5882.88,5.5744,60,6.325,6.325,0,0,0,11.83,18.09,3200,39,1.195,41.9551,1.391,53,1.1,-1.5625
2026-09-07T08:42:36.209836+00:00,1.9861,784.602,108,22.51,77.49,0,5891.4,3.7522,54.55,7.52226,1334.47,15.62,21.38,321.686,6.25,6.071,1.395,49.53,50.47,0,5864.4,5.7399,54.3,10.2576,1555.96,26.56,30.26,1508.72,23.44,29.37,1.395,6.594,87.71,5.694,5039.72,2.2317,46.6641,5.68221,333.702,7.692,6.481,97.1758,1.538,1.898,1.395,33.7,66.3,0,5864.4,5.1049,54.3,10.1046,1129.82,20.31,21.74,969.048,14.06,18.47,1.395,4.566,81.05,14.38,5039.72,1.8421,46.6641,4.51045,216.022,1.538,4.208,95.1738,1.538,1.849,1.395,10.75,88.66,0.5878,5864.4,2.7588,54.3,6.80075,515.832,10.94,9.937,172.672,3.077,3.368,1.395,4.316,95.68,0,5864.4,2.1738,54.3,3.81605,199.992,3.125,3.824,120.541,3.125,2.252,1.395,66.64,33.36,0,5864.4,7.3507,54.3,12.0277,3592.14,56.25,70.29,390.687,6.25,7.548,1.395,20.75,26.953,37.46,17.3274,76,5.2016,61.911,61.864,9.5672,11.435,26.973,21.375,54.617,12.58,14.93,0.95149,0.304732,7.6,2200,5750,0,9.55128,15.75,5893.03,5.82202,56.25,6.191,6.191,0,0,0,11.48,18.24,3200,39,1.195,41.9343,1.391,53,1.1,-1.5
2026-09-07T08:42:37.228676+00:00,1.29588,519.634,108,21.29,78.71,0,5886,3.6691,54.5,7.07728,1271.19,23.44,22.21,183.911,4.688,3.491,1.385,46.61,53.39,0,5810.4,5.7306,53.8,10.1624,2338.8,32.81,45.71,541.216,9.375,10.39,1.35,6.852,86.25,6.896,5810.4,2.2408,53.8,5.37112,355.077,6.25,6.942,83.1182,1.562,1.612,1.35,30.21,69.79,0,5810.4,4.8973,53.8,9.31726,906.964,15.62,17.45,985.218,10.94,19.04,1.35,5.166,83.39,11.44,5038.71,1.9546,46.6547,4.21455,251.298,4.688,4.911,87.0674,3.125,1.693,1.35,10.33,88.32,1.359,5810.4,2.6601,53.8,4.811,539.83,9.375,10.51,118.054,1.562,2.304,1.35,4.809,95.19,0,5810.4,2.2333,53.8,3.499,228.63,4.688,4.34,115.267,6.25,2.074,1.35,4.318,95.68,0,5810.4,2.1505,53.8,2.37074,196.024,4.688,3.652,112.479,4.688,1.972,1.35,26,20.957,29.12,17.0356,110.5,5.2332,53.567,53.688,9.5827,11.453,20.944,21.5,46.329,8.984,9.893,0.839613,0.339522,11.05,2200,5750,0,9.72436,16.5,5915.4,5.3497,32.81,5.357,5.357,0,0,0,8.912,17.93,3200,39,1.195,41.9649,1.392,53,1.1,-1.5
2026-09-07T08:42:38.245253+00:00,1.75736,768.84,108,26.09,73.91,0,5902.2,4.04,54.65,8.36531,1545.46,22.22,26.95,413.651,4.762,7.924,1.385,47.19,52.81,0,5896.8,6.4224,54.6,13.07,1847.97,33.33,36.06,1296.51,19.05,25.17,1.385,12.86,83.53,3.615,5896.8,2.8116,54.6,6.97407,669.004,11.11,13.12,228.433,0,4.434,1.385,46.37,53.63,0,5896.8,6.5405,54.6,13.5059,894.929,14.29,17.31,2234.66,33.33,43.67,1.385,10.8,80.67,8.523,5896.8,2.4217,54.6,5.5433,567.544,9.524,11.12,191.843,0,3.728,1.385,15.17,84.83,0.002165,5896.8,3.0803,54.6,6.47835,788.41,12.7,15.42,324.697,4.762,6.338,1.385,9.835,90.16,0,5896.8,2.6007,54.6,4.50705,490.468,6.349,9.501,225.591,3.175,4.174,1.385,7.422,92.58,0,5896.8,2.3509,54.6,3.09957,289.238,4.762,5.424,293.026,3.175,5.482,1.385,21.75,24.621,33.884,19.6331,112,5.2717,58.632,58.632,9.7241,11.622,24.613,22.75,51.305,11.41,14.74,2.10194,0.620748,11.2,2200,5750,0,9.42949,16,5898.1,6.20569,33.33,5.863,5.863,0,0,0,10.47,20.67,3200,39.005,1.195,41.9849,1.383,53,1.1,-1.5625
2026-09-07T08:42:39.263559+00:00,1.37595,553.847,108,22.5,77.5,0,5902.2,3.7409,54.65,7.5185,1340.18,17.19,22.87,230.263,3.125,4.353,1.39,47.6,52.4,0,5896.8,6.1326,54.6,11.6444,1539.56,23.44,29.93,1414.68,20.31,27.48,1.39,7.228,89.79,2.978,5896.8,2.4117,54.6,5.82125,374.787,6.25,7.285,92.8618,0,1.807,1.39,37.39,62.61,0,5896.8,5.5585,54.6,10.8839,689.954,14.06,13.18,1615.03,18.75,31.4,1.39,4.784,87.8,7.416,5896.8,2.028,54.6,4.5045,235.098,3.125,4.606,86.3391,1.562,1.675,1.39,10.2,88.98,0.8228,5896.8,2.6434,54.6,4.96025,538.837,7.812,10.41,109.898,0,2.145,1.39,4.634,95.37,0,5896.8,2.2274,54.6,3.67263,243.186,1.562,4.589,91.9847,0,1.61,1.39,3.261,96.74,0,5896.8,2.0673,54.6,2.18363,139.976,1.562,2.56,118.923,0,2.116,1.39,21.25,21.481,29.81,17.9894,122.5,5.1913,54.199,54.112,9.5498,11.414,21.491,22.625,46.934,7.422,10.5,0.833086,0.341532,12.25,2200,5750,0,9.39744,16,5912.02,5.81063,23.44,5.42,5.42,0,0,0,9.145,18.94,3200,39,1.195,42,1.389,53,1.1,-1.5
2026-09-07T08:42:40.283618+00:00,1.5014,595.501,108,21.34,78.66,0,5891.4,3.491,54.55,7.17216,1269.73,20,22.67,178.384,4.615,3.381,1.385,53.24,46.76,0,5880.6,7.5633,54.45,15.4138,2786.05,43.08,54.58,462.715,12.31,8.87,1.39,6.73,90.87,2.398,5880.6,2.2452,54.45,5.58396,330.999,7.692,6.448,99.3339,1.538,1.933,1.39,47.49,52.51,0,5880.6,6.505,54.45,13.371,1402.59,30.77,27.34,1522.9,23.08,29.62,1.39,4.334,90.49,5.179,5886,1.9569,54.5,4.33109,208.314,4.615,4.074,87.8329,0,1.706,1.38,9.525,89.61,0.863,5886,2.5156,54.5,5.11876,479.426,9.231,9.33,123.642,1.538,2.408,1.38,4.344,95.66,0,5886,2.0739,54.5,3.40394,199.414,3.077,3.745,125.099,3.077,2.231,1.38,3.136,96.86,0,5886,1.9535,54.5,2.06574,136.743,3.077,2.5,114.831,1.538,2.107,1.38,23.625,23.498,32.473,20.9749,120.5,5.1908,56.822,56.991,9.5062,11.363,23.502,24.375,49.546,10.58,11.43,1.03712,0.364432,12.05,2200,5750,0,9.42949,16.5,5902.03,6.25823,43.08,5.682,5.682,0,0,0,10,22.08,3200,39,1.195,41.979,1.383,53,1.1,-1.5
2026-09-07T08:42:41.301617+00:00,1.55204,615.779,108,21.4,78.6,0,5902.2,3.5286,54.65,7.37662,1273.72,17.19,21.93,218.689,1.562,4.177,1.39,61.86,38.14,0,5902.2,8.1722,54.65,16.5735,2322.59,34.38,45.44,1462.75,21.88,28.53,1.4,7.553,91.49,0.9556,5026.09,2.4034,46.5379,6.00299,393.858,7.812,7.659,82.6446,1.562,1.608,1.4,42.46,57.54,0,5902.2,6.385,54.65,13.5726,655.248,9.375,12.6,1939.53,28.12,38,1.4,4.862,91.6,3.54,5026.09,2.0585,46.5379,4.62326,234.323,4.688,4.558,89.6583,4.688,1.739,1.4,9.725,90.28,0,5026.09,2.5391,46.5379,5.20642,524.997,4.688,10.17,90.3035,1.562,1.751,1.4,4.299,95.7,0,5902.2,2.0681,54.65,3.48805,207.668,1.562,3.925,111.356,1.562,1.96,1.4,3.043,96.96,0,5902.2,1.9471,54.65,2.04694,133.815,1.562,2.431,111.305,1.562,2.032,1.4,20.75,24.072,33.256,21.6198,107.5,5.2447,57.773,57.698,9.5984,11.472,24.083,25.375,50.497,8.984,11.78,0.952416,0.339907,10.75,2200,5750,0,9.42308,16,5901.12,6.5188,34.38,5.777,5.777,0,0,0,10.25,22.76,3200,39,1.195,41.9701,1.383,53,1.1,-1.5
2026-09-07T08:42:42.322111+00:00,1.50834,600.254,108,20.96,79.04,0,5902.2,3.5938,54.65,7.33746,1248.13,7.812,21.91,194.839,4.688,3.713,1.38,54.41,45.59,0,5902.2,6.9724,54.65,14.2344,2776.3,45.31,54.43,561.882,10.94,10.88,1.39,6.644,89.88,3.471,5026.09,2.2393,46.5379,5.55806,338.876,7.937,6.599,90.0944,1.587,1.748,1.39,47.08,52.92,0,5902.2,7.1541,54.65,14.668,2459.29,32.81,48.06,422.774,7.812,8.214,1.39,4.739,90.5,4.759,5026.09,1.9859,46.5379,4.31794,236.785,3.175,4.622,85.2347,3.175,1.654,1.39,9.83,89.26,0.9051,5026.09,2.5179,46.5379,5.2301,507.187,9.375,9.887,117.128,1.587,2.277,1.39,4.196,95.8,0,5902.2,2.0619,54.65,3.29592,209.314,3.125,3.938,110.325,1.562,1.996,1.39,2.972,97.03,0,5902.2,1.9324,54.65,1.95883,132.854,3.125,2.459,113.054,3.125,2.03,1.39,24.125,24.227,33.49,20.9377,118.5,5.2593,58.059,58.1,9.6414,11.523,24.22,25.5,50.799,9.197,11.53,1.02317,0.361772,11.85,2200,5750,0,9.26923,16.25,5903.8,6.23674,45.31,5.806,5.806,0,0,0,10.31,22.04,3200,39,1.195,41.97,1.384,53,1.1,-1.5
2026-09-07T08:42:43.340927+00:00,1.57739,629.692,108,22.07,77.93,0,5902.2,3.6067,54.65,7.56456,1311.65,18.75,22.46,244.669,9.375,4.688,1.39,53.97,46.03,0,5896.8,7.1255,54.6,14.8137,1984.06,32.81,38.83,1326.38,25,25.86,1.39,6.922,87.68,5.399,5021.49,2.2098,46.4953,5.7465,356.267,4.688,6.958,94.2796,3.125,1.827,1.39,52.68,47.32,0,5896.8,7.648,54.6,15.8416,2556.5,40.62,49.97,657.722,12.7,12.84,1.39,5.206,86.12,8.674,5021.49,1.9822,46.4953,4.56219,256.431,7.812,4.998,93.6992,1.562,1.818,1.39,8.94,89.31,1.748,5021.49,2.4155,46.4953,5.31194,463.177,6.25,9.03,111.499,7.812,2.169,1.39,4.425,95.58,0,5896.8,2.0477,54.6,3.502,216.465,7.812,4.135,120.739,7.812,2.229,1.39,3.536,96.46,0,5896.8,1.9572,54.6,2.13063,152.013,3.125,2.762,129.526,3.125,2.31,1.39,19.75,24.504,33.804,22.2314,118.5,5.2162,58.214,58.206,9.5668,11.435,24.483,26.375,50.977,12.02,12.05,0.972251,0.383995,11.85,2200,5750,0,9.42308,16.25,5896.92,6.48223,40.62,5.821,5.821,0,0,0,10.42,23.4,3200,39,1.195,41.97,1.381,53,1.1,-1.5
2026-09-07T08:42:44.360093+00:00,1.53559,611.701,108,20.2,79.8,0,5886,3.4657,54.5,7.36705,1203.59,28.12,20.71,218.791,7.812,4.187,1.38,56.73,43.27,0,5021.49,7.6015,46.4953,15.6931,2230.04,39.06,43.67,1248.32,15.62,24.36,1.385,6.956,89.83,3.219,5021.49,2.272,46.4953,5.7751,350.386,9.231,6.867,93.3067,3.077,1.816,1.385,47.43,52.57,0,5021.49,6.9687,46.4953,14.648,2099.83,31.25,41.03,801.83,12.31,15.66,1.385,4.827,89.25,5.921,5902.2,1.9776,54.65,4.53628,232.665,4.615,4.487,95.7333,3.077,1.854,1.385,9.923,88.58,1.498,5902.2,2.5204,54.65,5.44694,533.401,12.5,10.39,96.8233,3.077,1.873,1.385,4.379,95.62,0,5902.2,2.0479,54.65,3.47925,217.431,6.25,4.131,110.9,4.688,1.997,1.385,3.12,96.88,0,5902.2,1.9203,54.65,2.11991,140.233,6.25,2.534,113.92,4.688,2.044,1.385,25.5,24.105,33.291,21.964,113.5,5.2513,57.903,57.939,9.6444,11.527,24.139,26.75,50.594,11.98,11.73,0.974055,0.355491,11.35,2200,5750,0,9.57692,16,5900.26,6.48708,39.06,5.79,5.79,0,0,0,10.27,23.12,3200,39,1.195,41.9901,1.382,53,1.1,-1.5
2026-09-07T08:42:45.379347+00:00,1.64874,661.002,108,23.91,76.09,0,5859,3.8933,54.25,8.1738,1417.61,26.56,25.24,245.447,3.125,4.703,1.375,56.93,43.07,0,5859,7.5164,54.25,15.4097,2197.62,35.94,43.03,1308.46,18.75,25.51,1.365,8.162,89.85,1.989,5035.08,2.3839,46.6211,6.13251,391.537,9.375,7.666,137.763,3.125,2.683,1.365,50.26,49.74,0,5859,7.1019,54.25,14.8283,2227.18,39.06,43.48,866.762,15.62,16.9,1.365,5.48,89.54,4.98,5035.08,2.0202,46.6211,4.68068,254.537,4.688,5.029,110.963,3.125,2.171,1.365,11.4,88.39,0.2041,5035.08,2.6726,46.6211,5.64977,596.628,10.94,11.66,153.374,3.125,2.992,1.365,4.864,95.14,0,5859,2.1204,54.25,3.68193,244.198,6.25,4.683,117.074,3.125,2.16,1.365,3.872,96.13,0,5859,1.9974,54.25,2.21084,161.461,4.688,3.019,145.421,3.125,2.583,1.365,22.25,24.745,34.143,21.7496,126,5.2645,58.82,58.76,9.7072,11.602,24.737,26.75,51.536,11.91,12.72,1.31516,0.486727,12.6,2200,5750,0,9.4359,16.25,5898.54,6.5727,39.06,5.882,5.882,0,0,0,10.53,22.89,3200,39,1.195,41.995,1.382,53,1.1,-1.5625
2026-09-07T08:42:46.398813+00:00,1.61189,646.411,108,23.04,76.96,0,5880.6,3.7505,54.45,7.91132,1368.74,15.62,23.86,263.945,1.562,5.08,1.375,60.3,39.7,0,5016.9,8.1088,46.4527,16.4971,3201.99,51.56,62.76,473.924,7.812,9.159,1.385,8.139,85.99,5.872,5016.9,2.324,46.4527,6.03958,409.998,14.06,8.018,107.942,1.562,2.092,1.385,45.64,54.36,0,5016.9,6.6256,46.4527,13.8725,2450.65,39.06,47.88,390.1,4.688,7.585,1.385,5.448,84.82,9.733,5016.9,1.9578,46.4527,4.64942,264.973,7.812,5.175,99.801,1.562,1.935,1.385,10.01,88.37,1.616,5016.9,2.5489,46.4527,5.26353,524.099,4.688,10.24,118.312,1.562,2.301,1.385,4.947,95.05,0,5891.4,2.1423,54.55,3.67247,238.394,4.688,4.529,130.081,3.125,2.343,1.385,3.669,96.33,0,5016.9,1.9868,46.4527,2.02643,162.591,4.688,3.005,137.027,1.562,2.519,1.385,22.625,24.067,33.244,22.0068,112,5.2533,57.844,57.839,9.6628,11.549,24.063,26.75,50.572,10.35,12.4,1.15747,0.483746,11.2,2200,5750,0,9.53205,15.25,5899.38,6.60233,51.56,5.784,5.784,0,0,0,10.24,23.17,3200,39.005,1.195,41.985,1.382,53,1.1,-1.5
2026-09-07T08:42:47.417244+00:00,1.53051,610.557,108,20.38,79.62,0,5896.8,3.4312,54.6,7.17854,1210.49,18.75,20.94,212.958,3.125,4.06,1.385,58.97,41.03,0,5886,7.5993,54.5,15.5073,3207.84,51.56,62.89,390.406,10.94,7.486,1.38,7.088,89.05,3.859,5886,2.1734,54.5,5.53748,343.243,14.06,6.731,105.454,3.125,2.053,1.38,45.16,54.84,0,5886,6.8163,54.5,14.3033,786.755,14.06,15.23,2027.94,35.94,38.86,1.38,4.423,90.39,5.187,5880.6,1.9149,54.45,4.32906,217.358,4.688,4.218,83.9145,1.562,1.612,1.38,9.467,89.2,1.329,5880.6,2.4812,54.45,5.20456,471.37,7.812,9.182,127.275,3.125,2.468,1.38,4.536,95.46,0,5880.6,2.0485,54.45,3.39218,221.726,4.688,4.174,113.932,3.125,2.058,1.38,3.028,96.97,0,5880.6,1.8815,54.45,1.906,134.055,1.562,2.437,114.197,3.125,2.073,1.38,22.625,22.992,31.707,21.6648,71,5.2659,56.269,56.262,9.6111,11.487,23,26.75,48.987,11.33,11.65,1.03591,0.371755,7.1,2200,5750,0,9.4359,16.25,5896.72,6.37973,51.56,5.627,5.627,0,0,0,9.787,22.81,3200,39,1.195,41.9701,1.38,53,1.1,-1.5
2026-09-07T08:42:48.434811+00:00,1.40291,553.648,108,22.82,77.18,0,5902.2,3.7085,54.65,7.3555,1355.97,18.75,24.08,175.839,3.125,3.348,1.39,47.94,52.06,0,5896.8,6.352,54.6,12.5266,2549.2,39.06,49.58,391.183,3.125,7.444,1.39,7.002,88.2,4.796,5896.8,2.2542,54.6,5.539,360.668,9.375,6.968,89.1824,1.562,1.729,1.39,39.98,60.02,0,5896.8,6.1172,54.6,12.3818,943.743,9.375,18.11,1453.93,15.62,29.36,1.39,4.582,88.32,7.101,5896.8,1.9657,54.6,4.20625,217.46,3.125,4.229,89.4362,3.125,1.753,1.39,10.33,89.4,0.2674,5896.8,2.648,54.6,5.17,542.182,6.25,10.45,108.925,1.562,2.12,1.39,4.632,95.37,0,5896.8,2.1294,54.6,3.34775,215.344,1.562,3.942,122.366,0,2.225,1.39,3.004,97,0,5896.8,1.9919,54.6,2.12013,129.739,1.562,2.354,113.199,0,2.017,1.39,18.875,21.864,30.294,19.1813,77.5,5.2507,54.812,55.003,9.599,11.473,21.879,25.875,47.542,7.324,10.61,0.813818,0.330737,7.75,2200,5750,0,9.33974,15.5,5910.63,5.88675,39.06,5.481,5.481,0,0,0,9.31,20.19,3200,39,1.195,41.965,1.387,53,1.1,-1.5
2026-09-07T08:42:50.454334+00:00,1.57481,657.009,108,23.45,76.55,0,5896.8,3.8663,54.6,7.95215,1391.21,19.53,23.32,332.537,3.906,6.361,1.393,51.07,48.93,0,5877.9,6.6311,54.425,13.1076,2667.47,42.97,52.4,539.314,12.5,10.4,1.388,9.196,87.01,3.796,5028.31,2.5048,46.5584,6.23677,482.273,8.594,9.443,139.21,1.562,2.726,1.388,43.79,56.21,0,5877.9,6.0877,54.425,12.2997,924.458,16.41,17.98,1888.37,30.47,36.71,1.388,7.249,85.34,7.414,5440.65,2.1825,50.3764,4.92469,372.313,3.125,7.299,114.138,1.562,2.234,1.38,11.9,87.67,0.4343,5877.9,2.8086,54.425,5.61381,608.079,5.469,11.9,227.071,2.344,4.457,1.38,6.286,93.71,0,5880.6,2.2911,54.45,3.86436,325.133,3.125,6.218,138.054,1.562,2.527,1.378,4.541,95.46,0,5880.6,2.1187,54.45,2.43966,189.357,0.7812,3.528,173.141,0.7812,3.184,1.378,23.125,23.393,32.361,19.6046,106.25,5.2214,56.875,56.759,9.6104,11.487,23.377,25.3125,49.591,9.668,12.54,1.53699,0.51935,10.62,2200,5750,0,9.44231,16.25,5906.74,6.05436,42.97,5.688,5.688,0,0,0,9.948,20.64,3200,39,1.195,41.9805,1.386,53,1.1,-1.5
2026-09-07T08:42:51.223160+00:00,1.32232,527.251,108,19.3,80.7,0,5896.8,3.4529,54.6,7.09975,1150.08,18.75,19.81,212.28,0,4.052,1.39,48.68,51.32,0,5886,6.3786,54.5,12.3254,2525.91,40.62,49.52,449.814,4.688,8.676,1.38,6.413,88.6,4.986,5886,2.2164,54.5,5.50963,324.073,7.812,6.342,85.8759,0,1.67,1.38,37.9,62.1,0,5886,5.7021,54.5,11.3428,609.632,6.25,11.73,1713.17,21.88,34.13,1.38,4.441,88.72,6.843,5886,1.9178,54.5,4.2585,223.501,4.688,4.387,71.0514,0,1.384,1.38,8.343,89.71,1.945,5886,2.4049,54.5,4.60588,422.296,1.562,8.263,104.447,0,2.037,1.38,4.081,95.92,0,5886,2.0552,54.5,3.36013,186.141,0,3.552,113.072,0,2.051,1.38,3.076,96.92,0,5886,1.9549,54.5,1.912,133.023,0,2.465,111.655,0,1.986,1.38,19.75,21.698,30.075,18.9974,100.5,5.1674,54.294,54.342,9.4665,11.315,21.674,25.25,47.074,6.641,10.13,0.841001,0.314881,10.05,2200,5750,0,9.44231,16.5,5911.24,5.926,40.62,5.429,5.429,0,0,0,9.223,20,3200,39,1.195,41.935,1.388,53,1.1,-1.5
2026-09-07T08:42:52.240178+00:00,1.57183,633.538,108,23.53,76.47,0,5875.2,3.7935,54.4,8.03636,1396.83,17.46,23.91,265.749,3.175,5.049,1.375,60.15,39.85,0,5896.8,7.9692,54.6,16.149,3266.28,52.38,63.88,465.786,7.937,8.996,1.385,7.016,88.32,4.661,5896.8,2.2266,54.6,5.82664,352.908,6.349,6.861,95.7946,0,1.853,1.385,44.3,55.7,0,5896.8,6.207,54.6,13.0461,1111.6,17.46,21.48,1647.6,23.81,32.3,1.385,4.811,88.46,6.727,5896.8,1.9168,54.6,4.45884,237.661,4.762,4.602,85.8585,0,1.662,1.385,10.04,88.04,1.922,5896.8,2.5036,54.6,5.07121,537.01,6.349,10.37,102.035,0,1.976,1.385,4.123,95.88,0,5896.8,2.0076,54.6,3.45013,215.419,3.175,4.019,95.3194,0,1.733,1.385,3.22,96.78,0,5896.8,1.9026,54.6,1.88359,145.418,1.587,2.599,115.341,0,2.111,1.385,20.25,24.473,33.742,21.5386,119.5,5.197,58.217,58.222,9.5525,11.419,24.515,25.75,50.877,9.028,12.09,1.16768,0.408764,11.95,2200,5750,0,9.28205,16.25,5897.85,6.4678,52.38,5.822,5.822,0,0,0,10.43,22.67,3200,39,1.195,41.9697,1.38,53,1.1,-1.5
2026-09-07T08:42:53.258914+00:00,1.4843,589.804,108,20.93,79.07,0,5896.8,3.5586,54.6,7.35837,1246.07,15.38,21.92,205.301,1.538,3.915,1.39,58.14,41.86,0,5875.2,7.3055,54.4,14.4897,1974.46,30.77,38.18,1571,32.31,30.88,1.37,6.944,89.89,3.162,5875.2,2.2635,54.4,5.68098,348.012,4.615,6.82,94.9267,1.538,1.84,1.37,41.7,58.3,0,5875.2,6.4049,54.4,13.3177,1788.04,24.62,35.03,785.118,13.85,15.35,1.37,4.459,88.47,7.073,5875.2,1.8796,54.4,4.24305,209.108,3.077,4.094,93.2199,0,1.809,1.37,9.38,89.91,0.7087,5875.2,2.4639,54.4,5.05909,473.431,9.231,9.282,110.895,1.538,2.164,1.37,3.727,96.27,0,5875.2,1.9992,54.4,3.25571,184.65,3.077,3.501,101.841,1.538,1.816,1.37,3.149,96.85,0,5875.2,1.9162,54.4,1.99131,140.158,1.538,2.523,110.627,0,1.978,1.37,22.125,23.442,32.418,20.827,110.5,5.2039,56.781,56.628,9.5425,11.406,23.423,26,49.547,9.038,11.32,0.878507,0.341068,11.05,2200,5750,0,9.24359,15.75,5904.91,6.21847,32.31,5.678,5.678,0,0,0,9.967,21.92,3200,39,1.195,41.9623,1.384,53,1.1,-1.5
2026-09-07T08:42:54.276153+00:00,1.34238,535.985,108,21.09,78.91,0,5902.2,3.563,54.65,7.15554,1254.85,15.62,22.07,204.071,7.812,3.849,1.4,44.27,55.73,0,5907.6,5.7697,54.7,11.2146,2170.82,34.38,43.09,514.389,4.688,9.86,1.38,7.188,83.08,9.732,5907.6,2.1745,54.7,5.43347,362.237,6.25,7.049,94.7549,0,1.843,1.38,38.89,61.11,0,5907.6,5.4816,54.7,10.5185,1927.59,28.12,37.4,496.651,7.812,9.655,1.385,4.931,81.53,13.54,5902.2,1.8319,54.65,4.0612,233.448,1.562,4.547,91.8815,0,1.78,1.385,10.2,83.72,6.084,5902.2,2.4767,54.65,4.62525,554.667,1.562,10.76,90.8963,1.562,1.764,1.385,4.557,95.44,0,5902.2,2.0636,54.65,3.22244,214.358,1.562,4.053,118.019,0,2.139,1.385,3.119,96.88,0,5902.2,1.9202,54.65,1.81467,133.132,0,2.402,114.005,0,2.001,1.385,18.875,21.277,29.519,18.093,72.5,5.194,53.898,54.108,9.5328,11.394,21.275,25,46.627,6.934,10.27,1.13936,0.343232,7.25,2200,5750,0,9.51923,16,5913.44,5.64995,34.38,5.39,5.39,0,0,0,9.053,19.05,3200,38.9901,1.195,41.9027,1.389,53,1.1,-1.5
2026-09-07T08:42:55.295354+00:00,1.16982,467.815,108,18.22,81.78,0,5902.2,3.3733,54.65,6.58961,1086.11,20.31,18.72,192.003,7.937,3.666,1.39,42.24,57.76,0,5896.8,5.2351,54.6,9.2974,2242.2,31.75,43.9,349.501,6.25,6.717,1.39,5.721,86.26,8.014,5021.49,2.0681,46.4953,5.01479,289.616,6.349,5.681,77.3528,1.587,1.509,1.39,31.11,68.89,0,5896.8,5.0105,54.6,9.48028,1675.57,23.44,32.81,241.961,3.175,4.66,1.39,4.191,82.39,13.42,5021.49,1.7503,46.4953,3.84909,205.9,3.175,4.046,67.1629,1.587,1.302,1.39,8.946,87.42,3.631,5021.49,2.4294,46.4953,4.27995,474.933,4.762,9.314,84.9868,0,1.658,1.39,3.805,96.2,0,5896.8,2.0346,54.6,3.09277,183.694,1.562,3.471,96.0685,0,1.67,1.39,2.738,97.26,0,5896.8,1.922,54.6,1.72776,119.593,1.562,2.164,98.3862,0,1.759,1.39,20.75,22.637,31.448,17.137,81,5.2411,55.929,55.743,9.6229,11.502,22.618,24,48.715,7.09,8.941,0.674884,0.269909,8.1,2200,5750,0,9.37179,15.5,5919.21,5.24267,31.75,5.593,5.593,0,0,0,9.625,18.04,3200,38.9949,1.195,41.8888,1.391,53,1.1,-1.5
2026-09-07T08:42:56.314259+00:00,1.22896,490.269,108,18.63,81.37,0,5907.6,3.4228,54.7,6.71642,1109.81,17.19,19.51,170.674,1.538,3.255,1.395,36.15,63.85,0,5907.6,5.3982,54.7,10.3473,1731.18,26.15,33.81,504.524,7.812,9.703,1.395,6.534,85.65,7.815,5030.69,2.1454,46.5805,5.16915,321.578,6.154,6.315,89.5333,1.562,1.74,1.395,40.79,59.21,0,5030.69,5.4062,46.5805,10.2096,2185.12,26.56,42.69,314.704,3.077,6.051,1.395,3.993,83.79,12.21,5030.69,1.779,46.5805,3.9148,185.754,1.538,3.624,80.9282,1.562,1.566,1.395,9.137,88.82,2.045,5030.69,2.4942,46.5805,4.64154,478.12,6.154,9.336,101.508,3.125,1.977,1.395,4.862,95.14,0,5030.69,2.1614,46.5805,3.28781,230.991,4.688,4.344,115.765,0,2.033,1.395,2.794,97.21,0,5907.6,1.953,54.7,1.95858,124.588,1.562,2.24,99.5247,1.562,1.782,1.395,18.875,24.92,34.601,17.4289,121,5.2545,59.238,59.364,9.6577,11.544,24.966,23.25,51.925,6.89,9.373,0.757569,0.295401,12.1,2200,5750,0,9.5641,16.5,5916.17,5.38657,26.56,5.924,5.924,0,0,0,10.62,18.35,3200,39,1.195,41.9552,1.39,53,1.1,-1.5
2026-09-07T08:42:57.332168+00:00,1.28804,513.778,108,20.21,79.79,0,5902.2,3.5899,54.65,7.03181,1201.8,20.31,21.02,179.99,1.562,3.44,1.39,42.27,57.73,0,5907.6,5.6917,54.7,10.861,2077.71,34.38,40.57,514.238,7.812,9.864,1.4,6.654,89.37,3.981,5030.69,2.3113,46.5805,5.40606,341.233,10.94,6.667,85.2155,1.538,1.666,1.4,38.64,61.36,0,5907.6,5.4447,54.7,10.5284,2078.48,31.25,40.52,291.63,1.562,5.507,1.4,4.435,87.37,8.192,5030.69,1.9653,46.5805,4.0892,224.429,7.812,4.385,78.1887,3.125,1.518,1.4,9.723,89.78,0.5017,5030.69,2.5818,46.5805,4.89122,513.124,7.812,9.929,109.503,1.538,2.144,1.4,4.008,95.99,0,5907.6,2.1173,54.7,3.20022,198.668,3.125,3.699,97.6859,1.562,1.749,1.4,2.866,97.13,0,5907.6,1.9934,54.7,2.17515,121.305,3.125,2.201,107.248,1.562,1.85,1.4,21.25,22.815,31.693,17.6663,118.5,5.2445,56.251,56.331,9.63,11.51,22.834,22.75,48.971,8.688,9.795,0.865731,0.304344,11.85,2200,5750,0,9.48077,16,5917.3,5.44523,34.38,5.625,5.625,0,0,0,9.717,18.6,3200,39,1.195,41.9551,1.391,53,1.1,-1.5
2026-09-07T08:42:58.351863+00:00,1.19502,480.512,108,19.08,80.92,0,5896.8,3.4984,54.6,6.80186,1136.54,14.06,19.95,176.443,3.125,3.358,1.395,32.15,67.85,0,5896.8,5.1108,54.6,9.56936,1558.68,25,30.36,456.746,6.25,8.766,1.39,6.289,88.08,5.63,5896.8,2.1957,54.6,5.08346,317.391,6.25,6.202,83.9535,1.587,1.635,1.39,42.35,57.65,0,5896.8,5.2958,54.6,9.65357,2189.97,32.81,42.82,412.062,6.25,7.966,1.39,3.684,84.66,11.66,5896.8,1.7774,54.6,3.7393,178.073,3.125,3.484,76.4489,3.125,1.48,1.39,8.889,89.47,1.641,5896.8,2.4473,54.6,4.38834,471.491,6.25,9.16,93.2014,1.562,1.819,1.39,3.965,96.03,0,5896.8,2.1106,54.6,3.12664,202.286,3.125,3.823,92.0052,1.587,1.626,1.39,3.091,96.91,0,5896.8,1.9809,54.6,1.92724,126.971,3.125,2.292,115.931,1.562,1.992,1.39,20.75,20.741,28.816,17.1923,121,5.2608,53.304,53.347,9.6589,11.544,20.679,22.125,46.147,7.425,9.171,0.679825,0.255393,12.1,2200,5750,0,9.46795,16,5918.13,5.21274,32.81,5.33,5.33,0,0,0,8.8,18.1,3200,38.995,1.195,41.9758,1.391,53,1.1,-1.5
2026-09-07T08:42:59.370296+00:00,1.2669,507.723,108,20.75,79.25,0,5902.2,3.5788,54.65,6.91583,1235.46,20.31,21.53,203.151,4.688,3.826,1.385,33.49,66.51,0,5896.8,5.5681,54.6,10.8464,1662.15,29.69,32.31,430.358,7.812,8.202,1.39,6.539,88.42,5.04,5021.49,2.2681,46.4953,5.21703,342.773,9.524,6.694,75.3912,0,1.465,1.39,45.51,54.49,0,5896.8,5.3301,54.6,9.89673,2448.06,32.81,47.84,325.826,3.175,6.231,1.39,4.158,86.26,9.585,5021.49,1.8713,46.4953,3.87263,200.157,1.587,3.915,78.8031,0,1.53,1.39,9.5,90.5,0,5021.49,2.599,46.4953,4.82717,493.957,9.375,9.574,108.473,1.587,2.119,1.39,3.633,96.37,0,5896.8,2.0617,54.6,3.04096,179.818,0,3.333,94.6193,0,1.696,1.39,3.109,96.89,0,5896.8,1.9986,54.6,2.11826,134.907,0,2.384,109.658,0,1.957,1.39,21.75,21.494,29.858,17.4207,117.5,5.2528,54.44,54.232,9.6578,11.543,21.498,21.875,47.179,7.535,9.663,0.884519,0.319694,11.75,2200,5750,0,9.41667,16,5918.5,5.31356,32.81,5.444,5.444,0,0,0,9.148,18.34,3200,38.995,1.195,41.96,1.391,53,1.1,-1.5
2026-09-07T08:43:00.388097+00:00,1.30901,525.901,108,21.45,78.55,0,5902.2,3.7786,54.65,7.57438,1274.98,21.88,21.5,247.225,1.562,4.687,1.395,36.61,63.39,0,5907.6,5.8231,54.7,11.3866,1702.35,26.56,33.18,568.214,9.375,10.96,1.395,6.416,87.47,6.116,5030.69,2.179,46.5805,5.48085,334.51,13.85,6.498,79.3674,1.562,1.519,1.395,44.66,55.34,0,5907.6,5.5838,54.7,10.6622,2463.03,34.38,48.19,261.694,6.154,5.006,1.395,4.375,84.51,11.12,5030.69,1.8526,46.5805,4.15983,213.27,7.692,4.135,82.7254,1.562,1.582,1.395,9.789,88.36,1.847,5907.6,2.5879,54.7,4.87836,517.303,7.812,9.991,100.262,1.538,1.932,1.395,4.642,95.36,0,5907.6,2.1542,54.7,3.45037,238.766,9.375,4.484,95.4807,1.562,1.7,1.395,2.965,97.04,0,5907.6,1.9476,54.7,2.00858,121.756,1.562,2.17,113.488,4.688,1.964,1.395,16.875,22.164,30.755,17.8724,81.5,5.2551,55.428,55.62,9.6766,11.565,22.223,22.125,48.101,9.444,9.969,0.712377,0.300027,8.15,2200,5750,0,9.54487,16.25,5912.43,5.67475,34.38,5.543,5.543,0,0,0,9.456,18.81,3200,39,1.195,41.9901,1.389,53,1.1,-1.5
2026-09-07T08:43:01.405467+00:00,1.31564,526.454,108,23.16,76.84,0,5902.2,3.9492,54.65,7.90416,1376.85,21.88,24.92,169.355,4.688,3.213,1.39,42.31,57.69,0,5902.2,6.0467,54.65,11.508,2095.88,32.81,40.79,536.335,4.688,10.38,1.39,6.615,88.83,4.556,5026.09,2.2631,46.5379,5.56518,347.698,10.94,6.7,76.6478,3.077,1.484,1.39,38.89,61.11,0,5026.09,5.3466,46.5379,10.3227,1519.68,25,29.74,894.769,10.94,17.25,1.39,3.91,86.26,9.832,5016.9,1.8431,46.4527,4.10394,198.974,4.688,3.855,65.7027,3.077,1.256,1.39,9.775,88.85,1.371,5891.4,2.6015,54.55,4.88908,505.808,6.25,9.787,108.37,3.125,2.087,1.39,4.063,95.94,0,5891.4,2.0847,54.55,3.28377,186.03,4.688,3.457,113.32,4.688,1.945,1.39,2.835,97.17,0,5891.4,1.9694,54.55,2.01508,124.577,3.125,2.215,103.262,3.125,1.853,1.39,21.25,22.225,30.853,17.6272,120,5.2465,55.433,55.395,9.6697,11.557,22.224,21.875,48.181,9.174,10.06,0.893379,0.34622,12,2200,5750,0,9.45513,16,5915.24,5.70987,32.81,5.543,5.543,0,0,0,9.457,18.55,3200,39,1.195,41.9701,1.39,53,1.1,-1.5
2026-09-07T08:43:02.423233+00:00,1.38938,558.885,108,24.07,75.93,0,5896.8,3.9299,54.6,7.82052,1429.89,21.88,23.8,286.626,3.125,5.402,1.385,44.88,55.12,0,5907.6,6.0301,54.7,11.5835,2092.57,26.56,41.02,669.622,10.94,12.89,1.39,6.296,91.25,2.456,5030.69,2.3079,46.5805,5.68136,329.44,6.25,6.439,75.7008,0,1.482,1.39,41.33,58.67,0,5030.69,5.8786,46.5805,11.4455,1280.53,17.19,24.81,1258.88,20.31,24.61,1.39,4.68,87.49,7.829,5030.69,1.968,46.5805,4.3125,225.193,1.562,4.398,83.5761,0,1.638,1.39,9.891,90.02,0.09203,5030.69,2.6515,46.5805,5.02229,531.239,7.812,10.21,99.0804,0,1.961,1.39,4.886,95.11,0,5030.69,2.1787,46.5805,3.50626,238.416,1.562,4.452,110.64,0,2.001,1.39,2.906,97.09,0,5907.6,1.9728,54.7,2.00589,124.002,0,2.228,106.767,0,1.887,1.39,26.25,26.202,36.33,18.0504,93.5,5.262,60.957,60.89,9.7012,11.595,26.194,22,53.713,7.324,10.58,0.828788,0.337961,9.35,2200,5750,0,9.45513,16,5912,5.73685,26.56,6.096,6.096,0,0,0,11.15,19,3200,39,1.195,41.9499,1.388,53,1.1,-1.5
2026-09-07T08:43:03.440655+00:00,1.3619,541.827,108,24.24,75.76,0,5896.8,3.8755,54.6,7.61342,1440.58,21.88,25.75,203.539,4.688,3.83,1.395,45.08,54.92,0,5907.6,6.1395,54.7,11.9355,2389.11,34.38,46.79,374.223,9.375,7.197,1.395,6.926,89.1,3.978,5030.69,2.1971,46.5805,5.35558,351.543,3.125,6.874,89.4787,4.688,1.737,1.395,39.53,60.47,0,5907.6,6.0868,54.7,12.0557,1135.73,15.62,22.1,1286.3,17.19,25.14,1.395,4.001,86.96,9.038,5030.69,1.8449,46.5805,4.01071,206.283,4.688,4.019,65.998,1.562,1.273,1.395,9.264,90.09,0.6466,5030.69,2.4863,46.5805,4.87674,492.323,9.375,9.569,90.7315,1.562,1.752,1.395,4.227,95.77,0,5907.6,2.0465,54.7,3.10047,213.118,3.125,3.986,97.7477,1.562,1.741,1.395,2.919,97.08,0,5907.6,1.951,54.7,1.99614,129.561,1.562,2.284,102.957,1.562,1.843,1.395,19.375,23.339,32.345,18.3891,114.5,5.2576,56.87,56.88,9.6464,11.53,23.317,22.375,49.658,8.496,10.37,0.761738,0.317036,11.45,2200,5750,0,9.90385,16.5,5912.17,5.67779,34.38,5.687,5.687,0,0,0,9.922,19.36,3200,39,1.195,41.9303,1.387,53,1.1,-1.5
2026-09-07T08:43:04.201691+00:00,1.36437,545.062,108,21.68,78.32,0,5902.2,3.6782,54.65,7.29919,1287.95,15.87,21.63,260.401,6.349,4.959,1.39,49.78,50.22,0,5030.69,5.915,46.5805,11.3287,2743.01,39.68,53.71,281.781,3.175,5.432,1.39,7.263,86.68,6.059,5030.69,2.2353,46.5805,5.41646,333.829,6.349,6.541,117.457,0,2.296,1.39,37.65,62.35,0,5907.6,6.3832,54.7,12.6482,869.463,15.87,16.88,1463.95,20.63,28.56,1.39,4.471,82.75,12.78,5030.69,1.787,46.5805,3.97033,218.783,0,4.298,72.532,0,1.4,1.39,8.942,89.12,1.941,5030.69,2.5019,46.5805,4.98846,466.18,6.349,9.105,99.8654,1.587,1.945,1.39,3.629,96.37,0,5907.6,2.0183,54.7,3.07987,179.158,0,3.399,89.6358,0,1.621,1.39,3.024,96.98,0,5907.6,1.9247,54.7,1.93623,110.899,0,1.957,126.098,0,2.26,1.39,25.5,22.155,30.719,18.3134,75.5,5.2558,55.272,55.302,9.6126,11.49,22.172,22.5,47.99,7.242,10.38,0.907566,0.339797,7.55,2200,5750,0,9.46154,15.75,5912.02,5.66848,39.68,5.527,5.527,0,0,0,9.435,19.28,3200,38.9949,1.195,41.9442,1.388,53,1.1,-1.5
2026-09-07T08:43:05.219917+00:00,1.40313,559.724,108,23.81,76.19,0,5902.2,3.8847,54.65,7.6608,1412.66,20,23.78,276.804,4.615,5.263,1.39,43.42,56.58,0,5896.8,6.1191,54.6,12.1023,2287.88,33.85,44.69,373.786,1.538,7.275,1.39,6.855,86.96,6.187,5896.8,2.1756,54.6,5.33171,357.338,10.77,6.957,74.6753,1.538,1.446,1.39,43.71,56.29,0,5896.8,6.1987,54.6,12.1664,1064.64,15.38,20.72,1602.48,21.54,31.53,1.39,4.35,83.81,11.84,5896.8,1.7995,54.6,3.90843,210.943,1.538,4.122,75.6144,0,1.47,1.39,10.96,86.34,2.693,5896.8,2.5518,54.6,5.05714,560.411,12.31,10.89,116.41,3.077,2.267,1.39,4.229,95.77,0,5896.8,2.0669,54.6,3.13486,212.326,1.538,4.005,96.3548,1.538,1.693,1.39,2.983,97.02,0,5896.8,1.9305,54.6,2.02283,106.506,0,1.861,126.742,0,2.339,1.39,20.75,22.738,31.509,18.6509,68,5.2511,55.987,55.924,9.6193,11.497,22.71,22.875,48.782,8.077,10.64,0.77672,0.306051,6.8,2200,5750,0,9.49359,15.75,5910.2,5.65781,33.85,5.599,5.599,0,0,0,9.664,19.63,3200,39,1.195,41.9202,1.387,53,1.1,-1.5
2026-09-07T08:43:06.237323+00:00,1.38346,548.019,108,22.61,77.39,0,5896.8,3.8176,54.6,7.60716,1344.17,17.19,23.28,210.208,7.937,4.003,1.385,51.66,48.34,0,5891.4,5.9142,54.55,11.2448,1401.04,23.44,27.23,1751.86,31.25,34.31,1.385,6.29,89.79,3.92,5016.9,2.2179,46.4527,5.44361,310.872,9.524,6.066,88.4484,4.762,1.72,1.385,36.52,63.48,0,5891.4,6.1694,54.55,12.4299,748.669,6.349,14.42,1480.71,21.88,28.91,1.385,4.069,86.25,9.685,5016.9,1.8468,46.4527,4.06874,186.312,6.349,3.634,84.9002,4.762,1.653,1.385,10.39,89.46,0.1422,5016.9,2.7141,46.4527,5.39034,545.265,11.11,10.59,99.6119,4.762,1.936,1.385,3.838,96.16,0,5891.4,2.0601,54.55,3.2374,187.488,3.125,3.493,95.3353,4.688,1.705,1.385,2.964,97.04,0,5891.4,1.9696,54.55,2.12088,103.222,1.562,1.82,130.188,4.688,2.367,1.385,18.375,23.833,33.063,18.1824,106.5,5.266,57.666,57.526,9.6876,11.578,23.816,22.75,50.434,10.21,10.45,0.854319,0.324219,10.65,2200,5750,0,9.33333,16.25,5912.92,5.71445,31.25,5.767,5.767,0,0,0,10.13,19.14,3200,39,1.195,41.9152,1.388,53,1.1,-1.5
2026-09-07T08:43:07.255052+00:00,1.6219,649.287,108,24.52,75.48,0,5902.2,3.771,54.65,7.64318,1453.68,21.88,24.14,292.749,9.231,5.597,1.395,60.75,39.25,0,5869.8,7.8746,54.35,16.0469,2390.9,32.81,46.66,1344.37,23.44,26.25,1.37,7.411,90.74,1.848,5869.8,2.3171,54.35,5.73709,378.591,9.375,7.383,84.6379,3.125,1.644,1.37,47.66,52.34,0,5869.8,6.9296,54.35,14.551,723.688,7.692,13.91,2228.82,42.86,43.58,1.37,4.302,87.95,7.75,5869.8,1.8104,54.35,4.11133,201.582,9.375,3.939,87.4639,1.562,1.697,1.37,10.83,88.5,0.6685,5869.8,2.5659,54.35,5.34892,548.229,12.31,10.57,130.933,4.615,2.546,1.37,3.662,96.34,0,5869.8,1.9604,54.35,3.15672,185.09,4.688,3.494,93.4396,4.688,1.681,1.37,3.057,96.94,0,5869.8,1.8882,54.35,1.91575,107.105,1.562,1.927,137.315,3.125,2.457,1.37,18.875,27.292,37.55,21.6057,122,5.262,62.153,62.066,9.6833,11.574,27.281,24.75,54.912,12.02,12.34,0.92319,0.368087,12.2,2200,5750,0,9.27564,16,5893.95,6.30216,42.86,6.215,6.215,0,0,0,11.61,22.74,3200,39,1.195,41.9498,1.377,53,1.1,-1.5
2026-09-07T08:43:08.272971+00:00,1.52149,619.633,108,25.53,74.47,0,5902.2,4.0291,54.65,7.995,1515.91,23.44,25.69,291.291,6.349,5.526,1.395,51.24,48.76,0,5880.6,7.1063,54.45,13.9381,2427.12,32.81,47.3,899.62,14.29,17.51,1.39,7.011,88.85,4.137,5880.6,2.3186,54.45,5.743,356.157,9.231,6.915,97.0378,3.077,1.897,1.39,44.58,55.42,0,5880.6,5.8764,54.45,11.7503,1440.44,18.75,27.92,1283.38,23.44,24.99,1.39,5.087,84.57,10.35,5880.6,1.9944,54.45,4.439,230.62,7.692,4.475,103.463,1.562,2.009,1.39,11.5,88.3,0.1949,5880.6,2.8338,54.45,5.3685,618.226,10.94,11.86,107.774,3.175,2.098,1.39,4.299,95.7,0,5880.6,2.1525,54.45,3.4705,196.12,3.175,3.645,116.842,3.125,2.044,1.39,2.91,97.09,0,5880.6,1.9964,54.45,2.04125,106.418,1.562,1.865,123.709,3.125,2.232,1.39,20.25,25.629,35.521,18.8008,110.5,5.2766,60.166,60.353,9.6783,11.567,25.619,24.375,52.892,10.36,11.75,1.32631,0.397641,11.05,2200,5750,0,9.33333,16,5910.75,6.12438,32.81,6.017,6.017,0,0,0,10.9,19.79,3200,39,1.195,41.945,1.387,53,1.1,-1.5
2026-09-07T08:43:09.291242+00:00,1.39828,564.932,108,24.24,75.76,0,5907.6,4.0142,54.7,8.01234,1441.41,21.88,23.24,327.858,9.231,6.193,1.39,43.24,56.76,0,5886,5.8525,54.5,11.0603,1662.35,25,31.93,1018.23,12.31,19.55,1.385,6.852,90.09,3.059,5886,2.4114,54.5,5.93941,356.593,4.688,6.864,86.7074,0,1.691,1.385,41.65,58.35,0,5886,5.8238,54.5,11.3482,1509.7,23.44,28.97,1037.96,15.38,20.22,1.385,5.119,88.25,6.626,5012.3,2.0716,46.4102,4.57922,247.769,0,4.797,91.5385,0,1.781,1.385,11.74,88.26,0,5886,2.8796,54.5,5.50123,592.851,9.375,11.3,140.45,3.077,2.743,1.385,4.088,95.91,0,5012.3,2.154,46.4102,3.52024,200.959,0,3.748,96.0416,0,1.634,1.385,2.891,97.11,0,5886,2.038,54.5,2.2711,102.808,0,1.799,125.671,0,2.218,1.385,23.625,22.908,31.811,17.5311,80,5.2485,56.427,56.486,9.6352,11.516,22.968,23.5,49.1,7.773,10.54,0.754385,0.300419,8,2200,5750,0,9.64744,16.25,5914.96,5.78443,25,5.643,5.643,0,0,0,9.774,18.45,3200,39,1.195,41.9506,1.39,53,1.1,-1.5
2026-09-07T08:43:10.309975+00:00,1.42301,565.198,108,23.11,76.89,0,5848.2,3.8179,54.15,7.52246,1374.17,17.19,23.98,219.1,4.688,4.183,1.38,46.7,53.3,0,5859,5.9604,54.25,11.6739,2313.71,35.94,45.46,538.498,10.94,10.81,1.37,6.459,89.26,4.283,5859,2.1926,54.25,5.41968,325.5,4.688,6.368,87.8023,3.125,1.705,1.37,45.43,54.57,0,5859,6.7667,54.25,13.2131,2482.94,35.94,48.71,296.599,3.125,5.773,1.37,4.208,86.93,8.864,5859,1.8742,54.25,4.12964,199.7,3.125,3.919,85.5747,1.562,1.658,1.37,9.397,90.26,0.3396,5859,2.5562,54.25,5.07128,495.974,6.25,9.699,99.441,3.125,1.928,1.37,3.936,96.06,0,5035.08,2.0804,46.6211,3.25891,190.431,4.688,3.638,96.9112,1.562,1.737,1.37,3.062,96.94,0,5859,1.967,54.25,2.03125,115.348,3.125,1.997,121.48,1.562,2.191,1.37,19.375,23.584,32.696,18.411,119.5,5.2567,57.216,57.052,9.6501,11.534,23.545,23.375,50.013,8.789,10.86,0.84893,0.345562,11.95,2200,5750,0,9.30128,15.75,5912.39,5.82216,35.94,5.722,5.722,0,0,0,10.02,19.38,3200,39,1.195,41.9448,1.388,53,1.1,-1.5
2026-09-07T08:43:11.329062+00:00,1.83346,727.38,108,27.16,72.84,0,5886,4.0197,54.5,8.40773,1609.23,26.56,27.18,296.007,6.25,5.546,1.38,61.83,38.17,0,5875.2,8.1439,54.4,17.2227,2565.09,37.5,49.67,1240.68,23.44,24.3,1.37,8.588,90.79,0.6226,5875.2,2.4595,54.4,6.30942,431.732,10.94,8.287,114.615,1.562,2.23,1.37,57.73,42.27,0,5875.2,8.1435,54.4,17.5321,2694.92,46.88,52.46,809.617,10.94,15.75,1.37,5.811,91.73,2.458,5875.2,2.1655,54.4,4.94323,302.49,4.688,5.817,82.2637,0,1.588,1.37,14.17,85.83,0,5875.2,2.9647,54.4,6.67472,760.546,6.25,14.5,121.111,1.562,2.349,1.37,4.599,95.4,0,5875.2,2.0775,54.4,3.61027,231.293,4.688,4.343,108.101,0,1.978,1.37,3.457,96.54,0,5875.2,1.987,54.4,2.49295,128.49,1.562,2.188,141.907,0,2.632,1.37,24.125,26.061,35.853,23.3938,107.5,5.2649,60.43,60.408,9.6213,11.5,26.069,25.875,53.145,11.43,13.8,1.19013,0.430092,10.75,2200,5750,0,9.42308,16.25,5890.01,6.87878,46.88,6.043,6.043,0,0,0,11.09,24.63,3200,38.995,1.195,41.9748,1.377,53,1.1,-1.5
2026-09-07T08:43:12.347231+00:00,1.81764,720.354,108,25.83,74.17,0,5864.4,3.8887,54.3,8.19776,1531.35,28.12,25.21,338.777,3.125,6.404,1.365,64.98,35.02,0,5886,9.0469,54.5,19.4719,2928.47,43.75,57.54,1006.99,14.06,19.57,1.38,7.878,88.59,3.529,5012.3,2.2778,46.4102,6.04577,403.866,6.25,7.83,103.673,0,2.028,1.38,57.07,42.93,0,5886,7.5884,54.5,16.4199,2487.96,45.31,48.59,978.396,14.06,19.09,1.38,4.936,89.87,5.196,5012.3,1.9725,46.4102,4.65858,242.984,7.812,4.752,88.1188,0,1.723,1.38,12.48,85.36,2.16,5012.3,2.666,46.4102,6.0097,628.929,15.62,12.2,144.899,0,2.816,1.38,5.206,94.79,0,5886,2.1134,54.5,3.66915,244.363,4.688,4.644,130.073,1.562,2.418,1.38,3.378,96.62,0,5886,1.9127,54.5,2.24876,128.231,1.562,2.303,138.579,1.562,2.577,1.38,19.875,25.635,35.203,24.3537,114.5,5.2658,59.831,59.913,9.647,11.53,25.66,27.375,52.525,11.72,13.73,1.0593,0.407385,11.45,2200,5750,0,9.41667,16.5,5884.97,6.92301,45.31,5.983,5.983,0,0,0,10.92,25.64,3200,39,1.195,41.9652,1.374,53,1.1,-1.5
2026-09-07T08:43:13.366025+00:00,1.83047,731.459,108,26.99,73.01,0,5880.6,3.993,54.45,8.39723,1599.46,25,26.34,339.387,6.25,6.371,1.375,66.12,33.88,0,5864.4,9.5878,54.3,20.2706,3696.05,60.94,72.27,402.082,7.812,7.741,1.37,7.792,91.45,0.7554,5039.72,2.3432,46.6641,6.07418,403.961,10.94,7.802,96.7276,6.25,1.881,1.37,55.35,44.65,0,5864.4,6.8954,54.3,14.9728,2997.23,51.56,58.46,362.82,4.688,6.981,1.37,5.55,90.28,4.173,5039.72,2.0343,46.6641,4.68282,264.737,6.25,5.142,99.4186,4.688,1.931,1.37,13.19,86.81,0,5039.72,2.8058,46.6641,6.10065,698.941,12.5,13.42,130.142,4.688,2.533,1.37,4.607,95.39,0,5864.4,2.0545,54.3,3.52335,211.454,3.125,4.019,127.923,4.688,2.313,1.37,3.441,96.56,0,5864.4,1.9479,54.3,2.3022,129.295,4.688,2.279,143.729,4.688,2.646,1.37,27,25.764,35.411,23.7892,127,5.2615,59.987,60,9.6471,11.53,25.748,27.875,52.729,13.67,13.88,1.22261,0.440037,12.7,2200,5750,0,9.63462,16,5888.57,6.93269,60.94,5.999,5.999,0,0,0,10.96,25.04,3200,38.995,1.195,41.97,1.376,53,1.1,-1.5
2026-09-07T08:43:14.383231+00:00,1.97448,776.287,108,32.62,67.38,0,5896.8,4.4624,54.6,9.32888,1925.8,25,33.96,273.996,0,5.149,1.385,63.07,36.93,0,5907.6,8.1761,54.7,17.9433,2789.36,42.19,54.3,1056.34,12.5,20.61,1.395,8.255,90.62,1.125,5030.69,2.3855,46.5805,6.50913,423.242,3.125,8.127,103.754,3.125,2.02,1.395,65.42,34.58,0,5907.6,8.7302,54.7,18.8935,787.576,14.06,15.12,3180.08,35.94,62.3,1.395,5.227,90.39,4.387,5030.69,2.0449,46.5805,4.93088,264.945,3.125,5.133,88.3963,1.562,1.725,1.395,14.46,85.37,0.1643,5907.6,2.9346,54.7,7.01388,747.385,6.25,14.25,147.637,3.125,2.865,1.395,5.282,94.72,0,5907.6,2.1304,54.7,3.84663,260.83,3.125,4.874,117.706,0,2.17,1.395,3.115,96.88,0,5907.6,1.9495,54.7,2.66813,109.819,0,2.011,143.72,0,2.623,1.395,21.75,26.783,36.717,24.395,123.5,5.2694,61.356,61.501,9.635,11.516,26.817,28.5,54.029,9.57,14.83,1.19568,0.435659,12.35,2200,5750,0,9.55769,16,5880.6,7.17475,42.19,6.136,6.136,0,0,0,11.41,25.68,3200,39,1.195,41.965,1.373,53,1.1,-1.5
2026-09-07T08:43:15.401509+00:00,1.45435,577.079,108,24.67,75.33,0,5902.2,4.0146,54.65,8.11325,1465.73,23.44,25.49,229.948,6.25,4.278,1.39,48.32,51.68,0,5907.6,6.1278,54.7,12.1649,1781.87,29.69,34.66,1172.11,18.75,22.89,1.395,7.056,90.01,2.931,5030.69,2.3198,46.5805,5.81838,375.128,4.688,7.266,71.8911,0,1.406,1.395,42.84,57.16,0,5907.6,6.3353,54.7,12.88,643.019,3.125,12.3,1972.29,39.06,38.52,1.395,4.275,89.46,6.265,5030.69,1.9726,46.5805,4.40375,195.353,3.125,3.799,91.37,0,1.781,1.395,11.3,88.7,0,5907.6,2.7864,54.7,5.78575,590.609,6.25,11.34,118.879,0,2.315,1.395,4.199,95.8,0,5907.6,2.1219,54.7,3.46363,196.67,3.125,3.686,106.851,0,1.835,1.395,2.774,97.23,0,5907.6,1.9975,54.7,2.43638,99.2374,0,1.757,122.316,0,2.203,1.395,20.75,22.902,31.755,18.4582,77.5,5.2488,56.285,56.197,9.631,11.511,22.904,27.125,49.039,8.594,10.97,0.734202,0.313313,7.75,2200,5750,0,9.37179,15.25,5910.88,5.95788,39.06,5.629,5.629,0,0,0,9.746,19.43,3200,39,1.195,41.925,1.388,53,1.1,-1.5
2026-09-07T08:43:16.419356+00:00,1.45977,581.596,108,23.6,76.4,0,5902.2,3.7954,54.65,7.57343,1403,20.63,24.14,240.332,3.175,4.49,1.395,49.7,50.3,0,5891.4,6.1918,54.55,11.9057,1575.77,22.22,30.47,1462.86,25.4,28.67,1.385,7.16,91.66,1.183,5891.4,2.4086,54.55,5.75455,386.683,4.762,7.535,79.1977,1.562,1.544,1.385,43.31,56.69,0,5891.4,6.4432,54.55,12.6199,712.906,12.7,13.52,1939.5,28.57,37.97,1.385,4.2,85.52,10.28,5891.4,1.8688,54.55,4.19148,213.404,4.762,4.152,69.461,0,1.343,1.385,10.96,88.94,0.09972,5891.4,2.7259,54.55,5.29841,570.056,11.11,10.98,121.785,6.349,2.369,1.385,4.223,95.78,0,5891.4,2.1155,54.55,3.36539,223.075,6.349,4.15,84.0538,0,1.468,1.385,2.822,97.18,0,5891.4,1.9735,54.55,2.05018,101.164,0,1.79,122.284,1.587,2.204,1.385,19.75,22.484,31.161,18.2464,78,5.2549,55.714,55.701,9.6686,11.556,22.455,26,48.497,9.324,11.05,0.902981,0.342514,7.8,2200,5750,0,9.48718,15.5,5911.11,5.82217,28.57,5.571,5.571,0,0,0,9.555,19.21,3200,39,1.195,41.9545,1.387,53,1.1,-1.5
2026-09-07T08:43:17.436005+00:00,1.40829,559.253,108,24.26,75.74,0,5896.8,3.9824,54.6,7.97977,1441.98,20.31,24.41,262.585,6.25,4.94,1.39,45.97,54.03,0,5875.2,6.0414,54.4,11.5939,1698.89,25,33.18,1092.54,17.19,21.25,1.39,7.117,87.92,4.968,5875.2,2.2979,54.4,5.77273,362.805,9.375,7.003,85.0138,4.688,1.658,1.39,39.68,60.32,0,5875.2,5.7782,54.4,11.3809,867.445,25,16.83,1559.41,21.88,30.36,1.39,4.821,85.9,9.276,5875.2,1.9826,54.4,4.46678,212.194,6.25,4.115,101.262,4.688,1.97,1.39,11.83,87.84,0.3298,5875.2,2.8245,54.4,5.41471,637.039,12.5,12.25,98.1254,4.688,1.913,1.39,4.12,95.88,0,5875.2,2.1163,54.4,3.4257,207.562,9.375,3.869,89.5338,3.125,1.559,1.39,3.031,96.97,0,5875.2,2.0071,54.4,2.16259,99.1264,3.125,1.736,132.533,1.562,2.307,1.39,18.875,21.93,30.427,17.9065,74.5,5.2209,54.829,54.886,9.5787,11.45,21.905,25,47.62,10.94,10.58,0.74696,0.309303,7.45,2200,5750,0,9.37179,15.25,5914.01,5.83591,25,5.483,5.483,0,0,0,9.321,18.85,3200,39,1.195,41.9401,1.389,53,1.1,-1.5
2026-09-07T08:43:18.453783+00:00,1.25144,508.648,108,21.01,78.99,0,5907.6,3.6936,54.7,7.29815,1249.83,10.77,20.49,283.269,3.077,5.307,1.395,37.07,62.93,0,5907.6,5.2108,54.7,9.7303,1320.09,18.46,25.62,1019.42,18.46,19.89,1.39,6.667,84.73,8.6,5907.6,2.169,54.7,5.34187,334.427,4.615,6.5,94.4091,3.077,1.847,1.39,39.78,60.22,0,5907.6,5.3236,54.7,9.89397,584.042,9.231,11.25,1856.69,27.69,36.33,1.39,4.04,80.21,15.75,5896.8,1.761,54.6,3.92623,198.554,4.615,3.874,75.0978,1.538,1.46,1.385,10.23,87.3,2.474,5896.8,2.6555,54.6,4.94692,527.665,12.31,10.19,112.793,4.615,2.195,1.385,3.612,96.39,0,5896.8,2.0568,54.6,3.18227,174.896,4.615,3.277,91.9309,0,1.643,1.385,2.745,97.26,0,5896.8,1.9493,54.6,1.97328,95.9417,0,1.702,119.314,3.077,2.129,1.385,17.375,20.341,28.253,16.9037,77.5,5.2178,52.735,52.772,9.5744,11.443,20.381,23.875,45.436,7.885,9.605,0.698254,0.287195,7.75,2200,5750,0,9.45513,15.5,5917.45,5.36663,27.69,5.273,5.273,0,0,0,8.673,17.79,3200,38.9951,1.195,41.9754,1.39,53,1.1,-1.5
2026-09-07T08:43:19.220797+00:00,1.32422,526.647,108,22.31,77.69,0,5907.6,3.8302,54.7,7.50991,1325.71,19.05,22.65,234.916,3.175,4.387,1.395,37.3,62.7,0,5896.8,5.6927,54.6,10.771,1917.42,30.16,37.23,367.504,3.175,7.067,1.385,6.869,85.69,7.442,5896.8,2.2466,54.6,5.46024,337.002,4.762,6.527,96.8683,1.587,1.893,1.385,45.94,54.06,0,5896.8,5.7197,54.6,10.6419,1891.99,36.51,36.72,905.545,9.524,17.71,1.385,3.881,81.91,14.21,5896.8,1.7794,54.6,3.961,189.92,1.587,3.688,66.6389,0,1.288,1.385,9.737,89.17,1.089,5896.8,2.6067,54.6,4.79205,523.143,7.937,10.08,88.8431,0,1.734,1.385,3.843,96.16,0,5896.8,2.12,54.6,3.25229,188.144,0,3.434,89.7877,0,1.578,1.385,2.551,97.45,0,5896.8,1.9827,54.6,1.93928,92.1859,0,1.631,110.743,0,1.996,1.385,20.75,21.809,30.291,17.261,79.5,5.2451,54.745,54.646,9.6395,11.521,21.761,23.125,47.582,7.341,9.976,0.546444,0.235049,7.95,2200,5750,0,9.39103,16,5916.84,5.46596,36.51,5.474,5.474,0,0,0,9.26,18.17,3200,39,1.195,41.9543,1.39,53,1.1,-1.5
2026-09-07T08:43:20.238774+00:00,1.48566,593.633,108,24.87,75.13,0,5902.2,3.9287,54.65,7.84544,1477.2,21.54,24.06,307.883,7.692,5.782,1.39,49.96,50.04,0,5886,6.7836,54.5,13.2882,2547.9,44.62,49.13,520.031,6.154,10.06,1.385,6.77,91.62,1.607,5012.3,2.3976,46.4102,5.81909,355.894,6.154,6.846,79.0086,0,1.536,1.385,45.4,54.6,0,5886,6.4175,54.5,12.8293,1563.23,20,29.98,1192.43,15.38,23.26,1.385,4.832,88.47,6.702,5012.3,2.0151,46.4102,4.46059,230.153,1.538,4.454,85.0807,0,1.649,1.385,10.09,89.86,0.05312,5886,2.6457,54.5,5.27143,537.473,10.77,10.18,99.5793,1.538,1.933,1.385,3.785,96.21,0,5886,2.1217,54.5,3.43929,194.969,1.538,3.622,84.8007,0,1.479,1.385,2.852,97.15,0,5886,2.0078,54.5,2.14261,99.6687,0,1.717,122.835,3.077,2.159,1.385,23.125,22.982,31.853,18.7721,75,5.2618,56.49,56.49,9.6436,11.527,23.036,23.5,49.168,8.75,11.12,0.745323,0.294439,7.5,2200,5750,0,9.46154,16.5,5910.09,5.98079,44.62,5.649,5.649,0,0,0,9.802,19.76,3200,38.9951,1.195,41.9704,1.387,53,1.1,-1.5
2026-09-07T08:43:21.257324+00:00,1.41554,567.702,108,24.66,75.34,0,5902.2,3.9396,54.65,7.78602,1464.07,17.19,24.29,312.125,3.125,5.94,1.39,42.39,57.61,0,5907.6,6.0208,54.7,12.0139,1588.87,26.56,31.27,1030.78,17.19,20.02,1.39,6.621,85.33,8.049,5030.69,2.1598,46.5805,5.47653,312.755,7.812,6.055,109.709,1.562,2.148,1.39,45.31,54.69,0,5907.6,6.0852,54.7,12.0275,976,12.5,18.94,1778.98,31.25,34.71,1.39,4.248,81.27,14.48,5030.69,1.8478,46.5805,4.13065,201.257,1.562,3.927,79.1623,0,1.546,1.39,11.4,86.41,2.185,5030.69,2.7802,46.5805,5.55472,620.585,10.94,12.03,92.2602,0,1.806,1.39,3.986,96.01,0,5907.6,2.0952,54.7,3.28928,188.008,1.562,3.542,102.317,0,1.848,1.39,2.937,97.06,0,5907.6,2.0014,54.7,2.24448,105.525,1.562,1.81,120.815,1.562,2.208,1.39,21.75,22.681,31.478,17.9518,78,5.26,56.016,56.084,9.6117,11.488,22.693,23.125,48.753,8.398,10.76,0.778714,0.297106,7.8,2200,5750,0,9.46154,15.75,5914.26,5.77209,31.25,5.602,5.602,0,0,0,9.657,18.9,3200,39,1.195,41.9749,1.39,53,1.1,-1.5
2026-09-07T08:43:22.274797+00:00,1.34559,541.679,108,21.53,78.47,0,5902.2,3.7603,54.65,7.37224,1281.28,18.75,21.76,224.413,3.125,4.236,1.39,48.16,51.84,0,5907.6,5.7569,54.7,10.9016,1329.1,20.31,25.75,1695.78,25,33.26,1.395,6.124,83.29,10.59,5030.69,2.1382,46.5805,5.36133,307.423,6.25,5.991,92.2447,1.562,1.798,1.395,39.7,60.3,0,5907.6,6.2578,54.7,12.1785,1895.51,35.94,36.74,530.319,7.812,10.4,1.395,4.418,81.46,14.12,5030.69,1.8858,46.5805,4.10256,215.244,1.562,4.165,86.0314,1.538,1.675,1.395,8.53,88.5,2.972,5907.6,2.5001,54.7,4.88779,441.639,9.375,8.562,102.959,3.125,2.003,1.395,3.484,96.52,0,5907.6,2.0659,54.7,3.209,173.082,1.562,3.246,83.7474,1.562,1.473,1.395,2.617,97.38,0,5907.6,1.9669,54.7,1.99599,95.302,1.562,1.704,112.794,1.562,2.016,1.395,17.375,24.003,33.335,17.7827,68.5,5.2592,57.805,57.586,9.6577,11.543,23.922,22.75,50.662,8.788,10.3,0.877089,0.27575,6.85,2200,5750,0,9.61538,15.75,5917.29,5.59767,35.94,5.781,5.781,0,0,0,10.18,18.72,3200,39,1.195,41.9649,1.39,53,1.1,-1.5
2026-09-07T08:43:23.293131+00:00,1.50325,608.151,108,24.84,75.16,0,5902.2,3.8693,54.65,7.87363,1474.76,23.44,24.65,290.15,4.688,5.499,1.395,55.59,44.41,0,5902.2,7.4755,54.65,14.6586,2374.27,32.81,46.34,1156.47,23.44,22.59,1.39,7.704,88.56,3.741,5026.09,2.3937,46.5379,5.93925,385.281,6.25,7.472,97.5461,4.688,1.892,1.39,40.41,59.59,0,5902.2,6.099,54.65,12.4478,1741.1,28.12,33.48,729.585,12.5,14.19,1.39,4.621,84.33,11.05,5026.09,1.8831,46.5379,4.348,213.55,4.688,4.141,95.0198,4.762,1.839,1.39,9.768,89.92,0.3074,5026.09,2.6039,46.5379,5.00763,509.388,10.94,9.835,108.4,3.125,2.106,1.39,4.554,95.45,0,5902.2,2.1528,54.65,3.503,203.477,4.688,3.821,126.457,3.125,2.312,1.39,2.846,97.15,0,5902.2,1.9714,54.65,1.9015,109.23,3.125,1.866,115.736,4.688,2.09,1.39,17.875,27.811,38.484,19.3827,120.5,5.2665,63.172,63.322,9.6713,11.559,27.868,23.625,55.836,10.94,11.51,0.919813,0.348043,12.05,2200,5750,0,9.51923,16.25,5906.48,6.15725,32.81,6.317,6.317,0,0,0,11.86,20.4,3200,39,1.195,41.975,1.385,53,1.1,-1.5
2026-09-07T08:43:24.312043+00:00,1.49221,600.489,108,24.4,75.6,0,5880.6,3.8718,54.45,7.81525,1449.53,23.44,23.02,363.282,7.812,6.842,1.38,50.58,49.42,0,5886,6.8037,54.5,13.3679,2201.42,34.38,43.04,886.333,18.75,17.12,1.395,7.041,88.67,4.284,5012.3,2.4041,46.4102,6.00088,356.423,6.25,6.891,98.8537,3.125,1.924,1.395,44.18,55.82,0,5886,6.3457,54.5,12.7601,2032.77,34.38,39.34,664.377,10.94,12.88,1.395,4.585,85.83,9.583,5012.3,1.9907,46.4102,4.5715,223.069,1.562,4.334,84.4367,3.077,1.643,1.395,11.27,88.21,0.5173,5012.3,2.8353,46.4102,5.55275,566.739,6.25,10.87,141.465,3.125,2.761,1.395,4.592,95.41,0,5886,2.2167,54.5,3.68325,218.845,3.125,4.103,109.2,3.125,1.892,1.395,2.578,97.42,0,5886,1.995,54.5,2.10763,100.014,3.125,1.805,111.067,3.125,2.018,1.395,19.375,26.269,36.428,18.8467,124.5,5.2612,60.959,60.915,9.6378,11.519,26.249,23.625,53.734,10.35,11.28,0.818482,0.312905,12.45,2200,5750,0,9.50641,16,5910.35,6.128,34.38,6.096,6.096,0,0,0,11.17,19.84,3200,39,1.195,41.965,1.388,53,1.1,-1.5
2026-09-07T08:43:25.335348+00:00,1.51928,608.477,108,24.42,75.58,0,5902.2,3.8937,54.65,7.82363,1450.78,26.56,23.46,334.313,1.562,6.261,1.39,44.31,55.69,0,5896.8,7.0743,54.6,14.493,2022.83,28.12,39.3,695.517,10.94,13.34,1.39,6.415,89.25,4.338,5896.8,2.2424,54.6,5.651,323.228,3.125,6.29,85.6211,0,1.659,1.39,55.44,44.56,0,5896.8,6.8432,54.6,13.5442,3110.74,51.56,60.58,257.962,7.812,4.954,1.385,4.043,85.64,10.31,5021.49,1.8523,46.4953,4.18943,188.436,0,3.642,83.868,1.562,1.622,1.385,10.5,89.46,0.04681,5896.8,2.6877,54.6,5.45485,551.616,9.375,10.67,111.566,0,2.169,1.385,3.903,96.1,0,5896.8,2.1005,54.6,3.35572,191.066,3.125,3.553,98.8481,1.562,1.73,1.385,2.892,97.11,0,5896.8,2.0024,54.6,2.16281,103.049,1.562,1.822,126.198,1.562,2.249,1.385,21.25,24.605,34.091,19.555,86,5.2256,58.599,58.644,9.5893,11.461,24.636,24.125,51.301,9.277,11.46,0.905037,0.336882,8.6,2200,5750,0,9.25,15.75,5908.75,6.19702,51.56,5.86,5.86,0,0,0,10.48,20.58,3200,39,1.195,41.9652,1.387,53,1.1,-1.5
2026-09-07T08:43:26.352494+00:00,1.47898,590.641,108,24.18,75.82,0,5880.6,3.8878,54.45,7.74724,1436.82,21.88,24.03,286.035,4.688,5.329,1.38,40.96,59.04,0,5875.2,6.8432,54.4,13.978,1718.19,25,33.75,799.425,9.375,15.24,1.375,6.636,87.52,5.84,5049,2.2212,46.75,5.5763,340.314,4.688,6.589,84.6188,0,1.65,1.375,55.37,44.63,0,5875.2,6.5465,54.4,12.8057,2928.7,40.62,57.3,451.798,4.688,8.795,1.375,4.07,86.02,9.914,5049,1.8975,46.75,4.25577,194.048,1.562,3.8,77.3617,0,1.502,1.375,10.16,89.3,0.5417,5049,2.6471,46.75,5.27949,510.771,4.688,9.82,121.461,0,2.357,1.375,3.739,96.26,0,5875.2,2.0891,54.4,3.33007,174.316,1.562,3.287,106.429,0,1.841,1.375,2.787,97.21,0,5875.2,1.9948,54.4,2.12299,102.969,0,1.845,117.005,0,2.107,1.375,22.25,23.823,33.018,19.2243,125,5.241,57.514,57.445,9.6258,11.505,23.806,24.25,50.288,7.422,11.2,0.791003,0.302373,12.5,2200,5750,0,9.42308,16,5910.57,6.02121,40.62,5.751,5.751,0,0,0,10.13,20.24,3200,39,1.195,41.9749,1.388,53,1.1,-1.5
2026-09-07T08:43:27.371003+00:00,1.45837,578.968,108,23.55,76.45,0,5891.4,3.8447,54.55,7.66721,1397.82,29.69,24.75,196.095,9.375,3.686,1.39,45.21,54.79,0,5896.8,6.5284,54.6,13.0217,1774.29,25,34.68,1016.98,15.62,19.78,1.395,6.285,90,3.712,5021.49,2.2244,46.4953,5.50587,331.492,7.812,6.456,77.6269,3.125,1.504,1.395,49.66,50.34,0,5896.8,6.5648,54.6,12.9486,2768.15,42.19,54.14,255.953,6.25,4.952,1.395,4.945,85.79,9.269,5021.49,1.9559,46.4953,4.24326,248.564,9.375,4.854,79.4727,3.125,1.539,1.395,9.372,90.5,0.1253,5021.49,2.5361,46.4953,4.97865,481.32,18.75,9.328,112.632,3.125,2.184,1.395,4.023,95.98,0,5896.8,2.0569,54.6,3.20055,202.244,6.25,3.808,95.8995,3.125,1.707,1.395,2.791,97.21,0,5896.8,1.9369,54.6,1.90759,105.146,3.125,1.864,119.815,4.688,2.182,1.395,19.75,23.799,32.969,18.9514,109.5,5.2407,57.484,57.578,9.6174,11.495,23.803,24,50.229,11.91,11.09,0.813314,0.326147,10.95,2200,5750,0,9.39103,16,5910.62,5.90547,42.19,5.748,5.748,0,0,0,10.13,19.95,3200,39,1.195,41.99,1.387,53,1.1,-1.5
2026-09-07T08:43:28.390093+00:00,1.35651,538.429,108,21.77,78.23,0,5902.2,3.6115,54.65,7.22645,1294.78,12.5,22.93,192.586,1.562,3.621,1.395,34.26,65.74,0,5907.6,5.5618,54.7,10.9811,1414.44,15.62,27.53,698.583,12.5,13.45,1.395,6.338,89.51,4.157,5030.69,2.2523,46.5805,5.49649,310.212,4.688,6.013,93.3954,0,1.821,1.395,51.95,48.05,0,5907.6,6.1475,54.7,11.6139,2663.04,39.06,52.04,495.543,6.25,9.493,1.395,4.469,85.61,9.924,5030.69,1.9164,46.5805,4.25564,199.85,0,3.895,94.9242,1.562,1.845,1.395,10.72,89.15,0.1251,5030.69,2.7459,46.5805,5.21969,560.949,9.375,10.84,119.481,0,2.327,1.395,3.505,96.5,0,5907.6,2.049,54.7,3.28895,173.996,1.562,3.23,89.0708,0,1.565,1.395,2.639,97.36,0,5907.6,1.9427,54.7,1.97094,101.5,0,1.754,112.522,0,2.043,1.395,19.75,21.835,30.307,17.8391,76.5,5.2655,54.874,54.849,9.6448,11.527,21.827,23.375,47.626,6.543,10.28,0.89845,0.33517,7.65,2200,5750,0,9.37179,15.75,5915.17,5.7768,39.06,5.487,5.487,0,0,0,9.288,18.78,3200,39,1.195,41.9749,1.389,53,1.1,-1.5
2026-09-07T08:43:29.409319+00:00,1.37556,552.495,108,20.87,79.13,0,5891.4,3.4883,54.55,6.90435,1245.88,18.75,21.61,212.941,6.25,3.971,1.385,44.05,55.95,0,5886,5.7174,54.5,10.6096,1882.43,21.88,36.79,859.402,17.19,16.67,1.385,7.228,87.97,4.805,5012.3,2.3214,46.4102,5.48177,376.957,7.812,7.343,86.3725,3.125,1.68,1.385,42.28,57.72,0,5886,5.6979,54.5,10.7261,1426.17,25,27.79,1172.15,26.56,22.89,1.385,5.055,86.11,8.834,5012.3,1.969,46.4102,4.28034,257.369,4.688,5.023,76.3285,1.562,1.481,1.385,10.35,88.06,1.59,5886,2.613,54.5,4.68069,537.8,7.812,10.43,127.852,3.125,2.484,1.385,4.576,95.42,0,5886,2.1388,54.5,3.38624,215.984,1.562,4.096,116.128,1.562,2.047,1.385,3.141,96.86,0,5886,1.985,54.5,1.83566,111.965,1.562,1.994,134.199,1.562,2.433,1.385,16.875,21.629,30.024,17.6193,118,5.2367,54.562,54.592,9.6249,11.504,21.643,22.75,47.288,9.375,10.55,0.873674,0.337156,11.8,2200,5750,0,9.46795,16.25,5914.71,5.55932,26.56,5.456,5.456,0,0,0,9.21,18.55,3200,39,1.195,41.98,1.389,53,1.1,-1.5
2026-09-07T08:43:30.427459+00:00,1.35861,545.642,108,22.84,77.16,0,5902.2,3.7446,54.65,7.44376,1359.36,14.06,23.21,235.381,6.349,4.404,1.39,38.31,61.69,0,5902.2,5.7057,54.65,10.7156,1755.64,26.56,34.19,619.408,6.25,11.85,1.39,6.833,89.43,3.739,5026.09,2.2842,46.5379,5.57753,363.367,6.349,7.057,78.6209,1.587,1.536,1.39,45.53,54.47,0,5902.2,5.4305,54.65,10.0398,1254.83,15.62,24.4,1538.69,20.31,29.97,1.39,4.49,87.53,7.983,5026.09,1.978,46.5379,4.35922,229.942,0,4.498,72.8946,0,1.415,1.39,10.1,89.31,0.5845,5902.2,2.649,54.65,4.69652,549.664,4.688,10.61,96.7181,0,1.893,1.39,4.736,95.26,0,5902.2,2.1621,54.65,3.45792,225.039,0,4.258,111.975,0,1.918,1.39,3.019,96.98,0,5902.2,1.9988,54.65,1.88114,105.253,0,1.872,133.492,0,2.389,1.39,19.375,21.422,29.75,17.4432,97.5,5.2045,54.193,54.294,9.5872,11.458,21.424,22.25,46.933,6.362,10.34,0.886684,0.325794,9.75,2200,5750,0,9.48718,15.75,5915.52,5.66345,26.56,5.419,5.419,0,0,0,9.117,18.36,3200,39,1.195,41.99,1.39,53,1.1,-1.5
2026-09-07T08:43:31.445443+00:00,1.39927,563.308,108,22.82,77.18,0,5902.2,3.7324,54.65,7.34394,1363.34,29.69,23.62,221.308,7.692,4.17,1.39,38.94,61.06,0,5891.4,5.7174,54.55,10.8101,1799.69,26.56,35.03,634.444,7.812,12.12,1.39,7.228,90.72,2.049,5891.4,2.385,54.55,5.65882,368.768,13.85,7.159,100.091,3.077,1.944,1.39,47.36,52.64,0,5891.4,5.8421,54.55,10.7991,1774.82,28.12,34.63,1139.73,17.19,22.11,1.39,4.868,89.42,5.713,5016.9,2.0522,46.4527,4.41045,244.916,6.154,4.756,81.9041,4.615,1.575,1.39,10.84,88.74,0.4157,5891.4,2.6832,54.55,4.85634,565.798,10.94,10.94,127.242,3.077,2.473,1.39,4.422,95.58,0,5891.4,2.1748,54.55,3.45967,230.049,3.125,4.365,95.2637,4.688,1.691,1.39,3.439,96.56,0,5891.4,2.0523,54.55,2.05812,112.809,1.562,2.008,152.76,4.688,2.677,1.39,18.875,22.181,30.797,17.6331,120.5,5.269,55.371,55.001,9.7084,11.603,22.128,22,48.195,10.8,10.7,0.814934,0.33208,12.05,2200,5750,0,9.34615,15.5,5914.92,5.6478,29.69,5.537,5.537,0,0,0,9.416,18.56,3200,39,1.195,41.9699,1.39,53,1.1,-1.5
2026-09-07T08:43:32.208162+00:00,1.51679,611.495,108,23.65,76.35,0,5896.8,3.7804,54.6,7.77732,1410.9,17.19,23.93,259.322,3.125,4.881,1.39,51.72,48.28,0,5902.2,6.004,54.65,11.4319,1426.59,23.44,27.77,1776.85,28.12,34.66,1.395,8.807,90.65,0.5393,5026.09,2.5947,46.5379,6.2767,464.133,7.812,9.063,104.792,1.562,2.046,1.395,41.77,58.23,0,5902.2,6.1384,54.65,12.2106,829.323,14.06,15.99,1762.34,21.88,34.32,1.395,5.423,90.98,3.601,5026.09,2.1542,46.5379,4.84843,261.772,4.688,5.111,101.425,1.562,1.967,1.395,11.81,88.19,0,5902.2,2.7876,54.65,5.46058,635.302,9.375,12.29,122.376,3.125,2.388,1.395,4.875,95.13,0,5902.2,2.2016,54.65,3.75524,250.271,6.25,4.701,98.6885,1.562,1.741,1.395,3.611,96.39,0,5026.09,2.088,46.5379,2.35055,121.594,1.562,2.14,158.244,3.125,2.892,1.395,20.25,25.378,35.179,18.2123,97,5.2458,59.832,60.098,9.6946,11.587,25.398,22.125,52.537,9.277,11.62,1.07619,0.398618,9.7,2200,5750,0,9.45513,15.5,5911.03,6.05876,28.12,5.983,5.983,0,0,0,10.81,19.17,3200,39,1.195,41.99,1.388,53,1.1,-1.5
2026-09-07T08:43:33.225303+00:00,1.29906,521.93,108,20.84,79.16,0,5896.8,3.5436,54.6,6.91279,1241.84,21.88,21.21,219.005,3.125,4.179,1.385,52.07,47.93,0,5902.2,5.9568,54.65,10.7123,1242.44,26.56,24.25,1941.8,29.69,38,1.395,6.187,88.63,5.18,5026.09,2.1939,46.5379,5.22885,298.332,4.688,5.814,101.461,4.762,1.978,1.395,30.24,69.76,0,5026.09,5.1197,46.5379,9.99737,669.454,25,12.88,1225.18,10.94,23.87,1.395,4.34,85.41,10.25,5026.09,1.874,46.5379,4.05506,208.463,9.375,4.074,85.0869,3.175,1.655,1.395,9.321,89.51,1.174,5026.09,2.5383,46.5379,4.57833,481.156,9.375,9.376,109.088,3.175,2.126,1.395,4.097,95.9,0,5902.2,2.0801,54.65,3.19795,200.585,4.688,3.789,101.823,3.125,1.757,1.395,2.811,97.19,0,5902.2,1.9541,54.65,1.88964,98.3825,4.688,1.751,126.783,3.125,2.301,1.395,17.875,22.773,31.629,17.3113,75,5.2686,56.283,56.085,9.7177,11.614,22.771,21.625,49.038,10.46,9.938,0.744052,0.305547,7.5,2200,5750,0,9.57051,16,5917.23,5.47598,29.69,5.628,5.628,0,0,0,9.69,18.22,3200,39,1.195,41.985,1.39,53,1.1,-1.5
2026-09-07T08:43:34.242348+00:00,1.57772,632.498,108,24.3,75.7,0,5864.4,3.9174,54.3,7.96965,1443.16,20.31,23.66,335.281,1.562,6.305,1.38,50.81,49.19,0,5875.2,6.6665,54.4,13.1495,1719.95,23.44,33.56,1395.33,21.88,27.23,1.375,7.066,88.86,4.073,5049,2.2395,46.75,5.72313,365.528,4.688,7.066,84.4277,0,1.638,1.375,52.05,47.95,0,5049,6.8573,46.75,13.6807,1227.86,12.5,23.91,1951.46,29.69,38.11,1.375,5.054,88.75,6.192,5049,1.9797,46.75,4.47811,237.125,6.25,4.608,95.2142,1.538,1.852,1.375,10.99,87.33,1.674,5049,2.6142,46.75,5.20585,573.742,10.94,11.02,119.759,0,2.331,1.375,4.45,95.55,0,5875.2,2.0733,54.4,3.4352,215.238,0,4.04,109.65,0,1.918,1.375,3.055,96.94,0,5875.2,1.9269,54.4,1.94142,107.693,0,1.932,138.555,0,2.531,1.375,24.625,27.286,37.704,19.9256,124,5.247,62.28,62.486,9.6366,11.518,27.3,23.625,54.994,8.299,11.98,0.990607,0.375061,12.4,2200,5750,0,9.53205,16.25,5903.62,6.17027,29.69,6.228,6.228,0,0,0,11.62,20.97,3200,39,1.195,41.995,1.383,53,1.1,-1.5
2026-09-07T08:43:35.260079+00:00,1.64589,656.342,108,24.38,75.62,0,5902.2,3.8972,54.65,7.99389,1446.81,21.88,24.09,306.14,7.812,5.771,1.39,54.93,45.07,0,5880.6,7.2235,54.45,14.9195,2665.75,46.88,52.16,695.351,10.94,13.47,1.375,6.602,89.61,3.792,5007.7,2.2224,46.3676,5.69723,333.089,6.25,6.481,88.5877,3.125,1.721,1.375,56.25,43.75,0,5880.6,7.3325,54.45,15.0805,1621.01,28.12,31.61,1804.11,25,35.33,1.375,4.869,87.08,8.048,5007.7,1.9258,46.3676,4.34194,238.096,4.688,4.6,85.8956,3.125,1.663,1.375,10.25,87.81,1.938,5007.7,2.5326,46.3676,5.43975,512.621,4.688,9.909,134.088,3.125,2.601,1.375,4.147,95.85,0,5880.6,2.0332,54.45,3.2989,204.073,3.125,3.869,110.216,3.125,2.003,1.375,3.16,96.84,0,5880.6,1.9167,54.45,2.0751,114.952,3.125,2.078,140.689,3.125,2.535,1.375,26,25.039,34.557,21.4247,125,5.1662,58.827,58.686,9.4631,11.312,25.043,24.875,51.551,11.13,12.49,1.03903,0.376014,12.5,2200,5750,0,9.28205,15.5,5898.98,6.34905,46.88,5.883,5.883,0,0,0,10.66,22.55,3200,39,1.195,41.995,1.381,53,1.1,-1.5
2026-09-07T08:43:36.277168+00:00,1.60527,638.953,108,23.31,76.69,0,5880.6,3.715,54.45,7.6925,1383.4,20.63,24.58,222.705,9.524,4.217,1.38,56.2,43.8,0,5891.4,7.4633,54.55,15.0464,2654.63,44.44,51.83,784.971,14.29,15.31,1.385,6.679,87.35,5.975,5016.9,2.1216,46.4527,5.56586,337.902,6.349,6.597,92.0261,1.587,1.775,1.385,51.08,48.92,0,5012.3,6.9423,46.4102,14.2153,2107.52,38.1,41.26,1019.55,7.937,19.98,1.385,4.628,85.93,9.446,5012.3,1.8447,46.4102,4.25684,228.256,3.175,4.494,81.1732,1.587,1.561,1.385,10.98,86.68,2.34,5012.3,2.6128,46.4102,5.33181,568.256,12.7,11.1,141.031,1.587,2.414,1.385,4.512,95.49,0,5886,2.0152,54.5,3.30686,219.874,3.175,4.154,121.942,1.587,2.225,1.38,3.132,96.87,0,5886,1.8722,54.5,1.81104,117.438,1.587,2.117,142.581,1.587,2.563,1.38,20.75,23.716,32.731,21.1473,102.5,5.2074,57.156,57.281,9.574,11.443,23.712,25.5,49.902,10.62,12.26,0.935266,0.361151,10.25,2200,5750,0,9.47436,16,5897.92,6.36132,44.44,5.716,5.716,0,0,0,10.09,22.26,3200,39.0051,1.195,41.9899,1.381,53,1.1,-1.5
2026-09-07T08:43:37.297369+00:00,1.63655,651.402,108,24.22,75.78,0,5880.6,3.8077,54.45,7.82343,1437.92,23.08,24.99,241.487,3.077,4.541,1.385,53.08,46.92,0,5886,7.2778,54.5,15.0214,2462.88,41.54,48.25,802.618,13.85,15.56,1.38,7.216,90.12,2.663,5886,2.3063,54.5,5.85102,368.313,4.615,7.131,98.8038,3.077,1.928,1.38,57.49,42.51,0,5886,7.5377,54.5,15.04,3200.12,53.85,62.46,341.601,4.615,6.564,1.38,4.53,87.9,7.566,5886,1.9153,54.5,4.44322,205.82,3.077,4.006,94.228,3.077,1.838,1.38,9.894,89.02,1.09,5886,2.5085,54.5,5.15047,495.949,9.231,9.518,117.783,3.077,2.612,1.38,4.319,95.68,0,5886,2.0366,54.5,3.41663,204.552,4.615,3.871,114.171,3.077,2.059,1.38,2.903,97.1,0,5886,1.8871,54.5,1.78902,107.839,3.077,1.974,128.342,3.077,2.402,1.38,21.75,24.42,33.709,21.4489,116.5,5.2144,58.13,58.096,9.5852,11.457,24.39,25.75,50.902,11.25,12.48,1.07484,0.374898,11.65,2200,5750,0,9.67949,16,5898.43,6.50832,53.85,5.813,5.813,0,0,0,10.38,22.58,3200,39,1.195,41.9851,1.382,53,1.1,-1.5
2026-09-07T08:43:38.317142+00:00,1.62358,646.653,108,23.91,76.09,0,5902.2,3.8028,54.65,8.00827,1418.94,12.5,23.48,315.064,4.762,5.97,1.39,56.23,43.77,0,5875.2,7.8578,54.4,15.8422,2954.67,40.62,56.92,506.756,9.524,9.975,1.38,7.095,88.44,4.469,5049,2.2389,46.75,5.98422,345.286,7.937,6.82,102.008,0,1.95,1.38,52.22,47.78,0,5880.6,6.8373,54.45,14.201,2811.94,46.88,55.57,330.186,6.349,6.488,1.38,4.43,87.75,7.82,5880.6,1.8558,54.45,4.50125,203.005,4.762,3.995,96.8187,1.587,1.893,1.375,10.85,88.62,0.525,5880.6,2.5836,54.45,5.23459,568.254,6.349,11.12,108.987,0,2.136,1.375,4.404,95.6,0,5880.6,2.0372,54.45,3.52492,200.362,0,3.806,126.167,1.562,2.332,1.375,3.224,96.78,0,5880.6,1.918,54.45,1.88515,124.305,0,2.261,133.697,0,2.47,1.375,23.625,25.904,35.769,21.4538,68.5,5.1849,60.164,60.08,9.5333,11.396,25.926,26.125,52.868,8.927,12.32,1.01337,0.377293,6.85,2200,5750,0,9.49359,15.75,5899.73,6.62751,46.88,6.016,6.016,0,0,0,11.03,22.58,3200,38.995,1.195,41.995,1.382,53,1.1,-1.5
2026-09-07T08:43:39.334787+00:00,1.66433,663.723,108,24.26,75.74,0,5880.6,3.8364,54.45,8.1174,1438.65,20.31,25.4,243.817,4.615,4.627,1.38,60.91,39.09,0,5875.2,7.6073,54.4,15.7574,2250.8,32.81,45.27,1468.64,23.08,28.27,1.38,8.13,87.09,4.782,5875.2,2.3585,54.4,6.124,402.214,9.231,7.716,121.416,0,2.386,1.38,49.17,50.83,0,5875.2,7.1957,54.4,14.844,2331.6,42.19,45.24,712.253,9.231,13.75,1.38,4.959,87.52,7.522,5049,1.9535,46.75,4.63547,248.646,4.615,4.802,88.5749,1.538,1.706,1.38,11.53,88.14,0.3313,5875.2,2.6822,54.4,5.4838,575.497,10.77,11.18,148.309,1.538,2.856,1.38,4.149,95.85,0,5875.2,2.006,54.4,3.52779,204.211,3.125,3.838,114.849,0,2.059,1.38,3.324,96.68,0,5875.2,1.9133,54.4,1.92996,129.259,1.562,2.352,140.83,1.562,2.573,1.38,21.25,27.278,37.638,21.7272,119.5,5.262,62.262,62.289,9.7198,11.617,27.24,26.125,55.043,10.39,12.75,1.10048,0.412799,11.95,2200,5750,0,9.57051,16.5,5898.3,6.70588,42.19,6.226,6.226,0,0,0,11.59,22.87,3200,38.995,1.195,42,1.381,53,1.1,-1.5
2026-09-07T08:43:40.353293+00:00,1.56524,622.195,108,24.41,75.59,0,5902.2,3.8327,54.65,8.10138,1448.92,20.31,24.74,262.727,3.125,5.036,1.395,46.48,53.52,0,5030.69,7.0463,46.5805,14.7124,2253.08,28.12,44.02,601.543,7.812,11.63,1.395,7.876,87.44,4.683,5030.69,2.3359,46.5805,6.11513,400.576,12.5,7.771,99.484,1.562,1.931,1.395,55.1,44.9,0,5030.69,6.8329,46.5805,13.7736,3119.88,43.75,61.04,217.99,1.562,4.264,1.395,5.04,87.53,7.429,5030.69,1.9705,46.5805,4.6605,236.869,6.25,4.603,100.437,1.587,1.951,1.395,10.36,88.39,1.248,5030.69,2.5354,46.5805,5.1785,547.838,7.812,10.55,107.54,6.25,2.095,1.395,4.378,95.62,0,5907.6,2.044,54.7,3.5625,222.733,3.125,4.224,98.5818,1.562,1.708,1.395,2.881,97.12,0,5907.6,1.8952,54.7,1.91563,109.65,1.562,1.98,127.276,1.562,2.314,1.395,16,24.981,34.495,20.7677,70.5,5.2705,59.205,59.367,9.6568,11.542,25.06,26.125,51.834,9.279,11.87,0.896106,0.334948,7.05,2200,5750,0,9.69872,16.5,5899.52,6.47788,43.75,5.92,5.92,0,0,0,10.66,21.86,3200,38.995,1.195,41.995,1.383,53,1.1,-1.5
2026-09-07T08:43:41.369770+00:00,1.65208,659.403,108,24.13,75.87,0,5875.2,3.8211,54.4,7.83825,1432.48,23.44,24.53,263.996,9.375,5.023,1.375,52.89,47.11,0,5891.4,7.9741,54.55,16.5069,2689.16,51.56,52.61,587.536,7.812,11.41,1.39,6.605,88.74,4.659,5016.9,2.1822,46.4527,5.56013,325.749,7.812,6.365,98.7024,4.688,1.914,1.39,59.6,40.4,0,5891.4,7.1796,54.55,14.4149,2589.53,45.31,50.64,1045.59,17.19,20.5,1.39,4.264,88.16,7.579,5016.9,1.8537,46.4527,4.17813,203.819,6.25,3.971,85.4745,4.615,1.656,1.39,9.913,88.04,2.047,5016.9,2.4743,46.4527,5.01025,508.112,14.06,9.838,121.197,4.688,2.346,1.39,4.882,95.12,0,5891.4,2.055,54.55,3.3145,229.321,6.25,4.303,128.186,4.688,2.322,1.39,2.93,97.07,0,5891.4,1.8552,54.55,1.67388,112.507,6.25,2.066,129.095,4.688,2.368,1.39,22.25,24.836,34.247,22.224,118.5,5.1788,58.516,58.418,9.5052,11.362,24.796,26.75,51.305,13.67,12.62,1.02446,0.383119,11.85,2200,5750,0,9.57051,16,5895.29,6.41088,51.56,5.852,5.852,0,0,0,10.55,23.39,3200,39,1.195,41.995,1.38,53,1.1,-1.5
2026-09-07T08:43:42.388413+00:00,1.58568,637.85,108,22.28,77.72,0,5891.4,3.6707,54.55,7.50449,1324.22,15.62,23.31,218.86,1.562,4.132,1.39,50.92,49.08,0,5880.6,6.6439,54.45,13.706,1625.05,26.56,31.79,1634.04,23.44,31.95,1.38,6.658,88.29,5.049,5880.6,2.1748,54.45,5.52919,339.396,6.25,6.614,88.7743,1.562,1.723,1.38,55.51,44.49,0,5880.6,7.8441,54.45,15.9687,630.779,6.25,12.2,2759.04,40.62,54.13,1.38,5.127,86.79,8.083,5007.7,1.9425,46.3676,4.29741,233.733,3.125,4.559,106.59,3.125,2.07,1.38,10.2,87.88,1.927,5880.6,2.5324,54.45,5.41791,500.617,6.25,9.78,139.27,1.562,2.701,1.38,4.556,95.44,0,5880.6,2.0212,54.45,3.2621,208.561,0,3.974,130.726,3.125,2.404,1.38,3.312,96.69,0,5880.6,1.9031,54.45,1.92465,124.204,1.562,2.248,141.743,1.562,2.524,1.38,16.5,23.774,32.83,21.2525,115,5.2597,57.395,57.422,9.6462,11.529,23.759,26.5,50.145,8.887,12.26,1.1091,0.386326,11.5,2200,5750,0,9.47436,16,5899.72,6.27844,40.62,5.739,5.739,0,0,0,10.11,22.37,3200,39,1.195,41.99,1.382,53,1.1,-1.5
2026-09-07T08:43:43.406411+00:00,1.62138,648.172,108,23.67,76.33,0,5875.2,3.7937,54.4,7.82955,1406.5,15.62,23.67,272.92,1.562,5.227,1.375,54.65,45.35,0,5886,7.7534,54.5,15.8343,2381.48,32.81,46.59,1005.23,17.19,19.59,1.38,6.941,91.65,1.41,5012.3,2.2811,46.4102,5.82792,353.534,3.125,6.886,94.1951,0,1.831,1.38,53.22,46.78,0,5886,6.8964,54.5,14.0959,769.038,7.812,14.9,2473.45,40.62,48.5,1.38,5.591,90.66,3.749,5012.3,2.0982,46.4102,4.64348,262.596,6.25,5.115,104.594,0,2.031,1.38,10.39,89.34,0.2742,5012.3,2.5455,46.4102,5.0502,530.536,6.25,10.28,122.112,0,2.375,1.38,4.507,95.49,0,5886,2.0479,54.5,3.41359,218.248,1.562,4.043,117.639,0,2.15,1.38,3.177,96.82,0,5886,1.9146,54.5,1.8037,116.784,0,2.116,141.898,0,2.601,1.38,19.375,24.227,33.442,21.5282,115.5,5.2625,58.098,58.117,9.6693,11.557,24.256,26.5,50.788,8.301,12.37,1.02269,0.377568,11.55,2200,5750,0,9.39103,16,5898.53,6.45754,40.62,5.81,5.81,0,0,0,10.32,22.66,3200,39,1.195,42,1.382,53,1.1,-1.5
2026-09-07T08:43:44.424434+00:00,1.61529,638.979,108,24.12,75.88,0,5896.8,3.8121,54.6,7.8411,1431.67,15.62,25.08,235.605,3.125,4.463,1.385,50.9,49.1,0,5886,6.4264,54.5,13.0865,1356.11,17.19,26.47,1749.21,26.56,34.18,1.39,6.374,89.25,4.38,5012.3,2.1504,46.4102,5.55646,308.443,7.812,6.027,101.802,1.562,1.977,1.39,57.05,42.95,0,5012.3,7.9871,46.4102,16.0565,846.911,10.94,16.41,2616.81,39.06,51.31,1.39,4.489,87.66,7.848,5012.3,1.8764,46.4102,4.28328,214.792,3.125,4.157,88.9289,0,1.729,1.39,11.12,87.4,1.487,5012.3,2.6271,46.4102,5.43445,554.571,14.06,10.82,140.551,0,2.734,1.39,4.604,95.4,0,5886,2.0548,54.5,3.34721,229.566,3.125,4.377,111.493,1.562,1.952,1.39,2.882,97.12,0,5886,1.864,54.5,1.72009,110.444,0,1.981,126.763,0,2.324,1.39,28.375,23.952,33.039,21.1442,100,5.1805,57.346,57.322,9.4993,11.354,23.942,26.375,50.092,8.984,12.25,1.0588,0.38145,10,2200,5750,0,9.3141,15.75,5896.44,6.30072,39.06,5.735,5.735,0,0,0,10.19,22.26,3200,39,1.195,42,1.381,53,1.1,-1.5
2026-09-07T08:43:45.442092+00:00,1.95227,827.311,108,27.64,72.36,0,5745.6,4.0721,53.2,8.49747,1629.93,20.31,26.48,418.298,7.937,8.037,1.33,64.72,35.28,0,5788.8,8.1489,53.6,16.6534,2392.92,35.94,46.86,1836.57,37.5,35.93,1.335,11.77,83.87,4.362,5788.8,2.6633,53.6,6.68914,621.587,14.06,12.17,252.044,7.937,4.926,1.335,55.41,44.59,0,5788.8,7.6157,53.6,15.8643,909.485,18.75,17.67,2593.37,46.88,50.85,1.335,9.5,82.87,7.631,5019.98,2.3062,46.4813,5.2149,493.289,7.812,9.69,218.994,6.349,4.282,1.335,15.06,82.63,2.309,5788.8,2.9179,53.6,6.00455,678.793,14.06,13.2,344.694,6.25,6.74,1.34,6.99,93.01,0,5788.8,2.2251,53.6,3.79482,362.66,9.375,6.912,144.216,7.812,2.683,1.34,4.134,95.87,0,5788.8,1.9356,53.6,1.89672,166.516,4.688,3.114,173.611,4.688,3.263,1.34,28,26.474,36.262,22.9166,121.5,5.1876,60.492,59.552,9.5033,11.36,26.367,27.375,53.328,15.65,15.8,1.57457,0.493719,12.15,2200,5750,0,9.61538,16.75,5883.48,6.57778,46.88,6.049,6.049,0,0,0,11.22,24.12,3200,38.995,1.195,42,1.374,53,1.1,-1.5
2026-09-07T08:43:46.460965+00:00,1.70764,685.05,108,24.77,75.23,0,5832,3.7874,54,8.2228,1468.29,26.56,25.88,268.584,3.077,5.131,1.375,56.29,43.71,0,5886,8.0564,54.5,16.8335,2766.36,46.88,54.1,727.404,9.375,14.17,1.375,8.593,86.73,4.677,5012.3,2.3742,46.4102,6.50012,412.398,10.94,8.036,134.566,1.538,2.611,1.38,54.4,45.6,0,5886,6.7996,54.5,14.3157,2570.02,39.06,50.26,800.207,18.75,15.67,1.38,6.132,85.89,7.975,5012.3,2.0131,46.4102,5.02171,294.031,4.688,5.74,110.103,0,2.129,1.38,11.18,87.24,1.586,5886,2.6094,54.5,5.65095,552.798,7.812,10.8,151.814,1.562,2.943,1.38,5.419,94.58,0,5886,2.1076,54.5,3.82822,270.889,6.25,5.061,122.175,3.125,2.213,1.38,3.994,96.01,0,5012.3,1.9734,46.4102,2.20072,150.191,1.562,2.755,160.98,4.688,2.973,1.38,21.75,25.134,34.582,22.0518,115,5.2583,59.375,60.288,9.6766,11.565,25.243,27.25,51.931,11.62,13.16,1.43677,0.482729,11.5,2200,5750,0,9.73077,15.75,5892.05,6.82061,46.88,5.937,5.937,0,0,0,10.74,23.21,3200,39,1.195,41.995,1.378,53,1.1,-1.4375
2026-09-07T08:43:47.225289+00:00,1.52877,607.413,108,22.9,77.1,0,5886,3.766,54.5,7.7128,1361.86,20.31,24.29,194.766,9.524,3.709,1.385,45.19,54.81,0,5049,6.4672,46.75,13.0343,2111.19,32.81,41.32,693.485,17.46,13.49,1.39,6.947,87.89,5.162,5049,2.2624,46.75,5.78557,322.623,9.524,6.3,114.822,0,2.25,1.39,54.33,45.67,0,5853.6,6.8622,54.2,13.3025,3036.23,51.56,59.28,300.243,6.349,5.876,1.38,5.141,85.6,9.262,5030.44,1.9374,46.5781,4.43562,249.783,3.175,4.899,83.125,0,1.619,1.38,10.36,87.43,2.205,5030.44,2.5644,46.5781,5.07415,535.099,11.11,10.42,111.246,1.587,2.159,1.38,5.015,94.98,0,5853.6,2.1333,54.2,3.56187,232.172,3.125,4.433,130.212,1.587,2.31,1.38,2.997,97,0,5853.6,1.92,54.2,1.84043,117.344,3.125,2.135,124.411,1.562,2.311,1.38,19.5,22.961,31.788,19.6638,105,5.2596,56.447,56.404,9.7032,11.597,22.957,26.5,49.17,10.8,11.67,1.20382,0.435961,10.5,2200,5750,0,9.35897,16,5905.24,6.19865,51.56,5.645,5.645,0,0,0,9.769,20.7,3200,39,1.195,42,1.386,53,1.1,-1.5
2026-09-07T08:43:48.244290+00:00,1.68657,680.988,108,26.72,73.28,0,5886,4.0922,54.5,8.4789,1584.75,28.12,26.17,377.133,7.692,7.192,1.38,62.68,37.32,0,5886,7.7468,54.5,15.6431,2242.71,31.25,43.92,1661.85,26.15,32.55,1.38,7.462,89.2,3.338,5012.3,2.2952,46.4102,6.03484,372.823,1.538,7.279,104.927,0,2.043,1.38,47.69,52.31,0,5896.8,6.7283,54.6,14.115,2065.95,35.94,40.39,841.816,10.77,16.5,1.385,5.344,87.84,6.821,5021.49,2.0008,46.4953,4.62375,247.306,3.077,4.828,103.648,0,2.024,1.385,11.07,87.56,1.362,5021.49,2.6091,46.4953,5.31981,568.397,9.231,11.09,124.58,1.562,2.427,1.385,4.395,95.61,0,5896.8,2.0292,54.6,3.48127,215.39,1.562,4.145,117.133,1.538,2.176,1.385,3.299,96.7,0,5896.8,1.8857,54.6,1.89236,123.384,0,2.237,144.009,0,2.604,1.385,20.75,23.975,33.073,21.4811,120.5,5.2099,57.545,57.503,9.6046,11.48,23.957,26.625,50.284,9.902,12.97,1.2762,0.407926,12.05,2200,5750,0,9.1859,16.25,5895.87,6.5211,35.94,5.755,5.755,0,0,0,10.19,22.61,3200,38.995,1.195,41.99,1.38,53,1.1,-1.4375
2026-09-07T08:43:49.263643+00:00,1.51258,607.042,108,23.47,76.53,0,5896.8,3.7651,54.6,7.57432,1399.87,25,23.79,263.727,3.125,4.952,1.385,52.03,47.97,0,5875.2,6.1472,54.4,11.404,1575.44,28.12,30.41,1676.58,28.57,32.85,1.38,7.368,88.38,4.254,5875.2,2.3418,54.4,5.79354,343.471,6.349,6.618,125.737,3.125,2.436,1.38,42.94,57.06,0,5875.2,5.6183,54.4,10.9397,1446.2,20.63,28.11,1173.71,14.06,22.88,1.38,5.355,85.08,9.56,5875.2,2.0353,54.4,4.50163,262.849,4.762,5.076,90.4416,0,1.735,1.38,12.31,86.77,0.9158,5875.2,2.8458,54.4,5.27002,670.585,11.11,12.96,102.017,1.562,1.965,1.38,4.495,95.51,0,5875.2,2.1445,54.4,3.50726,215.181,3.175,4.037,111.328,1.562,1.979,1.38,3.297,96.7,0,5875.2,2.0189,54.4,2.05418,122.192,0,2.12,133.348,0,2.325,1.38,23.625,22.74,31.594,17.6912,123,5.2204,56.187,56.061,9.6479,11.531,22.745,25.375,48.867,9.448,11.51,1.7231,0.443712,12.3,2200,5750,0,9.46795,16,5915.66,5.92843,28.57,5.619,5.619,0,0,0,9.679,18.62,3200,38.995,1.195,41.99,1.391,53,1.1,-1.5
2026-09-07T08:43:50.282142+00:00,1.60699,654.662,108,26.36,73.64,0,5896.8,4.1049,54.6,8.50728,1569.41,23.81,25.27,387.448,6.349,7.295,1.39,46.8,53.2,0,5896.8,6.0901,54.6,11.8197,1722.8,22.22,33.74,1224.93,21.88,23.78,1.39,10.23,87.56,2.204,5896.8,2.7131,54.6,6.75038,506.531,9.375,9.928,140.109,9.375,2.726,1.39,47.15,52.85,0,5896.8,6.0435,54.6,11.8045,1431.9,17.19,27.99,1495.14,28.57,29.09,1.39,6.792,89.06,4.152,5896.8,2.2773,54.6,5.17708,333.167,6.25,6.542,104.164,4.688,2.026,1.39,13.06,86.57,0.3684,5896.8,2.9141,54.6,5.63127,704.317,15.62,13.69,107.012,4.688,2.084,1.39,6.165,93.83,0,5896.8,2.3429,54.6,4.10693,296.622,4.688,5.663,140.189,4.762,2.418,1.39,4.138,95.86,0,5896.8,2.139,54.6,2.41353,154.293,3.175,2.835,156.563,6.349,2.857,1.39,21.25,27.468,38.017,18.4468,83.5,5.2289,62.612,62.737,9.6609,11.548,27.479,24.75,55.317,11.81,12.37,1.19926,0.472483,8.35,2200,5750,0,9.44231,15.75,5904,6.11082,28.57,6.261,6.261,0,0,0,11.69,19.42,3200,39.005,1.195,41.995,1.385,53,1.1,-1.5
2026-09-07T08:43:51.300209+00:00,1.48705,599.661,108,24.28,75.72,0,5896.8,3.9127,54.6,7.94854,1450.71,20,24.11,280.28,6.154,5.283,1.395,40.9,59.1,0,5902.2,5.7028,54.65,10.767,1965.56,32.31,38.34,610.991,7.692,11.67,1.39,9.177,89.27,1.557,5026.09,2.5829,46.5379,6.27344,458.612,6.154,8.957,124.106,3.077,2.428,1.39,46.45,53.55,0,5902.2,5.8147,54.65,10.8748,2390.55,35.38,46.67,470.771,6.154,8.971,1.39,6.399,88.74,4.863,5026.09,2.2382,46.5379,4.93824,314.879,7.692,6.19,97.5255,1.538,1.901,1.39,12.1,87.9,0,5026.09,2.8706,46.5379,5.21106,625.74,10.77,12.19,135.224,3.077,2.641,1.39,5.697,94.3,0,5902.2,2.332,54.65,3.94568,270.79,3.077,5.132,120.335,3.077,2.181,1.39,3.699,96.3,0,5902.2,2.1378,54.65,2.187,134.37,3.077,2.409,144.127,3.077,2.625,1.39,16.875,25.04,34.765,17.613,77,5.2574,59.366,59.457,9.6468,11.53,25.056,23.875,52.079,9.519,11.36,1.04857,0.377766,7.7,2200,5750,0,9.37821,15.75,5911.16,5.92522,35.38,5.937,5.937,0,0,0,10.66,18.54,3200,38.9901,1.195,42.005,1.39,53,1.1,-1.4375
2026-09-07T08:43:52.319214+00:00,1.27749,519.041,108,21.29,78.71,0,5902.2,3.6515,54.65,7.13459,1272.59,17.19,21.53,244.754,3.125,4.639,1.39,35.62,64.38,0,5902.2,5.0497,54.65,8.97348,1269.23,17.19,24.62,987.327,10.94,19.19,1.39,7.257,87.61,5.13,5026.09,2.2978,46.5379,5.51282,375.782,4.688,7.411,87.3611,1.562,1.698,1.39,38.97,61.03,0,5026.09,5.0555,46.5379,9.05329,993.224,12.5,19.26,1420.59,23.44,27.69,1.39,5.27,83.27,11.46,5026.09,1.9461,46.5379,4.25187,263.963,1.562,5.192,80.5277,0,1.561,1.39,10.66,88.59,0.7528,5026.09,2.7032,46.5379,4.60682,561.872,3.125,11.04,118.773,0,2.326,1.39,5.103,94.9,0,5902.2,2.2203,54.65,3.52104,252.015,1.562,4.763,107.77,0,1.883,1.39,3.579,96.42,0,5902.2,2.0805,54.65,2.00249,122.166,0,2.195,146.698,0,2.665,1.39,18.5,20.542,28.553,16.6168,82,5.247,53.069,53.063,9.6121,11.488,20.56,22.75,45.813,6.055,9.854,0.583642,0.242124,8.2,2200,5750,0,9.37821,16,5916.57,5.3699,23.44,5.307,5.307,0,0,0,8.749,17.49,3200,39,1.195,41.995,1.392,53,1.1,-1.4375
2026-09-07T08:43:53.337769+00:00,1.11157,442.287,108,18.83,81.17,0,5907.6,3.3563,54.7,6.32932,1122.56,18.75,19.09,206.772,6.25,3.871,1.39,34.84,65.16,0,5907.6,4.3197,54.7,7.10404,1627.35,25,31.67,519.539,6.25,9.972,1.39,5.816,79.25,14.93,5030.69,1.8891,46.5805,4.66591,282.306,4.688,5.455,74.6225,3.125,1.428,1.39,33.5,66.5,0,5907.6,4.6332,54.7,7.8932,1377.56,23.44,26.79,665.579,10.94,12.81,1.39,3.488,74.95,21.56,5030.69,1.5391,46.5805,3.39445,158.299,1.562,3.022,59.636,0,1.123,1.39,8.22,87.92,3.861,5030.69,2.3844,46.5805,3.83672,434.087,10.94,8.373,78.4317,0,1.505,1.39,3.879,96.12,0,5907.6,2.0848,54.7,3.04104,177.631,1.562,3.289,96.5611,0,1.594,1.39,2.587,97.41,0,5907.6,1.9494,54.7,1.56225,89.2008,0,1.54,106.447,1.562,1.858,1.39,17.875,18.601,25.867,16.4023,93,5.2508,50.408,50.466,9.6574,11.542,18.593,22,43.185,7.129,8.337,0.6316,0.277596,9.3,2200,5664.35,0,9.60256,16.25,5920.02,4.87613,25,5.041,5.041,0,0,0,7.912,17.27,3200,39.005,1.195,42,1.392,53,1.1,-1.4375
2026-09-07T08:43:54.354268+00:00,1.04393,413.197,108,17.21,82.79,0,5907.6,3.2503,54.7,6.16406,1025.35,22.22,17.39,169.509,3.175,3.206,1.39,25.58,74.42,0,5902.2,3.9695,54.65,6.62891,1256.13,20.63,24.27,321.697,4.762,6.007,1.395,4.911,83.45,11.64,5902.2,1.9044,54.65,4.57523,239.839,7.937,4.585,65.3812,3.175,1.254,1.395,39.74,60.26,0,5902.2,4.4042,54.65,7.00958,1852.62,26.98,36.13,558.358,6.349,10.61,1.395,3.298,75.66,21.04,5902.2,1.5354,54.65,3.40638,155.251,4.762,2.963,47.4784,3.125,0.8915,1.395,8.325,90.16,1.517,5902.2,2.4251,54.65,3.72593,437.001,9.524,8.36,86.7966,3.175,1.688,1.395,2.956,97.04,0,5902.2,1.9702,54.65,2.88117,149.246,1.587,2.674,65.8899,1.587,1.075,1.395,2.375,97.63,0,5902.2,1.9188,54.65,1.52722,90.0838,1.587,1.463,90.5169,3.175,1.553,1.395,17.375,17.783,24.742,16.0222,81,5.2484,49.29,49.366,9.6699,11.557,17.769,21.125,42.073,7.735,7.758,0.585161,0.238831,8.1,2200,5480.43,0,9.55128,15.5,5923.05,4.80355,26.98,4.929,4.929,0,0,0,7.561,16.87,3200,39,1.195,41.995,1.393,53,1.1,-1.5
2026-09-07T08:43:55.372173+00:00,0.912436,360.354,108,14.49,85.51,0,5907.6,2.9942,54.7,5.55947,864.045,9.231,14.51,142.293,1.538,2.626,1.39,36.95,63.05,0,5907.6,4.1314,54.7,6.17816,710.37,7.692,13.67,1533.14,24.62,29.89,1.395,4.104,75.72,20.18,5030.69,1.6382,46.5805,4.00161,201.195,6.154,3.852,51.09,0,0.9679,1.395,22.95,77.05,0,5907.6,3.7536,54.7,6.02312,567.426,9.231,10.84,836.068,10.77,16.12,1.395,2.337,70.37,27.3,5030.69,1.3352,46.5805,2.9022,105.536,3.077,1.998,41.9681,0,0.7814,1.395,5.49,86.66,7.847,5907.6,1.995,54.7,2.79414,282.254,3.077,5.406,63.615,0,1.227,1.395,2.91,97.09,0,5907.6,1.9612,54.7,2.72577,137.509,1.538,2.497,73.6751,0,1.182,1.395,2.009,97.99,0,5907.6,1.8455,54.7,1.16222,70.3972,0,1.166,85.0893,1.538,1.385,1.395,17.125,16.699,23.235,15.8474,72,5.2192,47.675,47.681,9.5653,11.432,16.734,20.375,40.408,4.904,6.757,0.394543,0.16999,7.2,2200,5480.43,0,9.61538,15.75,5923.78,4.52188,24.62,4.768,4.768,0,0,0,7.121,16.68,3200,38.9901,1.195,41.9951,1.393,53,1.1,-1.5
2026-09-07T08:43:56.389566+00:00,1.07308,424.253,108,16.75,83.25,0,5907.6,3.1962,54.7,6.13056,998.43,9.524,16.49,179.133,3.175,3.388,1.4,30.62,69.38,0,5902.2,4.4301,54.65,7.56566,981.761,19.05,18.92,895.822,15.87,17.3,1.39,4.988,83.74,11.27,5026.09,1.9492,46.5379,4.67727,249.876,7.937,4.78,62.075,1.587,1.191,1.39,38.33,61.67,0,5902.2,4.4131,54.65,7.24583,440.42,3.175,8.369,1884.13,26.98,36.64,1.39,3.088,76.5,20.41,5026.09,1.5443,46.5379,3.43371,137.041,6.349,2.601,54.9993,3.175,1.041,1.39,7.941,90.94,1.119,5026.09,2.4139,46.5379,3.74179,430.42,9.524,8.235,65.3675,1.587,1.267,1.39,3.18,96.82,0,5902.2,2.0108,54.65,2.98965,144.204,4.762,2.637,82.2561,1.587,1.322,1.39,2.413,97.59,0,5902.2,1.9311,54.65,1.5928,85.8706,1.587,1.456,96.2439,3.175,1.633,1.39,16.875,18.005,25.041,16.2437,74,5.2557,49.583,49.581,9.6692,11.556,17.975,20,42.378,7.44,7.954,0.727635,0.309988,7.4,2200,5480.43,0,9.48718,15.75,5922.25,4.94747,26.98,4.958,4.958,0,0,0,7.649,17.1,3200,38.995,1.195,42.0051,1.392,53,1.1,-1.5
2026-09-07T08:43:57.409031+00:00,1.35046,568.268,108,21.28,78.72,0,5896.8,3.6312,54.6,6.96859,1260.18,18.75,20.5,313.274,4.688,6.025,1.39,27.98,72.02,0,5896.8,4.3229,54.6,7.65603,1216.99,23.44,23.52,630.741,6.25,12.06,1.395,9.832,75.73,14.44,5021.49,2.3235,46.4953,5.58471,501.559,12.5,9.737,137.336,0,2.67,1.395,45.47,54.53,0,5896.8,5.1003,54.6,8.75263,1997.67,35.94,38.98,953.397,10.94,18.41,1.395,7.721,68.27,24.01,5021.49,1.9235,46.4953,4.32057,406.134,4.688,7.886,99.3972,1.562,1.906,1.395,11.68,86.54,1.772,5896.8,2.7438,54.6,4.70971,560.869,12.5,10.82,222.945,1.562,4.357,1.395,6.676,93.32,0,5896.8,2.3284,54.6,3.62075,310.653,7.812,5.903,150.828,0,2.733,1.395,4.394,95.61,0,5896.8,2.0991,54.6,2.07307,138.34,1.562,2.504,191.979,4.688,3.46,1.395,21.25,20.158,27.951,16.8012,86,5.2669,52.64,52.617,9.707,11.601,20.155,20.375,45.346,9.18,10.72,1.40202,0.529564,8.6,2200,5498,0,9.62821,16.25,5916.57,4.97447,35.94,5.264,5.264,0,0,0,8.576,17.69,3200,39,1.195,42.005,1.391,53,1.1,-1.4375
2026-09-07T08:43:58.426537+00:00,1.18142,499.942,108,18.75,81.25,0,5896.8,3.4257,54.6,6.67552,1120.99,16.92,18.81,267.526,3.125,5.119,1.39,38.72,61.28,0,5896.8,4.4687,54.6,7.44886,852.043,10.77,16.49,1584.95,24.62,30.97,1.4,6.798,80.14,13.06,5021.49,2.0592,46.4953,5.10489,339.846,6.25,6.619,143.458,1.562,2.804,1.4,31.07,68.93,0,5896.8,4.2904,54.6,7.49578,620.257,12.31,11.91,1341.02,13.85,26.04,1.4,4.865,76.83,18.31,5021.49,1.7362,46.4953,3.92291,231.499,1.562,4.505,133.653,1.562,2.599,1.4,8.968,86.99,4.038,5896.8,2.4001,54.6,3.94427,475.147,6.154,9.26,150.313,3.125,2.946,1.4,5.076,94.92,0,5896.8,2.1688,54.6,3.35638,250.133,1.538,4.723,154.357,1.538,2.8,1.4,3.9,96.1,0,5896.8,2.0222,54.6,1.80933,163.239,1.538,2.914,170.65,1.538,3.131,1.4,17.875,18.539,25.776,16.1346,68.5,5.2554,50.358,50.358,9.6524,11.537,18.556,19.75,43.094,6.747,9.478,0.676959,0.254399,6.85,2200,5560.7,0,9.63462,15.75,5919.04,5.06579,24.62,5.036,5.036,0,0,0,7.896,16.98,3200,39,1.195,41.995,1.392,53,1.1,-1.5
2026-09-07T08:43:59.444583+00:00,1.42284,638.326,108,24.93,75.07,0,5902.2,3.919,54.65,7.72766,1488.16,20.31,23.7,489.781,10.77,9.336,1.395,30.35,69.65,0,5880.6,4.5841,54.45,7.95946,1280.57,25,24.71,764.964,9.524,14.85,1.395,10.27,85.45,4.276,5880.6,2.598,54.45,6.157,529.564,7.812,10.36,231.783,1.562,4.518,1.395,40.66,59.34,0,5880.6,4.7506,54.45,8.24222,1602.59,15.62,31.27,1041.51,15.87,20.25,1.395,8.143,82.15,9.707,5880.6,2.2564,54.45,4.97954,389.487,3.125,7.606,236.674,1.562,4.6,1.395,13.31,85.61,1.074,5880.6,2.9714,54.45,5.03276,684.231,7.937,13.35,275.7,1.562,5.377,1.395,8.19,91.81,0,5880.6,2.5088,54.45,4.12977,402.718,4.688,7.656,252.023,1.587,4.667,1.395,6.426,93.57,0,5880.6,2.2784,54.45,2.32166,255.045,3.175,4.608,288.412,1.562,5.199,1.395,17.875,20.559,28.573,16.229,113.5,5.2676,53.07,52.916,9.6476,11.53,20.508,19.375,45.898,8.23,12,0.757156,0.376241,11.35,2200,5492.72,0,9.42308,16,5912.73,5.35693,25,5.307,5.307,0,0,0,8.727,17.08,3200,39,1.195,41.99,1.392,53,1.1,-1.5
2026-09-07T08:44:00.212516+00:00,1.38427,618.896,108,24.08,75.92,0,5896.8,3.8096,54.6,7.58728,1437.65,23.44,22.81,473.135,14.06,9.027,1.39,41.15,58.85,0,5902.2,4.8661,54.65,8.27776,934.158,15.62,18.07,1736.41,24.62,34.01,1.39,9.765,83.84,6.393,5026.09,2.4659,46.5379,6.0381,490.536,10.77,9.648,231.785,10.94,4.571,1.39,29.65,70.35,0,5902.2,4.5181,54.65,8.18675,694.169,12.5,13.4,1276.7,23.08,24.69,1.39,7.604,81.32,11.08,5026.09,2.1376,46.5379,4.81101,380.211,9.231,7.461,207.196,6.25,4.069,1.39,12.63,86.57,0.8014,5026.09,2.8548,46.5379,4.8425,672.797,7.692,13.16,237.617,9.231,4.692,1.39,7.686,92.31,0,5902.2,2.4375,54.65,4.05329,393.187,9.375,7.488,231.251,6.154,4.339,1.395,5.87,94.13,0,5902.2,2.2218,54.65,2.29893,240.092,7.692,4.419,265.448,7.812,4.946,1.395,19.375,20.564,28.579,16.1957,104.5,5.2311,53.112,53.159,9.619,11.497,20.597,19,45.83,12.4,11.68,0.659993,0.298497,10.45,2200,5639.04,0,9.5641,16,5913.45,5.42368,24.62,5.311,5.311,0,0,0,8.765,17.05,3200,38.995,1.195,41.9851,1.392,53,1.1,-1.5
2026-09-07T08:44:01.230515+00:00,1.54416,665.531,108,22.2,77.8,0,5869.8,3.7428,54.35,7.67072,1326.14,25,22.66,361.016,9.375,7.003,1.365,45.87,54.13,0,5869.8,6.0035,54.35,11.0939,1846.25,25,35.95,1098.31,18.75,21.53,1.365,9.892,86.55,3.557,5869.8,2.5433,54.35,6.17335,516.64,12.5,10.17,194.378,3.077,3.847,1.365,44.67,55.33,0,5869.8,5.526,54.35,10.3925,741.259,14.06,14.3,2112.39,32.81,41.47,1.365,7.285,84.04,8.679,5869.8,2.1043,54.35,4.74148,356.729,7.812,7.029,196.512,4.615,3.874,1.365,11.71,86.6,1.697,5869.8,2.6756,54.35,4.87663,603.268,10.94,11.85,220.559,4.688,4.366,1.365,7.278,92.72,0,5869.8,2.3349,54.35,3.94476,373.777,9.375,7.273,216.356,3.125,4.114,1.365,5.51,94.49,0,5869.8,2.1482,54.35,2.20917,232.999,3.125,4.348,251.908,6.25,4.764,1.365,20.75,22.293,30.928,17.6674,108.5,5.2727,55.573,55.422,9.7079,11.602,22.268,20.125,48.33,11.91,12.78,1.17692,0.427906,10.85,2200,5721.64,0,9.72436,16,5909.73,5.85195,32.81,5.557,5.557,0,0,0,9.476,18.6,3200,39,1.195,41.995,1.389,53,1.1,-1.5
2026-09-07T08:44:02.248883+00:00,1.76857,758.516,108,26.41,73.59,0,5896.8,3.9288,54.6,8.1255,1572.64,17.19,25.65,460.379,10.94,8.779,1.39,55.01,44.99,0,5891.4,6.6562,54.55,13.5946,2006.17,31.25,39.22,1511.59,25,29.48,1.39,9.949,89.34,0.7129,5891.4,2.5891,54.55,6.49324,520.324,10.94,10.22,202.173,6.25,4.008,1.39,51.88,48.12,0,5891.4,7.3657,54.55,15.0529,668.105,12.5,13,2612.16,35.94,50.98,1.39,8.495,87.83,3.67,5891.4,2.3263,54.55,5.21384,407.371,7.812,8.023,221.699,4.688,4.373,1.39,12.45,87.55,0,5891.4,2.8081,54.55,5.86499,659.348,10.94,12.84,227.415,4.688,4.502,1.39,6.956,93.04,0,5891.4,2.2954,54.55,3.99412,360.078,6.25,6.97,212.033,4.688,4.029,1.39,5.706,94.29,0,5891.4,2.143,54.55,2.43493,236.285,4.688,4.396,258.486,6.25,4.915,1.39,18.875,24.652,34.054,20.6101,124.5,5.2424,58.604,58.67,9.6449,11.528,24.645,22.75,51.348,12.5,14.46,1.05655,0.399395,12.45,2200,5750,0,9.58974,16.25,5897.94,6.48874,35.94,5.86,5.86,0,0,0,10.49,21.69,3200,39,1.195,42.005,1.383,53,1.1,-1.5
2026-09-07T08:44:03.267427+00:00,1.4408,601.869,108,22.22,77.78,0,5896.8,3.7154,54.6,7.58429,1326.75,28.12,22.66,292.599,9.375,5.551,1.385,37.62,62.38,0,5902.2,5.5693,54.65,10.7849,1669.56,26.56,32.58,752.26,12.5,14.63,1.39,8.635,89.01,2.353,5026.09,2.4793,46.5379,6.08728,438.226,10.94,8.643,140.384,1.562,2.757,1.39,47.47,52.53,0,5902.2,6.0051,54.65,11.4171,664.774,18.75,12.9,2345.85,35.94,46.01,1.39,6.383,88.14,5.476,5026.09,2.1608,46.5379,4.80453,309.758,7.812,6.112,136.955,4.688,2.682,1.39,11.37,88.01,0.6228,5902.2,2.683,54.65,5.06399,592.838,17.19,11.66,154.377,1.562,3.036,1.39,5.944,94.06,0,5902.2,2.272,54.65,3.8435,278.955,4.688,5.358,167.922,3.125,3.125,1.39,4.438,95.56,0,5902.2,2.1295,54.65,2.26494,181.037,3.125,3.311,177.658,3.125,3.321,1.39,16.875,23.593,32.741,17.9215,118.5,5.279,57.445,57.293,9.7368,11.637,23.586,22.375,50.185,11.82,11.52,1.10069,0.403033,11.85,2200,5750,0,9.37179,16,5911.78,5.91322,35.94,5.745,5.745,0,0,0,10.04,18.86,3200,38.995,1.195,42.005,1.389,53,1.1,-1.5
2026-09-07T08:44:04.286776+00:00,1.81274,732.147,108,25.02,74.98,0,5864.4,3.7905,54.3,8.11899,1496.04,25,24.67,320.496,3.125,6.04,1.385,58.32,41.68,0,5859,8.3189,54.25,17.4122,2879.56,48.44,56.24,751.945,9.375,14.47,1.375,9.464,90.29,0.2459,5035.08,2.5649,46.6211,6.52317,501.326,6.25,9.788,113.13,0,2.211,1.375,59.69,40.31,0,5864.4,7.3478,54.3,15.1255,1589.81,23.44,30.65,2091.54,28.12,40.95,1.37,6.773,89.19,4.041,5864.4,2.1812,54.3,5.04734,322.185,1.562,6.289,124.564,1.562,2.41,1.37,12.39,87.61,0,5864.4,2.7881,54.3,5.88753,665.458,9.375,12.87,132.924,0,2.584,1.37,5.193,94.81,0,5864.4,2.1451,54.3,3.83317,276.648,1.562,5.324,108.651,1.562,1.956,1.37,4.413,95.59,0,5864.4,2.0676,54.3,2.33429,157.73,0,2.861,182.338,1.562,3.318,1.37,22.25,30.052,41.316,23.0867,121,5.2515,65.967,66.075,9.6618,11.549,30.084,25.5,58.642,10.06,13.91,1.20542,0.44765,12.1,2200,5750,0,9.45513,16,5891.11,6.80311,48.44,6.597,6.597,0,0,0,12.8,24.3,3200,38.995,1.195,42,1.376,53,1.1,-1.5
2026-09-07T08:44:05.302408+00:00,1.77619,753.662,108,25.79,74.21,0,5902.2,3.8875,54.65,8.0765,1538.09,23.44,24.97,445.529,4.688,8.59,1.385,52.89,47.11,0,5896.8,7.4106,54.6,15.1439,2697.5,43.75,52.73,650.857,7.812,12.61,1.385,10.02,88.98,0.997,5021.49,2.5851,46.4953,6.40263,520.804,7.812,10.25,202.145,1.562,3.999,1.385,54.52,45.48,0,5896.8,6.4319,54.6,13.1223,1741.52,29.69,34.25,1663.51,26.56,32.37,1.385,7.586,88.87,3.541,5021.49,2.1972,46.4953,4.95413,372.538,7.812,7.339,190.852,3.125,3.77,1.385,13.67,86.33,0,5896.8,2.7895,54.6,5.61275,720.308,7.812,14.06,222.214,1.562,4.395,1.385,7.373,92.63,0,5896.8,2.318,54.6,3.95688,367.976,3.125,7.14,226.39,0,4.287,1.385,5.763,94.24,0,5896.8,2.1506,54.6,2.39963,232.881,1.562,4.432,265.478,0,4.979,1.385,18.375,30.053,41.447,20.682,80,5.2899,66.083,65.955,9.703,11.598,30.009,25.875,58.864,10.64,14.39,1.26342,0.428988,8,2200,5750,0,9.57051,16.25,5897.44,6.4235,43.75,6.608,6.608,0,0,0,12.77,21.77,3200,39,1.195,42.011,1.381,53,1.1,-1.5
2026-09-07T08:44:06.321331+00:00,1.50666,624.047,108,23.98,76.02,0,5864.4,3.8657,54.3,7.81629,1433.64,20.31,24.6,294.79,6.25,5.59,1.38,42.09,57.91,0,5007.7,6.1683,46.3676,11.6593,1842.35,29.69,35.9,873.967,18.75,16.95,1.38,8.614,89,2.386,5007.7,2.4967,46.3676,6.04022,449.192,9.375,8.832,120.003,4.688,2.364,1.38,47.44,52.56,0,5007.7,5.7605,46.3676,10.7606,1313.5,17.19,25.56,1666.79,26.56,32.56,1.38,6.227,87.61,6.161,5007.7,2.1287,46.3676,4.70395,303.876,4.688,5.971,120.473,1.562,2.362,1.38,12.07,86.9,1.029,5007.7,2.7406,46.3676,4.93731,606.447,9.375,11.85,168.371,3.125,3.301,1.38,5.613,94.39,0,5007.7,2.2448,46.3676,3.72778,290.5,4.688,5.54,135.034,1.562,2.497,1.38,4.634,95.37,0,5880.6,2.1568,54.45,2.1178,168,1.562,3.113,197.821,4.688,3.603,1.38,23.625,25.541,35.422,18.1067,80.5,5.2471,60.051,60.14,9.6333,11.514,25.598,24.875,52.708,10.25,11.91,1.02244,0.372728,8.05,2200,5750,0,9.30128,16,5910.52,5.90976,29.69,6.005,6.005,0,0,0,10.89,19.06,3200,38.995,1.195,41.999,1.388,53,1.1,-1.5
2026-09-07T08:44:07.340308+00:00,1.59731,656.054,108,25.27,74.73,0,5853.6,3.9937,54.2,8.14001,1513.47,17.19,24.68,388.2,9.375,7.316,1.38,47.98,52.02,0,5012.3,6.6977,46.4102,12.8665,2023.22,34.38,39.43,1005.39,17.19,19.54,1.38,8.877,89.86,1.261,5012.3,2.5834,46.4102,6.36274,458.371,7.812,9.003,115.47,4.688,2.246,1.38,47.5,52.5,0,5012.3,6.1555,46.4102,11.9248,1586.52,21.88,30.9,1356.66,21.88,26.42,1.38,6.782,89.46,3.756,5012.3,2.3247,46.4102,5.11211,339.521,6.25,6.667,109.055,4.688,2.112,1.38,12.89,87.11,0,5012.3,2.9151,46.4102,5.52165,684.574,15.62,13.4,136.457,3.125,2.656,1.38,5.748,94.25,0,5012.3,2.3089,46.4102,3.93731,290.373,9.375,5.567,128.226,3.125,2.293,1.38,4.687,95.31,0,5886,2.227,54.5,2.38601,177.831,6.25,3.212,183.531,6.25,3.389,1.38,19.375,24.973,34.627,18.852,105,5.2397,59.2,59.149,9.6562,11.541,24.975,24.25,51.931,11.82,12.43,1.12218,0.429795,10.5,2200,5750,0,9.27564,15.75,5908.12,6.21071,34.38,5.92,5.92,0,0,0,10.63,19.84,3200,39,1.195,42.01,1.388,53,1.1,-1.5
2026-09-07T08:44:08.358794+00:00,1.34571,541.493,108,20.9,79.1,0,5907.6,3.5337,54.7,7.19623,1243.82,18.75,21.04,244.439,4.688,4.585,1.39,34.75,65.25,0,5907.6,5.603,54.7,10.6403,1673.06,20.31,32.61,498.622,7.812,9.591,1.39,6.883,86.82,6.302,5907.6,2.1876,54.7,5.49875,354.741,4.688,6.897,86.0695,0,1.673,1.39,47.93,52.07,0,5907.6,5.4779,54.7,10.1093,1053.05,12.5,20.46,1899.8,28.12,37.22,1.39,5.291,84.24,10.47,5030.69,1.9118,46.5805,4.29653,260.799,4.688,5.103,82.5095,0,1.599,1.39,11,86.97,2.036,5907.6,2.6243,54.7,4.67802,581.531,3.125,11.3,105.949,0,2.058,1.39,4.584,95.42,0,5907.6,2.0755,54.7,3.41841,223.645,4.688,4.235,107.692,4.688,1.936,1.39,3.233,96.77,0,5907.6,1.9372,54.7,1.75886,117.597,0,2.066,130.562,1.562,2.327,1.39,18.875,21.244,29.434,17.6942,78,5.2327,53.932,54.094,9.6208,11.499,21.23,23.625,46.689,7.227,10.29,0.963487,0.365931,7.8,2200,5750,0,9.75,16.75,5909.95,5.69461,28.12,5.393,5.393,0,0,0,9.034,18.63,3200,39,1.195,41.995,1.387,53,1.1,-1.5
2026-09-07T08:44:09.378103+00:00,1.20456,484.211,108,20.87,79.13,0,5896.8,3.564,54.6,6.91398,1243.03,7.812,21.39,209.479,1.562,3.996,1.39,39.99,60.01,0,5902.2,4.704,54.65,8.11343,871.907,9.375,16.89,1587.73,23.44,31.05,1.39,6.934,85.93,7.141,5026.09,2.2239,46.5379,5.25968,346.452,9.375,6.761,94.2567,1.562,1.845,1.39,30.61,69.39,0,5902.2,4.7826,54.65,8.65568,1107.79,10.94,21.48,786.99,7.812,15.25,1.39,4.54,82.44,13.02,5026.09,1.8077,46.5379,3.96932,214.052,6.25,4.183,92.6266,1.562,1.811,1.39,9.446,89.06,1.499,5026.09,2.5215,46.5379,4.27515,494.13,7.812,9.587,103.277,0,2.026,1.39,4.701,95.3,0,5026.09,2.1292,46.5379,3.28169,211.333,3.125,4.013,132.466,1.562,2.396,1.39,3.373,96.63,0,5902.2,2.0032,54.65,1.85589,129.693,1.562,2.303,122.154,1.562,2.173,1.39,16,19.728,27.409,16.572,81.5,5.2636,52.022,52.01,9.674,11.563,19.738,22.75,44.761,5.957,9.197,0.735614,0.314198,8.15,2200,5750,0,9.58333,16.25,5917.89,5.14311,23.44,5.202,5.202,0,0,0,8.399,17.44,3200,38.996,1.195,42,1.391,53,1.1,-1.5
2026-09-07T08:44:10.396643+00:00,1.28,518.143,108,21.8,78.2,0,5902.2,3.7278,54.65,7.31056,1300.51,17.19,22.08,233.505,3.125,4.376,1.395,34.17,65.83,0,5030.69,4.9421,46.5805,8.74688,1154.5,15.62,22.39,1025.41,14.06,19.9,1.39,7.216,87.35,5.438,5030.69,2.2558,46.5805,5.41334,361.903,7.812,7.124,98.5519,6.25,1.923,1.39,39.14,60.86,0,5907.6,4.8266,54.7,8.46853,935.034,12.5,18.11,1473.33,18.75,28.72,1.39,5.773,84.09,10.14,5030.69,1.9901,46.5805,4.34953,282.117,6.25,5.534,86.154,4.688,1.668,1.39,10.67,89.24,0.08837,5030.69,2.742,46.5805,4.61738,580.707,7.812,11.44,90.2526,3.125,1.751,1.39,5.521,94.48,0,5030.69,2.2694,46.5805,3.63636,283.37,7.812,5.449,105.844,1.562,1.852,1.39,3.704,96.3,0,5907.6,2.1018,54.7,2.0241,127.632,3.125,2.328,151.464,1.562,2.729,1.39,15,23.226,32.266,16.535,97,5.233,56.767,56.727,9.6349,11.516,23.217,21.875,49.538,8.203,9.835,0.730751,0.298259,9.7,2200,5750,0,9.58333,16,5915.86,5.33504,18.75,5.677,5.677,0,0,0,9.88,17.41,3200,38.995,1.195,42,1.391,53,1.1,-1.5
2026-09-07T08:44:11.414044+00:00,1.33493,540.58,108,23.29,76.71,0,5778,3.7715,53.5,7.48522,1386.72,18.75,23.98,249.86,4.688,4.744,1.325,30.92,69.08,0,5832,4.9883,54,9.20403,1385.2,10.94,26.95,582.368,7.812,11.29,1.355,8.066,86.59,5.339,5011.88,2.3863,46.4062,5.77831,428.648,4.688,8.443,87.1982,0,1.692,1.355,44.37,55.63,0,5832,5.2785,54,9.46631,1045.48,10.94,20.33,1696.94,25,33.31,1.355,5.811,83.18,11.01,5011.88,1.9772,46.4062,4.4519,295.657,1.562,5.824,82.7905,1.562,1.598,1.355,11.11,86.22,2.665,5011.88,2.6481,46.4062,4.68437,591.205,9.375,11.54,113.504,0,2.205,1.355,5.822,94.18,0,5832,2.2576,54,3.70829,295.328,4.688,5.683,108.82,1.562,1.972,1.355,4.105,95.89,0,5832,2.0801,54,2.10721,138.129,1.562,2.487,161.439,0,2.913,1.355,18.375,24.179,33.531,17.037,91,5.2691,58.14,58.166,9.6786,11.568,24.18,21.625,50.896,6.445,10.31,0.737354,0.313914,9.1,2200,5750,0,9.41667,16,5910.7,5.44689,25,5.814,5.814,0,0,0,10.29,17.93,3200,39,1.195,42.005,1.389,53,1.1,-1.5
2026-09-07T08:44:12.430622+00:00,1.30664,525.464,108,21.8,78.2,0,5891.4,3.7221,54.55,7.43075,1301.64,17.19,22.95,202.432,3.125,3.81,1.39,32.06,67.94,0,5902.2,5.0914,54.65,9.2685,1417.97,23.44,27.56,632.418,9.375,12.2,1.395,8.333,87.16,4.509,5026.09,2.4002,46.5379,5.74613,435.056,12.5,8.585,94.9833,0,1.856,1.395,42.88,57.12,0,5902.2,4.9395,54.65,8.71313,1209.82,21.88,23.55,1423.71,23.44,27.85,1.395,5.795,84.19,10.02,5026.09,2.0083,46.5379,4.444,286.544,9.375,5.641,84.9163,0,1.649,1.395,10.54,88.7,0.7666,5026.09,2.6266,46.5379,4.51325,560.617,17.19,11.02,97.1875,1.562,1.893,1.395,5.358,94.64,0,5902.2,2.2308,54.65,3.64125,267.937,10.94,5.138,106.734,0,1.893,1.395,3.904,96.1,0,5902.2,2.0754,54.65,1.9905,132.171,0,2.398,153.285,4.688,2.745,1.395,24.625,21.844,30.296,16.7616,76.5,5.2489,54.821,54.932,9.6188,11.496,21.858,21.25,47.566,9.668,10.05,0.668518,0.28333,7.65,2200,5750,0,9.4359,16.25,5911.05,5.457,23.44,5.482,5.482,0,0,0,9.301,17.64,3200,38.995,1.195,42,1.389,53,1.1,-1.5
2026-09-07T08:44:13.449264+00:00,1.33108,534.485,108,21.89,78.11,0,5902.2,3.7202,54.65,7.4103,1309.52,14.06,22.46,245.287,3.125,4.699,1.39,34.98,65.02,0,5902.2,5.1793,54.65,9.44361,1349.57,18.75,26.23,833.276,10.94,16.15,1.39,7.682,88.34,3.978,5026.09,2.3907,46.5379,5.71108,397.422,3.125,7.785,84.9553,0,1.65,1.39,42.57,57.43,0,5902.2,5.2035,54.65,9.4002,592.819,4.688,11.44,2035.1,26.56,39.72,1.39,5.791,86.66,7.55,5026.09,2.0828,46.5379,4.53056,270.723,1.562,5.305,95.2471,0,1.848,1.39,11.33,88.26,0.4142,5902.2,2.7527,54.65,4.85167,586.4,7.812,11.49,115.391,0,2.252,1.39,5.087,94.91,0,5902.2,2.2473,54.65,3.65744,259.508,3.125,4.93,95.4048,0,1.636,1.39,3.778,96.22,0,5902.2,2.107,54.65,2.13598,132.248,1.562,2.382,148.883,1.562,2.721,1.39,17.375,20.708,28.777,16.7309,91.5,5.2468,53.337,53.323,9.6475,11.53,20.72,20.625,46.079,6.055,10.17,0.788059,0.30152,9.15,2200,5750,0,9.71795,16.25,5914.93,5.50861,26.56,5.334,5.334,0,0,0,8.817,17.61,3200,39,1.195,42.005,1.392,53,1.1,-1.4375
2026-09-07T08:44:14.214265+00:00,1.39556,577.108,108,22.51,77.49,0,5891.4,3.7422,54.55,7.50088,1355.61,17.19,22.35,302.748,4.688,5.77,1.39,35.63,64.37,0,5891.4,5.3789,54.55,9.82731,1455.61,25,28.34,850.731,10.94,16.51,1.385,8.584,88.31,3.102,5016.9,2.5014,46.4527,6.00201,446.293,7.812,8.822,107.389,0,2.091,1.385,44.62,55.38,0,5891.4,5.5097,54.55,9.9011,564.799,6.25,10.88,2226.56,39.06,43.61,1.385,6.203,87.39,6.409,5016.9,2.1769,46.4527,4.76431,323.053,6.25,6.338,95.0501,0,1.844,1.385,11.22,88.48,0.2922,5016.9,2.7766,46.4527,4.93273,594.21,15.62,11.74,126.49,0,2.459,1.385,6.109,93.89,0,5891.4,2.3652,54.55,3.93863,319.111,3.125,6.08,115.552,1.562,2.096,1.385,4.68,95.32,0,5891.4,2.2107,54.55,2.22854,159.746,1.562,2.908,190.777,1.562,3.491,1.385,17.375,21.512,29.882,16.9238,108,5.2663,54.442,54.328,9.695,11.587,21.468,20.375,47.262,8.789,10.96,0.80514,0.331413,10.8,2200,5750,0,9.66026,15.75,5912.22,5.66491,39.06,5.444,5.444,0,0,0,9.135,17.81,3200,39,1.195,42.005,1.391,53,1.1,-1.5
2026-09-07T08:44:15.232760+00:00,1.52497,640.094,108,24.68,75.32,0,5902.2,3.9247,54.65,7.96373,1486.09,19.05,24.47,361.83,4.762,6.785,1.395,36.91,63.09,0,5891.4,5.6621,54.55,10.6662,1624.99,26.98,31.5,771.038,17.46,14.81,1.38,9.698,89.19,1.112,5891.4,2.6628,54.55,6.43612,525.849,4.762,10.41,129.83,1.587,2.533,1.38,48.16,51.84,0,5891.4,5.9538,54.55,11.0698,775.83,14.29,15.03,2260.08,28.57,44,1.38,7.442,89.94,2.619,5880.6,2.3905,54.45,5.22954,395.524,9.524,7.785,125.355,3.175,2.445,1.39,13.58,86.42,0,5880.6,2.9637,54.45,5.45369,735.99,11.11,14.58,151.989,1.587,2.966,1.39,6.79,93.21,0,5880.6,2.4317,54.45,4.15838,360.959,6.349,6.915,133.06,3.175,2.434,1.39,5.24,94.76,0,5880.6,2.2512,54.45,2.4621,183.517,4.762,3.335,219.584,1.587,4.032,1.39,21.75,22.96,31.869,17.4143,114.5,5.2468,56.444,56.438,9.6458,11.529,22.98,20.5,49.169,9.921,12.13,0.914177,0.351996,11.45,2200,5750,0,9.50641,16.5,5910.24,5.95946,28.57,5.644,5.644,0,0,0,9.779,18.33,3200,39.01,1.195,42.005,1.39,53,1.1,-1.5
2026-09-07T08:44:16.249034+00:00,1.36295,552.529,108,22.77,77.23,0,5896.8,3.688,54.6,7.33463,1359.49,13.85,22.61,289.543,3.125,5.478,1.39,34.25,65.75,0,5896.8,5.1867,54.6,9.90338,1395.09,18.75,27.16,736.095,9.375,14.19,1.39,7.75,89.22,3.025,5896.8,2.4025,54.6,5.83588,409.98,6.25,8.069,92.6537,0,1.812,1.39,45.93,54.07,0,5896.8,5.6212,54.6,10.4191,617.382,7.812,11.89,2208.63,38.46,43.23,1.39,5.791,86.41,7.803,5021.49,2.1022,46.4953,4.63688,280.843,6.25,5.545,102.494,0,1.99,1.39,11.16,88.59,0.254,5896.8,2.7721,54.6,5.149,602.236,7.812,11.79,105.44,1.562,2.057,1.39,5.007,94.99,0,5896.8,2.2191,54.6,3.66638,242.586,1.562,4.637,117.679,0,1.996,1.39,3.639,96.36,0,5896.8,2.1001,54.6,2.27938,126.731,0,2.276,153.595,0,2.814,1.39,16.5,21.662,30.078,17.1485,97,5.2719,54.643,54.593,9.6603,11.546,21.645,20.5,47.423,7.175,10.47,0.760774,0.30015,9.7,2200,5750,0,9.65385,15.75,5914.39,5.66275,38.46,5.464,5.464,0,0,0,9.211,18.05,3200,39,1.195,42,1.39,53,1.1,-1.5
2026-09-07T08:44:17.266554+00:00,1.29774,519.119,108,21.04,78.96,0,5902.2,3.5847,54.65,7.19018,1254.77,25,21.66,197.19,6.154,3.739,1.39,34.64,65.36,0,5891.4,5.2694,54.55,9.84166,1519.61,30.77,29.45,657.079,9.231,12.66,1.39,6.935,87.48,5.585,5891.4,2.2864,54.55,5.61164,359.608,6.154,6.975,84.9081,1.538,1.658,1.39,45.48,54.52,0,5891.4,5.2796,54.55,9.59366,1841.85,29.23,35.91,924.831,17.19,17.95,1.39,4.236,86,9.765,5891.4,1.8944,54.55,4.26399,210.117,6.154,4.11,73.3405,1.538,1.439,1.39,9.962,89.54,0.4951,5891.4,2.6491,54.55,4.68157,502.007,12.31,9.658,124.433,3.077,2.442,1.39,4.361,95.64,0,5891.4,2.1334,54.55,3.46716,207.764,6.154,3.948,105.71,6.25,1.883,1.39,3.117,96.88,0,5891.4,1.9937,54.55,1.93544,111.498,1.562,2,131.197,3.077,2.331,1.39,21.25,24.406,33.89,17.0651,76.5,5.2083,58.318,58.26,9.6109,11.487,24.373,20.375,51.106,10.34,9.863,0.865195,0.293191,7.65,2200,5750,0,9.30128,15.75,5916.17,5.5502,30.77,5.832,5.832,0,0,0,10.37,17.96,3200,39,1.195,41.995,1.39,53,1.1,-1.5
2026-09-07T08:44:18.284564+00:00,1.40542,575.514,108,22.72,77.28,0,5902.2,3.7734,54.65,7.56658,1354.14,23.44,22.7,284.153,3.125,5.354,1.39,36.31,63.69,0,5902.2,5.325,54.65,10.1646,1880.47,28.12,36.64,410.048,6.25,7.795,1.395,8.062,89.26,2.675,5026.09,2.4644,46.5379,5.93502,398.419,7.812,7.737,135.175,3.125,2.645,1.395,48.36,51.64,0,5026.09,5.7566,46.5379,10.6275,1656.5,25,32.37,1322.57,20.31,25.69,1.395,5.205,87.76,7.037,5026.09,2.0269,46.5379,4.51287,260.693,4.688,5.082,103.434,3.125,2.014,1.395,10.5,89.22,0.2784,5026.09,2.6729,46.5379,4.87698,547.443,9.375,10.56,133.268,3.125,2.611,1.395,5.476,94.52,0,5026.09,2.2531,46.5379,3.69307,265.644,3.125,5.043,142.15,3.125,2.62,1.395,3.908,96.09,0,5902.2,2.0884,54.65,2.11597,151.91,3.125,2.714,162.223,3.125,2.958,1.395,18.375,25.117,34.886,17.3668,118,5.2508,59.535,59.67,9.6584,11.544,25.173,20.625,52.206,9.375,10.91,0.842777,0.319141,11.8,2200,5750,0,9.57692,16.75,5914.43,5.70322,28.12,5.953,5.953,0,0,0,10.71,18.28,3200,39,1.195,42,1.391,53,1.1,-1.5
2026-09-07T08:44:19.304524+00:00,1.30816,521.753,108,19.83,80.17,0,5902.2,3.5257,54.65,7.12048,1181.18,9.375,20.22,216.068,1.562,4.085,1.39,50.63,49.37,0,5907.6,6.4789,54.7,11.9459,2416.86,39.06,47.24,672.837,9.375,13,1.39,5.361,82.36,12.28,5030.69,1.964,46.5805,5.09312,268.442,4.688,5.189,75.3194,0,1.456,1.39,35.5,64.5,0,5907.6,4.8791,54.7,9.23883,1027.71,10.94,19.94,1163.62,17.19,22.53,1.39,4.02,74.02,21.96,5030.69,1.5964,46.5805,3.86546,183.058,0,3.523,77.0582,0,1.482,1.39,8.499,91.2,0.3034,5030.69,2.4823,46.5805,4.24285,435.721,6.25,8.43,98.533,0,1.924,1.39,3.848,96.15,0,5907.6,2.0868,54.7,3.34551,187.064,3.125,3.485,98.5062,0,1.762,1.39,3.131,96.87,0,5907.6,1.9914,54.7,1.72992,121.032,1.562,2.077,125.036,0,2.277,1.39,20.25,20.214,28.113,18.514,71,5.2385,52.673,52.732,9.6481,11.531,20.221,22.125,45.406,6.445,9.914,0.862837,0.345626,7.1,2200,5750,0,9.44231,15.75,5917.17,5.75238,39.06,5.267,5.267,0,0,0,8.605,19.49,3200,39,1.195,42,1.392,53,1.1,-1.5
2026-09-07T08:44:20.322757+00:00,1.2615,500.138,108,19.39,80.61,0,5896.8,3.3596,54.6,6.50814,1157.22,18.75,19.81,174.429,3.125,3.292,1.395,41.97,58.03,0,5891.4,5.1952,54.55,9.24261,1306.9,18.75,25.27,1290.21,17.19,25.14,1.395,5.962,88.48,5.553,5891.4,2.1835,54.55,5.06263,301.541,4.688,5.793,75.9282,3.125,1.469,1.395,39.36,60.64,0,5891.4,5.3232,54.55,9.8105,937.842,17.19,18.08,1456.31,25,28.36,1.395,3.638,81.63,14.74,5891.4,1.7149,54.55,3.76779,169.742,6.25,3.233,62.9186,3.077,1.192,1.395,9.184,89.96,0.8592,5891.4,2.5267,54.55,4.40255,484.151,7.812,9.245,87.6057,4.688,1.698,1.395,3.965,96.03,0,5891.4,2.1044,54.55,3.18437,187.344,6.25,3.478,100.328,4.688,1.674,1.395,2.671,97.33,0,5891.4,1.9604,54.55,1.8274,98.2377,3.125,1.731,111.513,3.125,1.954,1.395,21.25,19.622,27.282,17.0094,103,5.1685,51.573,51.397,9.5358,11.397,19.585,21.75,44.364,9.177,9.464,0.944586,0.347466,10.3,2200,5750,0,9.51282,16.5,5918.81,5.28895,25,5.157,5.157,0,0,0,8.334,17.9,3200,39,1.195,41.99,1.391,53,1.1,-1.5
2026-09-07T08:44:21.342576+00:00,1.73469,741.634,108,27.15,72.85,0,5875.2,4.1128,54.4,8.49825,1618.13,15.62,26.92,420.798,3.125,8.058,1.375,52.39,47.61,0,5886,6.5739,54.5,12.9905,2880.42,39.06,56.23,467.901,7.812,9.1,1.385,10.47,89.07,0.4597,5886,2.6697,54.5,6.66425,554.758,10.94,10.9,195.534,3.125,3.867,1.385,48.85,51.15,0,5886,6.6879,54.5,13.4323,1395.91,20.31,27.03,1710.9,31.25,33.23,1.385,7.59,89.48,2.931,5880.6,2.2945,54.45,5.222,374.225,6.25,7.369,194.637,1.562,3.847,1.38,13.98,86.02,0,5880.6,2.936,54.45,5.88263,738.534,7.812,14.34,222.057,4.688,4.38,1.38,7.257,92.74,0,5880.6,2.3828,54.45,4.15013,364.546,4.688,7.035,227.466,1.562,4.349,1.38,5.783,94.22,0,5880.6,2.2075,54.45,2.57763,237.792,3.125,4.454,262.545,6.25,4.924,1.38,22.25,23.97,33.17,19.2402,112,5.2508,57.786,57.92,9.6705,11.558,23.985,22.875,50.503,10.45,14.13,0.998353,0.371624,11.2,2200,5750,0,9.55769,16.5,5901.86,6.29788,39.06,5.779,5.779,0,0,0,10.21,20.25,3200,39,1.195,41.995,1.385,53,1.1,-1.5
2026-09-07T08:44:22.362127+00:00,2.28222,1006.89,108,32.27,67.73,0,5788.8,4.3572,53.6,9.2606,1912.61,28.12,32.45,557.74,4.688,10.78,1.355,70,30,0,5794.2,8.9467,53.65,18.6438,3245.31,48.44,63.49,1447.39,25,28.33,1.36,15.32,84.49,0.1892,5794.2,3.0547,53.65,7.59905,779.529,12.5,15.33,344.842,3.125,6.776,1.36,57.45,42.55,0,5794.2,7.7909,53.65,16.7962,2724.82,43.75,53.22,1043.29,15.62,20.75,1.36,12.85,84.97,2.176,5794.2,2.7214,53.65,6.21757,628.317,6.25,12.33,321.002,3.125,6.284,1.36,18.7,81.3,0,5794.2,3.3194,53.65,7.25823,954.467,12.5,18.7,447.435,4.688,8.768,1.36,12.75,87.25,0,5794.2,2.7679,53.65,4.96569,601.614,9.375,11.71,369.501,4.688,7.02,1.36,8.881,91.12,0,5794.2,2.4241,53.65,3.21033,379.909,4.688,7.273,352.461,3.125,6.667,1.36,30.875,28.862,39.66,23.2857,116,5.285,64.296,63.433,9.7176,11.614,28.76,25.375,57.088,14.36,19.37,2.18713,0.695384,11.6,2200,5750,0,9.58974,16.5,5883.66,7.14247,48.44,6.43,6.43,0,0,0,12.24,24.51,3200,39.005,1.195,42.01,1.377,53,1.1,-1.5
2026-09-07T08:44:23.379788+00:00,2.00688,852.986,108,27.79,72.21,0,5875.2,3.9044,54.4,8.75603,1650.64,28.12,27.52,441.5,7.812,8.535,1.375,65.85,34.15,0,5859,8.5368,54.25,18.1496,3416.15,67.19,66.64,850.992,14.29,16.67,1.355,11.79,87.63,0.5745,5859,2.6554,54.25,7.30377,590.747,11.11,11.67,229.67,3.175,4.53,1.355,55.38,44.62,0,5859,7.3997,54.25,16.3142,2989.74,46.03,58.66,547.492,9.524,10.76,1.355,9.085,87.28,3.637,5859,2.2655,54.25,5.8098,437.1,12.7,8.642,214.447,3.175,4.205,1.355,15.4,84.6,0,5859,2.9173,54.25,6.78178,776.753,14.29,15.26,257.652,6.349,5.059,1.355,8.739,91.26,0,5859,2.3518,54.25,4.65754,443.932,9.375,8.657,242.438,1.562,4.514,1.355,6.659,93.34,0,5859,2.1701,54.25,2.99736,278.126,4.688,5.335,280.403,1.562,5.38,1.355,22.625,25.456,34.967,23.2948,84.5,5.2852,59.838,60.611,9.7085,11.604,25.556,26.625,52.384,15.06,16.38,1.70202,0.567358,8.45,2200,5750,0,9.60897,16.25,5882.76,7.34749,67.19,5.984,5.984,0,0,0,10.87,24.52,3200,39.005,1.195,42,1.375,53,1.1,-1.5
2026-09-07T08:44:24.398326+00:00,1.67644,720.222,108,26.15,73.85,0,5902.2,3.9206,54.65,8.17175,1557.34,23.44,25.89,419.624,3.125,8.051,1.395,51.51,48.49,0,5891.4,6.5416,54.55,12.8624,2582.94,31.25,50.87,727.745,10.77,14.13,1.39,10.42,87.6,1.976,5891.4,2.6449,54.55,6.552,535.187,13.85,10.51,210.741,1.538,4.167,1.39,43.43,56.57,0,5891.4,5.7962,54.55,11.6875,2343.99,36.92,45.37,432.524,6.154,8.458,1.39,8.002,87.04,4.96,5891.4,2.2708,54.55,5.1945,391.06,9.231,7.726,203.713,1.538,4.043,1.39,14.62,85.07,0.3069,5891.4,2.9624,54.55,5.7875,753.106,16.92,14.7,256.806,3.077,5.063,1.39,7.944,92.06,0,5891.4,2.4374,54.55,4.28225,387.531,4.688,7.557,237.715,3.125,4.433,1.39,5.567,94.43,0,5891.4,2.1876,54.55,2.59588,230.342,3.125,4.374,253.189,1.562,4.844,1.39,21.75,23.049,31.911,18.57,75,5.2408,56.412,56.531,9.6273,11.506,23.023,25.75,49.182,10.64,13.76,1.06043,0.383266,7.5,2200,5750,0,9.41026,16,5904.23,6.25013,36.92,5.641,5.641,0,0,0,9.797,19.55,3200,39,1.195,42.005,1.387,53,1.1,-1.5
2026-09-07T08:44:25.420760+00:00,1.50405,646.132,108,24.08,75.92,0,5896.8,3.811,54.6,7.68819,1438.6,17.19,24.65,345.415,4.762,6.679,1.39,38.74,61.26,0,5896.8,5.6186,54.6,10.5485,1863.99,29.69,36.32,657.001,12.5,12.78,1.395,9.833,84.16,6.01,5021.49,2.4669,46.4953,6.0492,498.349,7.937,9.806,202.746,4.762,4.015,1.395,45.15,54.85,0,5896.8,5.4022,54.6,10.0913,2403.38,35.94,46.96,452.096,7.937,8.878,1.395,7.312,83.44,9.246,5021.49,2.1244,46.4953,4.81668,350.699,7.937,6.898,195.731,3.175,3.865,1.395,12.79,85.69,1.524,5021.49,2.8301,46.4953,5.21778,691.54,10.94,13.52,194.147,4.762,3.863,1.395,6.84,93.16,0,5896.8,2.326,54.6,3.90659,356.119,7.812,6.921,202.485,4.688,3.796,1.395,5.667,94.33,0,5896.8,2.1824,54.6,2.37375,232.376,4.688,4.373,253.429,6.25,4.74,1.395,16,20.976,29.125,17.2303,70.5,5.2785,53.767,53.802,9.6548,11.539,21.013,24.625,46.47,10.68,12.38,0.781794,0.292182,7.05,2200,5750,0,9.37179,15.75,5911.66,5.73789,35.94,5.377,5.377,0,0,0,8.942,18.14,3200,39,1.195,42,1.39,53,1.1,-1.5
2026-09-07T08:44:26.439424+00:00,1.54699,665.38,108,22.31,77.69,0,5891.4,3.6879,54.55,7.47748,1334.22,25,22.54,357.951,4.615,6.915,1.37,45.46,54.54,0,5896.8,6.3267,54.6,11.8109,2267.11,35.94,44.31,669.164,12.5,13.03,1.395,9.537,87.05,3.41,5896.8,2.4743,54.6,5.996,492.062,10.77,9.698,190.467,7.692,3.774,1.395,46.06,53.94,0,5896.8,5.3115,54.6,9.89152,2034.68,34.38,39.72,904.661,21.54,17.8,1.395,7.177,83.39,9.431,5896.8,2.1117,54.6,4.76301,347.467,7.692,6.838,193.478,6.154,3.817,1.395,11.99,86.9,1.104,5896.8,2.7177,54.6,4.91316,610.43,15.62,12.01,220.596,4.615,4.363,1.395,6.955,93.04,0,5896.8,2.3213,54.6,3.87125,341.856,9.375,6.639,223.482,3.125,4.155,1.395,5.215,94.79,0,5896.8,2.1458,54.6,2.19407,220.119,4.688,4.176,238.327,6.25,4.582,1.395,23.125,21.814,30.301,17.3375,102.5,5.2515,54.878,54.84,9.6396,11.521,21.816,23.75,47.599,13.12,12.77,1.21965,0.354166,10.25,2200,5750,0,9.28846,16,5912.84,5.84922,35.94,5.488,5.488,0,0,0,9.283,18.25,3200,39,1.195,41.995,1.39,53,1.1,-1.5
2026-09-07T08:44:28.459374+00:00,1.49656,647.167,108,24.49,75.51,0,5896.8,3.8355,54.6,7.77678,1462.08,22.87,25.01,362,4.712,6.979,1.395,39.88,60.12,0,5899.5,5.3283,54.625,9.76989,1561.85,22.82,30.23,1028.85,16.58,20.14,1.39,9.649,85,5.352,5461.05,2.4479,50.5652,6.10633,488.739,9.462,9.618,212.178,1.575,4.197,1.39,41.79,58.21,0,5461.05,5.2559,50.5652,9.79939,1588.64,22.78,30.77,1075.8,15.84,21.12,1.39,7.765,83.29,8.95,5461.05,2.1678,50.5652,4.95511,385.321,2.369,7.575,193.631,2.369,3.82,1.39,13.13,86.63,0.2451,5461.05,2.8908,50.5652,5.23702,685.938,11.02,13.48,238.806,2.369,4.718,1.39,7.515,92.48,0,5899.5,2.3753,54.625,4.08088,372.279,5.506,7.224,225.048,2.356,4.214,1.39,5.44,94.56,0,5899.5,2.1764,54.625,2.36889,223.694,2.369,4.218,249.827,2.369,4.735,1.39,20.3125,21.035,29.179,16.9289,94,5.258,53.749,53.756,9.6628,11.549,21.027,22.5625,46.511,9.21,12.38,0.823021,0.312749,9.4,2200,5750,0,9.42308,15.875,5909.31,5.7548,28.34,5.375,5.375,0,0,0,8.948,17.82,3200,38.9975,1.195,41.9901,1.389,53,1.1,-1.5
2026-09-07T08:44:29.227251+00:00,1.42226,616.425,108,23.16,76.84,0,5902.2,3.7714,54.65,7.57601,1383.58,21.54,22.98,370.972,7.692,7.136,1.39,33.38,66.62,0,5902.2,4.9342,54.65,9.1366,1158.2,18.46,22.73,1027.75,21.54,19.97,1.395,9.401,86.41,4.194,5026.09,2.4449,46.5379,5.971,475.458,6.154,9.398,205.524,3.077,4.068,1.395,44.34,55.66,0,5026.09,5.1815,46.5379,9.4504,873.825,13.85,17.04,1940.38,26.15,37.95,1.395,7.007,83.63,9.361,5026.09,2.0789,46.5379,4.76061,338.337,6.154,6.68,191.651,4.615,3.774,1.395,12.07,87.2,0.7253,5026.09,2.7634,46.5379,4.9536,650.667,10.77,12.77,197.142,3.077,3.912,1.395,7.484,92.52,0,5902.2,2.4216,54.65,4.10711,364.597,7.692,7.093,222.499,4.615,4.151,1.395,5.392,94.61,0,5902.2,2.1714,54.65,2.3634,232.223,3.077,4.368,230.014,4.615,4.342,1.395,19.75,20.449,28.422,16.4631,71.5,5.2645,53.022,52.985,9.6323,11.512,20.49,21.5,45.725,10.19,11.77,0.699531,0.281249,7.15,2200,5750,0,9.40385,15.75,5912.71,5.55158,26.15,5.302,5.302,0,0,0,8.719,17.33,3200,39.0049,1.195,41.9901,1.391,53,1.1,-1.4375
2026-09-07T08:44:30.246497+00:00,1.43568,621.393,108,23.93,76.07,0,5891.4,3.7909,54.55,7.55458,1430.36,18.75,25.25,304.246,7.812,5.926,1.39,39.88,60.12,0,5902.2,5.0299,54.65,8.88016,1798.35,29.69,35.15,793.749,12.5,15.44,1.395,10.26,83.17,6.573,5026.09,2.4637,46.5379,5.99547,532.168,14.06,10.48,200.212,4.688,3.954,1.395,36.79,63.21,0,5902.2,4.9311,54.65,9.03207,1478.24,20.31,28.76,900.149,17.19,17.6,1.395,7.498,82.25,10.26,5026.09,2.108,46.5379,4.76874,365.47,4.688,7.193,196.369,6.25,3.87,1.395,12.5,86.1,1.399,5026.09,2.8059,46.5379,4.94681,651.473,9.375,12.81,231.702,6.25,4.583,1.395,7.13,92.87,0,5902.2,2.3533,54.65,3.93398,361.63,6.25,7.008,216.858,4.688,4.092,1.395,5.583,94.42,0,5902.2,2.1821,54.65,2.33866,237.61,4.688,4.462,243.701,6.25,4.562,1.395,18.375,20.294,28.21,16.3586,77,5.2311,52.663,52.693,9.6142,11.491,20.274,20.875,45.455,10.84,11.95,0.644521,0.318387,7.7,2200,5750,0,9.48718,16,5914.21,5.51874,29.69,5.266,5.266,0,0,0,8.627,17.22,3200,39.005,1.195,41.9899,1.392,53,1.1,-1.4375
2026-09-07T08:44:31.263375+00:00,1.40061,603.743,108,21.97,78.03,0,5907.6,3.7213,54.7,7.45063,1311.69,20.31,21.44,372.019,9.524,7.18,1.4,30.65,69.35,0,5902.2,4.8429,54.65,8.85578,1466.35,23.44,28.49,539.509,14.29,10.4,1.395,9.165,84.49,6.348,5026.09,2.3817,46.5379,5.82337,469.829,12.7,9.224,188.298,4.762,3.726,1.395,47.04,52.96,0,5902.2,5.023,54.65,8.85075,2326.47,33.33,45.47,633.259,14.06,12.34,1.395,7.291,82.07,10.64,5026.09,2.0974,46.5379,4.66382,356.294,9.524,7.015,179.229,4.762,3.539,1.395,12.16,86.57,1.264,5902.2,2.7648,54.65,4.85364,632.928,15.87,12.38,211.603,6.349,4.191,1.395,6.83,93.17,0,5902.2,2.3441,54.65,3.85214,343.504,9.375,6.641,198.316,4.688,3.7,1.395,4.958,95.04,0,5902.2,2.1446,54.65,2.25741,215.825,6.25,4.082,214.767,7.812,4.026,1.395,17.875,20.189,28.063,16.4649,84.5,5.2626,52.626,52.494,9.6817,11.571,20.158,20.375,45.423,12.32,11.49,0.773269,0.30974,8.45,2200,5749.14,0,9.63462,16.25,5914.8,5.45791,33.33,5.263,5.263,0,0,0,8.578,17.33,3200,39,1.195,41.9849,1.392,53,1.1,-1.4375
2026-09-07T08:44:32.280553+00:00,1.07961,432.832,108,17.42,82.58,0,5907.6,3.2141,54.7,6.23297,1039.67,12.7,16.45,234.292,4.688,4.318,1.39,36.93,63.07,0,5907.6,4.5888,54.7,7.66395,1692.85,26.98,32.78,571.334,12.5,10.95,1.395,5.112,86.53,8.357,5907.6,1.9965,54.7,4.78257,265.87,4.688,5.086,55.3098,1.562,1.058,1.395,32.54,67.46,0,5907.6,4.1833,54.7,7.24912,1303.41,17.19,25.01,693.335,9.524,13.36,1.395,3.112,76.97,19.92,5907.6,1.5313,54.7,3.55173,138.916,6.25,2.625,54.8722,0,1.028,1.395,7.171,92.53,0.2979,5907.6,2.3679,54.7,3.87124,382.887,6.25,7.289,71.3171,1.562,1.379,1.395,3.453,96.55,0,5907.6,2.0258,54.7,3.08642,157.947,4.762,2.828,87.8636,1.587,1.463,1.395,2.223,97.78,0,5907.6,1.9247,54.7,1.75601,89.4488,3.175,1.527,85.9931,0,1.483,1.395,18.875,18.417,25.614,16.073,77.5,5.151,49.895,50.046,9.4892,11.343,18.45,19.75,42.623,7.089,8.038,0.486955,0.220379,7.75,2200,5522.69,0,9.49359,15.75,5921.49,4.95704,26.98,4.989,4.989,0,0,0,7.851,16.92,3200,39,1.195,41.995,1.392,53,1.1,-1.5
2026-09-07T08:44:33.299252+00:00,0.979137,386.49,108,15.86,84.14,0,5907.6,3.0625,54.7,5.80985,944.775,9.231,15.41,176.271,1.538,3.3,1.4,23.5,76.5,0,5907.6,3.8015,54.7,6.27246,1105.06,15.38,21.38,340.172,3.077,6.39,1.395,4,81.25,14.76,5030.69,1.7524,46.5805,4.24223,199.932,1.538,3.826,48.5448,1.538,0.9287,1.395,40.09,59.91,0,5907.6,4.2899,54.7,6.73223,1937.91,30.77,37.76,472.338,6.154,9.096,1.395,2.615,70.54,26.85,5030.69,1.3581,46.5805,3.10267,120.837,3.077,2.294,39.4186,1.538,0.7428,1.395,7.028,90.82,2.156,5907.6,2.3011,54.7,3.50383,379.623,6.154,7.258,66.3831,1.538,1.288,1.395,2.749,97.25,0,5907.6,1.941,54.7,2.81441,135.431,4.615,2.449,62.0456,3.077,1.011,1.395,2.076,97.92,0,5907.6,1.8517,54.7,1.42966,77.6188,0,1.261,77.4716,1.538,1.255,1.395,18.375,17.198,23.921,15.8927,71,5.249,48.519,48.462,9.6853,11.576,17.214,19.25,41.27,5.673,7.23,0.479847,0.209275,7.1,2200,5480.43,0,9.53846,15.5,5923.29,4.67189,30.77,4.852,4.852,0,0,0,7.325,16.73,3200,38.9901,1.195,42,1.392,53,1.1,-1.4375
2026-09-07T08:44:34.319642+00:00,1.07373,429.704,108,16.88,83.12,0,5907.6,3.2471,54.7,6.25552,1005.02,7.812,17.03,188.583,1.562,3.543,1.395,38.29,61.71,0,5907.6,4.3788,54.7,7.00589,713.966,6.25,13.77,1641.56,29.69,32,1.4,4.951,79.93,15.12,5907.6,1.805,54.7,4.50501,253.362,3.125,4.919,60.2085,0,1.155,1.4,29.13,70.87,0,5907.6,4.1456,54.7,6.8933,551.253,4.688,10.47,1239.23,18.75,24.17,1.4,3.501,72.57,23.93,5030.69,1.5067,46.5805,3.41963,173.75,3.125,3.358,52.7326,0,1.006,1.4,8.053,85.58,6.368,5907.6,2.2695,54.7,3.48119,431.684,4.688,8.407,82.2055,0,1.597,1.4,4.114,95.89,0,5907.6,2.0771,54.7,3.12174,203.332,1.562,3.785,86.9891,0,1.446,1.4,2.453,97.55,0,5907.6,1.8839,54.7,1.41249,101.284,0,1.768,90.1106,0,1.55,1.4,18.375,20.321,28.249,16.0655,74,5.2307,52.765,52.638,9.6838,11.574,20.278,18.875,45.577,5.078,8.124,0.734614,0.298161,7.4,2200,5480.43,0,9.36538,15.75,5921.11,4.84065,29.69,5.277,5.277,0,0,0,8.629,16.91,3200,39,1.195,42,1.392,53,1.1,-1.5
2026-09-07T08:44:35.336568+00:00,1.14686,467.531,108,19.29,80.71,0,5902.2,3.4293,54.65,6.64282,1151.11,10.94,19.07,239.239,6.349,4.495,1.385,34.19,65.81,0,5907.6,4.3942,54.7,7.19302,1788.9,29.69,34.86,355.253,4.688,6.744,1.39,5.593,85.52,8.883,5030.69,2.0376,46.5805,4.89558,278.593,4.762,5.446,91.2579,1.587,1.782,1.39,33.31,66.69,0,5030.69,4.3203,46.5805,7.24887,1441.83,15.62,27.98,619.074,9.375,11.96,1.39,4.292,80.6,15.1,5030.69,1.7535,46.5805,3.80648,210.924,1.587,4.135,75.6352,1.587,1.468,1.39,10.22,88.05,1.723,5030.69,2.5873,46.5805,4.062,557.011,6.349,10.82,96.2077,1.587,1.89,1.39,4.621,95.38,0,5030.69,2.1253,46.5805,3.27134,215.963,3.125,4.044,113.958,1.562,2.073,1.39,3.164,96.84,0,5907.6,1.9822,54.7,1.6619,129.864,1.562,2.273,115.672,1.562,2.043,1.39,15.5,22.746,31.617,16.0524,77,5.2245,56.161,56.445,9.6273,11.507,22.789,18.5,48.871,6.371,8.818,0.522872,0.244047,7.7,2200,5480.43,0,9.62179,16.5,5919.5,4.98155,29.69,5.616,5.616,0,0,0,9.697,16.9,3200,39,1.195,42,1.391,53,1.1,-1.5
2026-09-07T08:44:36.356610+00:00,1.07077,430.828,108,16.83,83.17,0,5902.2,3.2188,54.65,6.2465,1003.43,12.5,17.06,181.152,3.077,3.462,1.39,43.07,56.93,0,5907.6,4.5322,54.7,7.19318,894.885,7.812,17.33,1748.51,31.25,34.15,1.39,5.709,82.94,11.35,5030.69,1.9751,46.5805,4.73414,287.273,6.154,5.593,85.0927,1.562,1.667,1.39,23.05,76.84,0.1159,5907.6,3.8065,54.7,6.69381,653.381,7.812,12.39,773.074,12.5,14.96,1.39,3.421,77.14,19.44,5030.69,1.5946,46.5805,3.56419,164.031,3.077,3.183,67.2593,1.562,1.301,1.39,8.919,87.91,3.17,5907.6,2.4871,54.7,4.01786,467.862,10.77,9.013,95.8946,3.125,1.88,1.39,3.378,96.62,0,5907.6,2.0061,54.7,3.00662,162.447,7.812,3.015,93.9576,3.125,1.677,1.39,2.706,97.29,0,5907.6,1.9339,54.7,1.75487,104.792,1.562,1.868,110.209,1.562,1.887,1.39,15.5,22.932,31.881,15.9405,71.5,5.2734,56.435,56.366,9.6603,11.546,22.913,18.125,49.228,7.204,8.152,0.527329,0.206397,7.15,2200,5480.43,0,9.41667,15.75,5922.24,4.83954,31.25,5.643,5.643,0,0,0,9.75,16.78,3200,39,1.195,41.995,1.392,53,1.1,-1.5
2026-09-07T08:44:37.375771+00:00,1.12247,453.722,108,16.79,83.21,0,5902.2,3.2246,54.65,6.21498,1000.54,14.06,16.75,204.132,3.125,3.853,1.39,31.15,68.85,0,5896.8,4.7195,54.6,8.15311,1528.64,25,29.69,424.275,4.688,8.151,1.39,5.272,83.05,11.68,5896.8,1.9551,54.6,4.66867,267.304,3.125,5.213,77.7019,0,1.516,1.39,41.39,58.61,0,5896.8,4.613,54.6,7.67595,1936.28,34.38,37.78,584.504,3.125,11.35,1.39,3.57,78.14,18.29,5896.8,1.6327,54.6,3.54568,171.549,4.688,3.339,75.298,0,1.46,1.39,7.498,86.55,5.953,5896.8,2.2319,54.6,3.63115,393.771,6.25,7.615,88.6847,1.538,1.738,1.39,3.925,96.07,0,5896.8,2.0634,54.6,3.06313,194.598,0,3.673,96.4907,1.562,1.697,1.39,2.656,97.34,0,5896.8,1.9224,54.6,1.55497,104.857,1.562,1.885,110.929,0,1.964,1.39,16,20.391,28.349,16.4314,123.5,5.1831,52.627,52.529,9.5171,11.376,20.366,18.375,45.427,6.444,8.605,0.543161,0.235795,12.35,2200,5532.64,0,9.50641,16,5920.73,4.94767,34.38,5.263,5.263,0,0,0,8.666,17.3,3200,39,1.195,41.995,1.392,53,1.1,-1.4375
2026-09-07T08:44:38.394406+00:00,1.40807,564.503,108,20.59,79.41,0,5880.6,3.5173,54.45,7.01229,1232.02,11.11,20.78,238.193,1.587,4.508,1.38,50.36,49.64,0,5848.2,6.0762,54.15,11.1123,1367.58,22.22,26.64,1722.11,30.16,33.67,1.365,7.372,87.6,5.028,5025.8,2.3135,46.5352,5.55053,358.485,4.762,6.98,108.828,0,2.113,1.365,39.3,60.7,0,5848.2,5.5947,54.15,10.5988,704.325,4.762,13.57,1729.34,22.22,33.55,1.365,5.039,86.34,8.619,5853.6,1.9997,54.2,4.36209,245.842,1.587,4.763,86.3658,0,1.663,1.365,10.14,88.92,0.9465,5853.6,2.6283,54.2,4.72894,547.496,6.349,10.59,89.0768,1.587,1.717,1.365,4.566,95.43,0,5853.6,2.1726,54.2,3.48608,233.874,1.587,4.387,100.906,0,1.803,1.365,3.443,96.56,0,5853.6,2.0444,54.2,1.94433,131.788,0,2.374,135.819,1.587,2.369,1.365,24.625,22.438,31.152,17.9383,99.5,5.2185,55.652,55.651,9.5963,11.47,22.463,20.375,48.362,6.845,10.72,0.89079,0.346956,9.95,2200,5750,0,9.41026,16.25,5913.42,5.66286,30.16,5.565,5.565,0,0,0,9.559,18.88,3200,38.995,1.195,41.995,1.39,53,1.1,-1.5
2026-09-07T08:44:39.413359+00:00,1.79288,716.812,108,25.66,74.34,0,5902.2,3.8973,54.65,8.16696,1526.83,14.06,26.03,304.046,3.125,5.757,1.39,64.59,35.41,0,5902.2,8.2075,54.65,16.8348,2564.97,39.06,49.89,1408.24,21.88,27.6,1.385,8.264,90.25,1.481,5891.4,2.3811,54.55,6.1389,419.807,4.688,8.212,111.463,1.562,2.158,1.385,52.02,47.98,0,5891.4,7.0985,54.55,15.2417,667.342,4.688,12.75,2516.83,42.19,49.73,1.385,6.385,89.42,4.196,5891.4,2.1262,54.55,4.87262,307.443,1.562,6.025,111.827,0,2.173,1.385,12.24,87.58,0.1874,5891.4,2.774,54.55,6.03269,641.588,6.25,12.62,135.609,1.562,2.645,1.385,5.978,94.02,0,5891.4,2.2031,54.55,3.8393,286.398,0,5.505,142.338,1.562,2.566,1.385,4.16,95.84,0,5891.4,2.0646,54.55,2.43086,157.47,0,2.932,166.801,0,3.083,1.385,22.625,25.446,35.066,22.9016,126,5.2389,59.653,59.679,9.6383,11.52,25.448,24.375,52.35,8.887,13.73,1.55816,0.511043,12.6,2200,5750,0,9.70513,17,5894.34,6.77305,42.19,5.965,5.965,0,0,0,10.83,24.11,3200,39,1.195,41.985,1.38,53,1.1,-1.4375
2026-09-07T08:44:40.428852+00:00,1.51086,604.486,108,21.78,78.22,0,5891.4,3.6413,54.55,7.3886,1303.2,21.88,22.5,242.637,0,4.604,1.39,44.45,55.55,0,5896.8,6.6268,54.6,13.3953,2023.45,28.12,40.03,726.129,7.812,14.06,1.39,7.787,87.75,4.464,5021.49,2.3243,46.4953,5.77857,381.186,7.812,7.566,106.031,0,2.067,1.39,52.38,47.62,0,5896.8,6.2801,54.6,12.1259,2613.13,42.19,51.19,613.156,12.5,11.97,1.39,5.607,87.36,7.036,5021.49,2.0393,46.4953,4.55626,273.974,4.688,5.411,92.6771,0,1.805,1.39,9.856,88.34,1.8,5021.49,2.505,46.4953,5.05714,466.635,3.125,9.234,149.51,3.125,2.92,1.39,5.503,94.5,0,5896.8,2.2056,54.6,3.65344,275.942,1.562,5.264,115.661,0,2.143,1.39,3.721,96.28,0,5896.8,2.0382,54.6,2.26347,146.751,1.562,2.709,141.707,0,2.609,1.39,26,22.822,31.636,19.3846,98,5.2724,56.249,56.138,9.6764,11.565,22.809,24.375,49.001,8.398,11.63,1.05542,0.399507,9.8,2200,5750,0,9.26923,15.75,5908.45,6.05289,42.19,5.625,5.625,0,0,0,9.706,20.4,3200,39,1.195,41.995,1.387,53,1.1,-1.5
2026-09-07T08:44:41.446800+00:00,1.7509,704.582,108,23.81,76.19,0,5875.2,3.7009,54.4,7.668,1416.15,26.15,23.46,344.512,6.154,6.501,1.38,67.66,32.34,0,5864.4,8.4145,54.3,17.1331,3541.24,63.08,69.15,613.414,9.231,11.96,1.37,7.909,89.53,2.564,5864.4,2.3139,54.3,5.85531,396.899,4.615,7.805,116.529,0,2.265,1.37,49.4,50.6,0,5864.4,7.0594,54.3,15.2702,2703.96,49.23,52.92,333.184,4.615,6.448,1.37,5.377,89.95,4.678,5864.4,2.0011,54.3,4.50374,268.522,4.615,5.265,96.2892,0,1.861,1.37,11.43,88.22,0.3415,5864.4,2.6317,54.3,5.80621,579.037,10.77,11.44,138.77,3.077,2.688,1.37,5.343,94.66,0,5864.4,2.1455,54.3,3.57914,276.352,4.615,5.28,121.969,3.077,2.245,1.37,4.155,95.85,0,5864.4,2.0206,54.3,2.38883,171.337,0,3.13,155.152,1.538,2.82,1.37,22.625,25.266,34.776,22.902,111.5,5.2463,59.322,59.235,9.6842,11.574,25.201,26,52.121,11.92,13.45,1.35022,0.465543,11.15,2200,5750,0,9.55769,16.5,5890.92,6.56206,63.08,5.932,5.932,0,0,0,10.72,24.11,3200,39,1.195,42,1.378,53,1.1,-1.5
2026-09-07T08:44:42.212157+00:00,1.74253,700.081,108,22.98,77.02,0,5902.2,3.6682,54.65,7.74127,1367.78,17.19,23.74,238.812,6.25,4.53,1.39,66.2,33.8,0,5880.6,8.2651,54.45,17.2515,2648.03,45.31,52.12,1505.22,26.56,29.23,1.38,8.466,90.06,1.476,5007.7,2.4259,46.3676,6.12425,427.426,3.125,8.398,111.308,0,2.179,1.38,50.68,49.32,0,5826.6,7.1506,53.95,15.2015,2310.85,32.81,44.82,815.314,18.75,15.82,1.375,5.01,89.06,5.929,5007.23,1.9852,46.3633,4.63348,251.879,1.562,4.979,89.5808,0,1.745,1.375,12.06,87.94,0,5007.23,2.7506,46.3633,5.99975,606.018,7.812,11.89,159.522,3.125,3.098,1.375,5.094,94.91,0,5007.23,2.147,46.3633,3.68775,255.326,0,4.902,117.297,1.562,2.141,1.375,3.768,96.23,0,5826.6,2.0052,53.95,2.43276,145.112,0,2.645,151.817,0,2.764,1.375,18.375,27.558,37.988,23.0576,93.5,5.2788,62.776,62.693,9.738,11.639,27.604,26.75,55.434,10.25,13.44,1.22995,0.441362,9.35,2200,5750,0,9.36538,15.75,5895.33,6.72181,45.31,6.278,6.278,0,0,0,11.75,24.27,3200,39,1.195,41.99,1.38,53,1.1,-1.5
2026-09-07T08:44:43.230469+00:00,1.79208,711.879,108,26.82,73.18,0,5821.2,3.9538,53.9,8.19136,1586.64,28.12,27.71,273.246,1.562,5.147,1.375,63.94,36.06,0,5049,8.2506,46.75,17.2148,2425.96,39.06,47.49,1529.94,20.31,29.92,1.385,7.858,88.7,3.438,5049,2.2286,46.75,5.84051,396.551,4.688,7.706,102.726,0,2.008,1.385,53.86,46.14,0,5049,7.1337,46.75,15.3469,2139.08,23.44,41.98,1131.01,14.06,22.06,1.385,5.225,89.67,5.104,5049,1.95,46.75,4.46576,245.699,4.688,4.795,112.182,3.125,2.197,1.385,12.64,86.44,0.9211,5049,2.6845,46.75,5.82184,651.821,4.688,12.65,135.331,0,2.644,1.385,5.196,94.8,0,5875.2,2.0783,54.4,3.50473,240.358,3.125,4.567,134.046,1.562,2.469,1.385,3.663,96.34,0,5049,1.9102,46.75,2.14567,150.291,0,2.737,135.193,1.562,2.49,1.385,19.75,27.815,38.205,22.8876,119.5,5.2012,62.701,62.751,9.5949,11.468,27.818,27.25,55.395,9.375,13.66,1.4334,0.502339,11.95,2200,5750,0,9.37821,16.5,5887.15,6.58827,39.06,6.27,6.27,0,0,0,11.84,24.09,3200,39,1.195,41.99,1.375,53,1.1,-1.5
2026-09-07T08:44:44.249817+00:00,1.46365,584.107,108,22.05,77.95,0,5896.8,3.599,54.6,7.26214,1311.7,14.06,22.2,252.023,0,4.791,1.385,52.47,47.53,0,5902.2,5.9773,54.65,11.6904,1250.71,12.5,24.37,1957.49,34.38,38.27,1.39,6.652,89.41,3.942,5026.09,2.214,46.5379,5.48886,341.926,3.125,6.671,85.6999,0,1.665,1.39,42.57,57.43,0,5026.09,6.5888,46.5379,13.3634,1933.48,32.81,37.68,680.724,6.25,13.25,1.39,4.589,85.71,9.702,5026.09,1.9072,46.5379,4.25913,224.356,4.688,4.389,82.8052,1.562,1.616,1.39,10.42,88.66,0.9196,5026.09,2.6011,46.5379,5.29204,552.281,4.688,10.73,101.113,0,1.971,1.39,4.308,95.69,0,5902.2,2.097,54.65,3.39927,210.854,0,3.997,105.27,1.562,1.898,1.39,3.306,96.69,0,5902.2,1.9893,54.65,2.16667,126.71,1.562,2.294,128.574,1.562,2.29,1.39,19.375,26.506,36.684,19.3054,119.5,5.2581,61.312,61.342,9.6892,11.581,26.509,26.5,54.049,7.422,11.13,0.942486,0.349562,11.95,2200,5750,0,9.60897,16.25,5908,5.93331,34.38,6.131,6.131,0,0,0,11.28,20.32,3200,39,1.195,41.995,1.386,53,1.1,-1.5
2026-09-07T08:44:45.268569+00:00,1.43767,578.34,108,22.4,77.6,0,5896.8,3.8134,54.6,7.6006,1341.06,20.31,23.35,237.06,4.688,4.503,1.39,41.22,58.78,0,5891.4,5.7886,54.55,10.9634,1644.75,21.88,32.15,959.587,18.75,18.7,1.39,7.614,90.15,2.233,5016.9,2.3571,46.4527,5.71028,371.513,6.25,7.301,103.578,4.688,2.019,1.39,47.04,52.96,0,5016.9,5.9167,46.4527,11.0891,1064.78,15.62,20.74,1840.65,26.56,36.09,1.39,5.547,89.73,4.724,5016.9,2.0686,46.4527,4.47273,271.913,4.688,5.329,84.742,3.125,1.642,1.39,10.86,88.36,0.7747,5016.9,2.6382,46.4527,4.91746,553.894,7.812,10.87,117.056,3.125,2.275,1.39,5.381,94.62,0,5891.4,2.2178,54.55,3.5803,270.605,6.25,5.143,110.092,3.125,1.989,1.39,3.706,96.29,0,5891.4,2.0654,54.55,2.07794,143.631,3.125,2.643,138.532,3.125,2.542,1.39,23.625,25.842,35.858,17.9753,89.5,5.2565,60.473,60.539,9.687,11.578,25.842,25.375,53.218,9.57,11.08,0.892725,0.339786,8.95,2200,5750,0,9.33974,16.25,5911.84,5.73444,26.56,6.047,6.047,0,0,0,11,18.92,3200,38.995,1.195,42,1.389,53,1.1,-1.5
2026-09-07T08:44:46.287218+00:00,1.50995,610.667,108,21.69,78.31,0,5891.4,3.627,54.55,7.45762,1297.55,20.31,22.28,254.596,4.688,4.844,1.385,42.85,57.15,0,5026.09,6.6631,46.5379,13.1541,2060.59,31.25,40.34,702.377,14.06,13.64,1.39,8.468,88.28,3.253,5026.09,2.4283,46.5379,5.94371,413.657,7.812,8.177,112.651,0,2.194,1.39,51.7,48.3,0,5902.2,5.9819,54.65,11.4957,844.188,18.75,16.44,2337.84,35.94,45.88,1.39,5.913,88.48,5.611,5026.09,2.1159,46.5379,4.71853,286.04,7.812,5.619,92.3849,0,1.788,1.39,11,87.93,1.076,5026.09,2.6005,46.5379,5.03674,577.007,7.812,11.38,104.049,0,2.021,1.39,5.573,94.43,0,5902.2,2.2353,54.65,3.73934,279.337,6.25,5.253,114.136,0,2.085,1.39,3.792,96.21,0,5902.2,2.0878,54.65,2.26893,148.708,1.562,2.797,145.554,1.562,2.706,1.39,19.375,22.712,31.492,18.8461,88,5.2576,56.12,56.236,9.659,11.544,22.731,24.625,48.82,9.863,11.72,1.19654,0.419877,8.8,2200,5750,0,9.26923,15.75,5908.49,6.08463,35.94,5.612,5.612,0,0,0,9.673,19.84,3200,39,1.195,41.99,1.388,53,1.1,-1.5
2026-09-07T08:44:47.305743+00:00,1.39808,567.586,108,21.72,78.28,0,5902.2,3.647,54.65,7.34144,1297.85,12.5,21.87,268.311,4.688,5.113,1.39,41.03,58.97,0,5902.2,5.7569,54.65,11.0205,1549.86,21.88,30.29,1049.82,17.19,20.48,1.39,7.146,88.52,4.33,5026.09,2.2957,46.5379,5.68837,370.967,3.125,7.297,84.5763,0,1.641,1.39,45.11,54.89,0,5026.09,5.8593,46.5379,11.1173,581.149,4.688,11.2,2225.1,31.25,43.64,1.39,5.847,87.65,6.499,5026.09,2.0835,46.5379,4.58957,293.062,3.125,5.753,86.0828,0,1.667,1.39,10.55,88.06,1.396,5026.09,2.6423,46.5379,4.99601,555.581,9.375,10.97,101.196,0,1.976,1.39,4.845,95.15,0,5026.09,2.1648,46.5379,3.58695,240.323,3.125,4.561,104.807,1.562,1.894,1.39,3.558,96.44,0,5902.2,2.043,54.65,2.0978,141.465,0,2.597,131.239,1.562,2.421,1.39,19.75,21.8,30.249,18.0699,94.5,5.2454,54.818,54.871,9.6507,11.534,21.808,23.875,47.553,7.129,10.84,0.885004,0.352008,9.45,2200,5750,0,9.39103,15.75,5911.89,5.78481,31.25,5.482,5.482,0,0,0,9.28,19.02,3200,39,1.195,42,1.389,53,1.1,-1.5
2026-09-07T08:44:48.324700+00:00,1.36548,550.862,108,20.74,79.26,0,5902.2,3.4737,54.65,6.91595,1236.09,15.62,20.98,241.364,1.562,4.632,1.39,36.11,63.89,0,5896.8,5.4087,54.6,10.5011,1481.33,23.44,28.91,800.484,12.5,15.57,1.385,6.462,87.28,6.262,5896.8,2.169,54.6,5.37109,319.675,3.125,6.27,96.0241,0,1.872,1.385,51.6,48.4,0,5896.8,6.2559,54.6,11.6127,565.971,10.94,10.97,2597.91,40.62,50.99,1.385,4.654,85.91,9.44,5896.8,1.8904,54.6,4.20111,222.576,4.688,4.355,84.8283,0,1.646,1.385,9.792,86.62,3.587,5896.8,2.4674,54.6,4.7035,517.561,7.812,10.13,101.544,1.562,1.976,1.385,3.99,96.01,0,5896.8,2.0456,54.6,3.32649,187.213,0,3.56,109.862,1.562,1.98,1.385,3.195,96.8,0,5896.8,1.9688,54.6,1.89995,134.283,0,2.413,117.074,1.562,2.144,1.385,22.25,21.823,30.262,18.2847,106,5.2494,54.803,54.669,9.6668,11.553,21.786,23.625,47.589,7.812,10.52,1.02117,0.361907,10.6,2200,5750,0,9.60256,16.25,5912.44,5.70754,40.62,5.48,5.48,0,0,0,9.271,19.25,3200,39,1.195,41.9849,1.388,53,1.1,-1.5
2026-09-07T08:44:49.343885+00:00,1.31007,526.866,108,20.38,79.62,0,5902.2,3.6574,54.65,7.44372,1216.08,14.29,20.92,225.337,4.762,4.256,1.395,48.97,51.03,0,5907.6,5.3896,54.7,9.62814,2322.45,34.92,45.53,678.864,11.11,13.2,1.39,6.53,87.39,6.08,5896.8,2.1828,54.6,5.48342,330.312,7.937,6.466,85.0311,4.762,1.658,1.395,34.28,65.72,0,5896.8,5.4003,54.6,10.2112,816.755,12.7,15.87,1333.26,22.22,25.29,1.395,4.924,86.41,8.664,5886,1.9737,54.5,4.34548,253.6,4.762,4.978,68.3625,3.175,1.326,1.38,8.837,89.25,1.916,5886,2.5044,54.5,4.49246,454.242,3.175,8.944,102.392,4.762,1.991,1.38,4.118,95.88,0,5886,2.0838,54.5,3.3995,189.431,3.175,3.578,114.745,3.175,2.007,1.38,2.968,97.03,0,5886,1.984,54.5,1.88065,116.097,3.175,2.129,122.904,4.762,2.219,1.38,19.75,20.99,29.163,17.4293,78.5,5.2557,53.745,53.721,9.6055,11.48,21.034,22.875,46.424,8.929,10.02,0.876124,0.336329,7.85,2200,5750,0,9.22436,16.25,5916.45,5.59234,34.92,5.375,5.375,0,0,0,8.951,18.35,3200,39,1.195,42.005,1.39,53,1.1,-1.4375
2026-09-07T08:44:50.362009+00:00,1.34478,533.257,108,19.5,80.5,0,5896.8,3.3536,54.6,6.81763,1163.06,24.62,20.15,208.297,6.154,3.932,1.39,35.77,64.23,0,5886,5.885,54.5,11.3684,1614.98,23.08,31.56,614.014,4.615,11.93,1.38,6.646,87.46,5.895,5012.3,2.1708,46.4102,5.3656,338.098,4.615,6.634,79.6658,0,1.549,1.38,52.07,47.93,0,5012.3,5.779,46.4102,10.4823,466.337,3.077,9.01,2665.84,41.54,52.86,1.38,4.317,85.87,9.813,5012.3,1.8274,46.4102,4.14219,204.909,3.077,4.021,79.0487,0,1.54,1.38,8.699,88.89,2.408,5012.3,2.3547,46.4102,4.21204,450.027,7.692,8.794,92.3524,0,1.798,1.38,4.595,95.4,0,5886,2.1062,54.5,3.4226,199.5,1.538,3.781,128.877,1.538,2.311,1.38,2.877,97.12,0,5886,1.9301,54.5,1.66642,116.212,1.538,2.164,110.885,0,2.045,1.38,16,21.223,29.423,18.2423,78,5.2501,53.929,54.009,9.6375,11.518,21.192,22.875,46.717,7.692,10.25,0.891906,0.319651,7.8,2200,5750,0,9.5641,16.5,5911.18,5.69733,41.54,5.393,5.393,0,0,0,9.018,19.2,3200,39,1.195,41.9951,1.388,53,1.1,-1.5
2026-09-07T08:44:51.380737+00:00,1.31178,528.223,108,18.7,81.3,0,5902.2,3.3549,54.65,6.75663,1115.45,12.5,19.16,212.382,1.562,4.063,1.395,36.74,63.26,0,5030.69,5.7435,46.5805,10.9237,1519.32,18.75,29.69,789.983,10.94,15.39,1.39,7.509,85.58,6.91,5030.69,2.2359,46.5805,5.42943,374.158,7.812,7.322,104.176,0,2.036,1.39,46.95,53.05,0,5907.6,5.4144,54.7,9.81231,620.297,10.94,12.08,2261.86,42.19,44.36,1.39,4.785,84.76,10.45,5030.69,1.8575,46.5805,4.13551,228.699,3.125,4.475,91.1238,1.562,1.776,1.39,9.038,88.18,2.786,5030.69,2.3783,46.5805,4.21572,466.998,3.125,9.138,105.756,1.562,2.062,1.39,4.417,95.58,0,5907.6,2.1078,54.7,3.37975,212.769,3.125,4.037,108.781,0,1.968,1.39,3.038,96.96,0,5907.6,1.9586,54.7,1.78741,115.837,1.562,2.123,123.977,0,2.198,1.39,16,21.008,29.16,17.6191,117.5,5.2509,53.775,53.836,9.6689,11.556,21.03,22.5,46.492,7.422,10.12,0.802108,0.314957,11.75,2200,5750,0,9.47436,16,5915.24,5.59847,42.19,5.378,5.378,0,0,0,8.949,18.55,3200,39,1.195,42.005,1.39,53,1.1,-1.5
2026-09-07T08:44:52.399491+00:00,1.49239,596.766,108,21.1,78.9,0,5853.6,3.5515,54.2,7.1842,1254.33,14.06,21.82,217.423,3.125,4.131,1.385,45.3,54.7,0,5853.6,6.8304,54.2,13.3881,2007.55,25,38.86,800.005,9.375,15.57,1.355,6.547,87.13,6.327,5853.6,2.22,54.2,5.54474,340.27,0,6.558,88.1975,1.562,1.715,1.355,54.57,45.43,0,5853.6,6.2976,54.2,12.0439,636.419,1.562,12.06,2702.62,46.88,53.1,1.355,4.835,85.63,9.538,5853.6,1.949,54.2,4.28465,238.159,0,4.565,92.4968,0,1.792,1.355,10.37,86.81,2.827,5853.6,2.5395,54.2,4.79748,524.086,9.375,10.06,130.06,0,2.514,1.355,3.789,96.21,0,5853.6,2.0247,54.2,3.2743,189.981,3.125,3.557,99.0905,0,1.769,1.355,2.727,97.27,0,5853.6,1.9192,54.2,1.75573,121.267,0,2.154,106.3,0,1.933,1.355,25.125,22.068,30.562,19.4972,87,5.2604,55.124,55.04,9.6575,11.542,22.05,23.75,47.891,7.129,11.38,0.871222,0.31969,8.7,2200,5750,0,9.45513,15.75,5908.76,5.97483,46.88,5.512,5.512,0,0,0,9.383,20.52,3200,39,1.195,42.005,1.386,53,1.1,-1.5
2026-09-07T08:44:53.418961+00:00,1.65431,657.728,108,23.81,76.19,0,5832,3.7956,54,7.85602,1412.31,17.19,24.89,230.001,4.688,4.365,1.37,58.38,41.62,0,5886,6.9514,54.5,14.4602,2661.3,43.75,52.36,943.519,15.62,18.38,1.385,6.998,86.63,6.376,5012.3,2.1728,46.4102,5.70692,344.773,4.688,6.761,104.257,1.562,2.042,1.385,53.31,46.69,0,5012.3,7.7657,46.4102,16.0917,2523.35,42.19,49.42,726.053,10.94,14.13,1.385,4.9,86.72,8.381,5012.3,1.9035,46.4102,4.39623,218.51,4.688,4.345,110.708,1.562,2.166,1.385,10.13,86.75,3.12,5012.3,2.5255,46.4102,5.55407,525.801,14.06,10.26,113.236,3.125,2.229,1.385,4.945,95.06,0,5886,2.0324,54.5,3.38362,225.721,4.688,4.272,138.725,4.688,2.552,1.385,2.954,97.05,0,5012.3,1.8804,46.4102,2.02847,106.223,1.562,1.958,139.16,1.562,2.575,1.385,21.75,23.512,32.442,21.9892,79.5,5.2585,57.059,57.051,9.6391,11.521,23.537,25.375,49.748,11.04,12.67,1.1161,0.375049,7.95,2200,5750,0,9.55769,16.75,5896.51,6.44131,43.75,5.706,5.706,0,0,0,10.02,23.15,3200,39,1.195,41.995,1.381,53,1.1,-1.5
2026-09-07T08:44:54.437345+00:00,1.57171,635.722,108,24.71,75.29,0,5880.6,3.827,54.45,7.81688,1465.08,25,25.33,257.812,4.688,4.904,1.38,51.54,48.46,0,5016.9,6.8893,46.4527,13.7878,2039.77,26.56,39.77,1204.65,21.88,23.48,1.385,6.48,89.2,4.323,5016.9,2.1805,46.4527,5.63239,333.635,6.25,6.481,89.1124,3.125,1.733,1.385,50.29,49.71,0,5016.9,6.6356,46.4527,13.3282,1791.33,28.12,34.93,1336.16,20.31,26.13,1.385,5.271,86.51,8.22,5016.9,1.9795,46.4527,4.45679,246.385,6.25,4.794,101.801,4.688,1.983,1.385,11.65,88.25,0.103,5016.9,2.7651,46.4527,5.56801,597.29,15.62,11.6,142.76,6.25,2.783,1.385,4.04,95.96,0,5891.4,2.0254,54.55,3.36761,197.002,6.25,3.698,111.977,4.688,2.022,1.385,3.19,96.81,0,5891.4,1.9329,54.55,1.99524,114.57,3.125,2.058,142.225,3.125,2.62,1.385,19.75,23.032,31.845,20.1568,97,5.1769,56.14,56.211,9.507,11.363,23.009,25.25,48.903,11.62,12.15,1.07418,0.350575,9.7,2200,5750,0,9.27564,15.5,5904.28,6.1875,28.12,5.614,5.614,0,0,0,9.791,21.22,3200,39,1.195,41.995,1.384,53,1.1,-1.5
2026-09-07T08:44:55.456049+00:00,1.63107,655.447,108,21.77,78.23,0,5864.4,3.5639,54.3,7.41521,1294.15,14.06,22.18,234.537,1.562,4.462,1.37,53.83,46.17,0,5869.8,7.347,54.35,14.9021,2261.87,40.62,44.09,1070.6,14.06,20.87,1.365,7.468,90.19,2.345,5869.8,2.3174,54.35,5.81438,381.638,6.25,7.405,102.114,0,2.001,1.365,57.47,42.53,0,5869.8,7.1762,54.35,14.2266,2061.13,29.69,40.18,1525.76,20.31,29.82,1.365,4.6,88.77,6.629,5869.8,1.9285,54.35,4.38903,226.545,3.125,4.413,86.3368,1.562,1.682,1.365,11.15,88.85,0,5869.8,2.6671,54.35,5.30323,593.343,10.94,11.42,107.31,3.125,2.094,1.365,3.835,96.17,0,5869.8,2.0008,54.35,3.3502,195.652,3.125,3.677,99.0807,0,1.788,1.365,2.979,97.02,0,5869.8,1.894,54.35,1.79096,118.553,0,2.082,128.546,1.562,2.368,1.365,21.25,23.385,32.265,21.2044,108.5,5.2584,56.853,56.739,9.6596,11.545,23.373,25.75,49.595,9.375,12.53,1.09745,0.369198,10.85,2200,5750,0,9.6859,16,5898.92,6.36824,40.62,5.685,5.685,0,0,0,9.946,22.32,3200,39,1.195,42,1.381,53,1.1,-1.5
2026-09-07T08:44:56.220980+00:00,1.42864,572.08,108,20.63,79.37,0,5891.4,3.5574,54.55,7.26057,1226.87,9.375,21.01,236.307,3.125,4.542,1.38,51.88,48.12,0,5886,6.6618,54.5,13.0005,2808.56,45.31,54.98,361.816,6.25,7.003,1.38,6.042,88.55,5.408,5886,2.1303,54.5,5.41654,289.491,10.94,5.637,107.174,3.125,2.091,1.38,42.59,57.41,0,5886,6.1516,54.5,12.2459,2371.09,37.5,46.3,256.286,3.125,4.956,1.38,4.166,87.42,8.413,5886,1.8523,54.5,4.15236,202.038,4.688,3.936,85.0037,1.562,1.657,1.38,10.84,88.22,0.9396,5886,2.6382,54.5,5.00124,557.113,7.812,10.84,119.904,1.562,2.342,1.38,3.794,96.21,0,5886,2.0068,54.5,3.26281,198.125,3.125,3.707,92.586,1.562,1.678,1.38,2.92,97.08,0,5886,1.8898,54.5,1.76294,112.685,3.125,1.988,128.232,1.562,2.366,1.38,25.5,22.252,30.79,19.6007,98.5,5.2509,55.23,55.161,9.5933,11.466,22.205,25.5,48.032,8.984,10.94,0.930497,0.33212,9.85,2200,5750,0,9.53846,16.25,5906.93,6.02363,45.31,5.523,5.523,0,0,0,9.449,20.63,3200,39,1.195,41.9851,1.385,53,1.1,-1.4375
2026-09-07T08:44:57.239160+00:00,1.47523,591.935,108,21.03,78.97,0,5902.2,3.4534,54.65,7.09161,1250.12,12.5,20.99,255.872,4.688,4.935,1.39,46.47,53.53,0,5896.8,6.7828,54.6,13.527,2190.62,31.25,42.75,703.998,9.375,13.68,1.39,6.233,88.93,4.838,5021.49,2.1392,46.4953,5.39214,327.567,15.62,6.347,76.0522,1.562,1.481,1.39,52.21,47.79,0,5896.8,6.2398,54.6,12.1954,1587.12,32.81,31,1601.72,21.88,31.39,1.39,4.143,88.24,7.618,5021.49,1.8626,46.4953,4.20438,204.68,3.125,3.993,80.9587,1.562,1.577,1.39,10.35,88.18,1.47,5021.49,2.5617,46.4953,4.97581,541.182,6.25,10.49,100.756,1.562,1.959,1.39,4.338,95.66,0,5896.8,2.0463,54.6,3.31741,215.603,4.688,4.021,105.638,1.562,1.886,1.39,2.75,97.25,0,5896.8,1.8948,54.6,1.75491,102.958,1.562,1.877,126.129,1.562,2.338,1.39,16,21.692,29.997,19.8521,117.5,5.2117,54.508,54.641,9.5476,11.412,21.763,25.375,47.142,9.473,11.29,1.02627,0.352575,11.75,2200,5750,0,9.5,16.25,5906.52,6.08884,32.81,5.451,5.451,0,0,0,9.261,20.9,3200,39,1.195,41.995,1.385,53,1.1,-1.5
2026-09-07T08:44:58.258299+00:00,1.16661,465.12,108,18.07,81.93,0,5907.6,3.4031,54.7,6.79775,1078.37,14.06,19.28,154.748,1.562,2.959,1.395,38.47,61.53,0,5902.2,5.0635,54.65,9.11613,1470.1,20.31,28.68,910.933,14.06,17.77,1.39,5.19,86.08,8.728,5026.09,1.982,46.5379,4.98525,258.337,3.125,5.047,77.0688,0,1.498,1.39,36.64,63.36,0,5026.09,5.257,46.5379,9.5935,1347.52,21.88,26.26,893.662,12.5,17.48,1.39,3.934,81.05,15.02,5026.09,1.6874,46.5379,3.84413,179.98,4.688,3.511,79.3936,0,1.541,1.39,8.138,89.18,2.679,5026.09,2.3648,46.5379,4.17138,410.679,6.25,8.011,98.7609,0,1.928,1.39,3.628,96.37,0,5902.2,2.012,54.65,3.16463,177.491,3.125,3.327,93.647,0,1.634,1.39,2.604,97.4,0,5902.2,1.889,54.65,1.6405,89.0403,0,1.606,122.174,3.125,2.194,1.39,19.75,19.319,26.846,17.2168,73,5.2523,51.354,51.227,9.6303,11.51,19.306,24.375,44.133,6.543,8.92,0.665001,0.249643,7.3,2200,5750,0,9.3141,16,5917.55,5.363,21.88,5.135,5.135,0,0,0,8.215,18.12,3200,39,1.195,42,1.391,53,1.1,-1.5
2026-09-07T08:44:59.277297+00:00,1.14164,457.27,108,17.12,82.88,0,5902.2,3.2076,54.65,6.29483,1022.51,14.06,18.19,160.357,0,3.07,1.385,38.81,61.19,0,5907.6,4.9996,54.7,8.8248,1900.03,34.38,37.13,498.478,3.125,9.688,1.395,5.783,85.11,9.112,5030.69,2.0082,46.5805,4.83404,280.571,4.688,5.49,86.7462,1.562,1.691,1.395,34.42,65.58,0,5907.6,5.0969,54.7,9.128,1539.44,21.88,30.04,579.262,6.25,11.29,1.395,3.955,81.89,14.15,5030.69,1.6909,46.5805,3.66321,186.715,1.562,3.648,77.1635,0,1.501,1.395,7.647,87.94,4.41,5030.69,2.233,46.5805,3.70767,392.733,6.25,7.666,94.2345,0,1.836,1.395,3.709,96.29,0,5907.6,2.0158,54.7,3.03334,190.615,3.125,3.558,86.61,0,1.561,1.395,2.722,97.28,0,5907.6,1.89,54.7,1.43956,97.5741,0,1.741,123.287,1.562,2.232,1.395,19.75,19.591,27.215,16.9836,108.5,5.2507,51.705,51.795,9.6054,11.481,19.584,23.5,44.471,6.152,8.77,0.685758,0.264208,10.85,2200,5750,0,9.21795,15.75,5918.72,5.16783,34.38,5.17,5.17,0,0,0,8.334,17.88,3200,39,1.195,41.995,1.391,53,1.1,-1.4375
2026-09-07T08:45:00.294529+00:00,1.13106,451.022,108,17.72,82.28,0,5902.2,3.3166,54.65,6.35902,1056.58,18.75,18.74,156.575,6.25,2.982,1.385,27.2,72.8,0,5902.2,4.8081,54.65,8.76024,1360.33,26.56,26.43,341.489,4.688,6.549,1.385,4.872,85.78,9.353,5026.09,1.9543,46.5379,4.68219,243.804,1.562,4.73,73.4733,1.562,1.427,1.385,45.01,54.99,0,5902.2,5.1263,54.65,8.76199,435.829,9.375,8.376,2296.13,39.06,44.98,1.385,3.814,82.64,13.55,5026.09,1.7121,46.5379,3.59316,177.697,1.562,3.452,76.2396,1.562,1.48,1.385,8.536,89.48,1.987,5902.2,2.4261,54.65,3.88437,429.403,6.25,8.325,102.691,4.688,1.998,1.385,3.49,96.51,0,5026.09,1.9986,46.5379,2.92058,162.254,4.688,2.981,101.116,3.125,1.827,1.385,2.459,97.54,0,5902.2,1.866,54.65,1.31306,94.8079,0,1.659,107.927,1.562,1.932,1.385,16.875,19.245,26.746,16.8861,73,5.2597,51.289,51.312,9.6029,11.477,19.267,22.625,44.009,8.203,8.617,0.78161,0.267447,7.3,2200,5750,0,9.29487,16,5919.71,5.09391,39.06,5.129,5.129,0,0,0,8.199,17.77,3200,38.995,1.195,42,1.391,53,1.1,-1.4375
2026-09-07T08:45:01.313794+00:00,1.1695,467.97,108,17.17,82.83,0,5907.6,3.2642,54.7,6.32644,1024.27,17.19,17.77,177.672,0,3.383,1.39,48.41,51.59,0,5902.2,5.4083,54.65,9.10583,2736.31,43.75,53.59,211.393,0,4.046,1.385,5.927,85.52,8.55,5026.09,2.0507,46.5379,4.82893,274.42,1.562,5.36,107.492,3.125,2.093,1.385,27.82,72.18,0,5902.2,4.8399,54.65,8.71439,696.565,9.375,13.49,1027.17,15.62,20.07,1.385,3.627,84.76,11.62,5026.09,1.7497,46.5379,3.65239,172.363,3.125,3.35,77.0559,0,1.496,1.385,7.39,89.99,2.618,5026.09,2.3273,46.5379,3.65999,380.914,6.25,7.412,86.8339,0,1.687,1.39,3.862,96.14,0,5902.2,2.0117,54.65,2.96825,181.692,4.688,3.412,110.437,1.562,2.009,1.39,2.747,97.25,0,5902.2,1.8797,54.65,1.25535,106.444,1.562,1.841,116.483,0,2.095,1.39,22.25,19.819,27.53,17.0347,118,5.2456,52.023,52.046,9.6235,11.502,19.801,22.125,44.802,6.738,8.943,0.679792,0.265936,11.8,2200,5750,0,9.38462,16.25,5918.75,5.11404,43.75,5.202,5.202,0,0,0,8.426,17.93,3200,39,1.195,42,1.391,53,1.1,-1.5
2026-09-07T08:45:02.332295+00:00,1.19732,480.818,108,18.27,81.73,0,5907.6,3.2408,54.7,6.29869,1090.48,15.62,19.01,178.725,3.125,3.409,1.395,43.96,56.04,0,5891.4,5.6644,54.55,10.1182,2306.92,42.19,45.13,395.03,3.125,7.629,1.39,4.999,87.6,7.403,5891.4,1.9996,54.55,4.79367,240.776,1.562,4.682,94.374,1.562,1.841,1.39,33.9,66.1,0,5891.4,5.2089,54.55,9.64922,931.815,15.62,18.11,1165.98,12.5,22.78,1.39,3.643,81.37,14.99,5016.9,1.6722,46.4527,3.65399,174.347,0,3.409,74.2301,0,1.443,1.39,8.381,89.92,1.695,5891.4,2.4123,54.55,4.01506,435.578,3.125,8.466,96.4321,0,1.876,1.39,3.859,96.14,0,5891.4,2.0438,54.55,3.09701,183.109,1.562,3.444,105.093,0,1.83,1.39,2.72,97.28,0,5891.4,1.8934,54.55,1.4301,103.054,0,1.819,117.151,0,2.095,1.39,19.375,20.02,27.799,17.4369,108,5.2417,52.326,52.202,9.6313,11.511,20.026,21.875,45.077,6.25,9.185,0.717232,0.279171,10.8,2200,5750,0,9.51282,16,5916.93,5.31087,42.19,5.233,5.233,0,0,0,8.522,18.35,3200,39,1.195,42,1.39,53,1.1,-1.4375
2026-09-07T08:45:03.350156+00:00,1.2138,485.792,108,18.53,81.47,0,5891.4,3.3151,54.55,6.61601,1103.2,15.62,19.25,178.894,1.562,3.401,1.385,44.08,55.92,0,5026.09,5.1503,46.5379,9.31818,2523.19,42.19,49.43,200.426,1.562,3.824,1.39,5.877,87.3,6.824,5026.09,2.075,46.5379,5.11738,285.664,9.375,5.592,87.3867,1.562,1.701,1.39,34.47,65.53,0,5902.2,5.6992,54.65,10.8688,650.57,12.5,12.56,1473.8,18.75,28.84,1.39,3.494,85.26,11.24,5026.09,1.7485,46.5379,3.88524,175.832,3.125,3.445,64.7313,0,1.254,1.39,8.393,89.14,2.465,5026.09,2.3869,46.5379,4.30157,446.349,6.25,8.715,80.2585,0,1.56,1.39,3.739,96.26,0,5026.09,2.0424,46.5379,3.20892,187.28,0,3.477,90.9198,1.562,1.614,1.39,2.802,97.2,0,5902.2,1.9129,54.65,1.65559,99.8627,1.562,1.75,124.309,1.562,2.232,1.39,17.875,20.184,28.017,17.6732,74.5,5.2422,52.533,52.6,9.5997,11.474,20.197,21.75,45.257,7.324,9.29,0.851486,0.300282,7.45,2200,5750,0,9.39744,15.75,5914.96,5.49101,42.19,5.253,5.253,0,0,0,8.594,18.6,3200,39,1.195,41.99,1.389,53,1.1,-1.4375
2026-09-07T08:45:04.367679+00:00,1.16246,464.477,108,18.36,81.64,0,5902.2,3.2784,54.65,6.39542,1095.39,7.812,19.56,149.756,1.562,2.835,1.395,30.55,69.45,0,5907.6,4.8899,54.7,9.07265,1315.43,14.06,25.63,590.667,9.375,11.49,1.39,5.412,83.69,10.89,5030.69,1.9516,46.5805,4.78833,267.415,3.125,5.204,79.2979,0,1.546,1.39,44.07,55.93,0,5907.6,5.4886,54.7,9.76904,469.423,3.125,9.078,2228.15,37.5,43.7,1.39,3.034,81.3,15.66,5030.69,1.6132,46.5805,3.55561,145.213,0,2.826,68.1866,0,1.317,1.39,8.034,87,4.961,5030.69,2.2948,46.5805,3.9633,408.662,6.25,7.958,94.9439,0,1.851,1.39,4.214,95.79,0,5907.6,2.0492,54.7,3.09269,195.209,1.562,3.631,112.561,1.562,1.994,1.39,2.561,97.44,0,5907.6,1.8776,54.7,1.54146,89.443,0,1.603,121.88,0,2.13,1.39,16.875,19.499,27.091,17.1275,69,5.1668,51.34,51.364,9.493,11.347,19.483,21.375,44.121,5.371,8.897,0.680314,0.249102,6.9,2200,5750,0,9.28846,15.75,5918.24,5.249,37.5,5.134,5.134,0,0,0,8.291,18.03,3200,39,1.195,42.005,1.391,53,1.1,-1.5
2026-09-07T08:45:05.385578+00:00,1.29682,524.179,108,19.58,80.42,0,5896.8,3.4184,54.6,6.98628,1166.21,15.62,19.8,207.718,1.562,3.977,1.39,40.06,59.94,0,5907.6,5.482,54.7,10.2697,1786.56,26.56,34.91,753.514,10.94,14.67,1.39,6.916,83.41,9.678,5030.69,2.1451,46.5805,5.4274,349.407,1.562,6.799,103.186,1.562,2.021,1.39,42.53,57.47,0,5907.6,5.472,54.7,10.1824,874.276,12.5,17.01,1747.3,23.44,34.18,1.39,3.908,83.03,13.06,5030.69,1.7587,46.5805,4.11527,186.726,3.125,3.637,75.459,0,1.465,1.39,9.624,85.59,4.787,5030.69,2.4648,46.5805,4.48029,516.612,7.812,10.04,83.5611,0,1.631,1.39,4.236,95.76,0,5907.6,2.0853,54.7,3.43376,205.584,4.688,3.845,103.419,0,1.859,1.39,2.826,97.17,0,5907.6,1.9266,54.7,1.74027,102.18,0,1.828,125.143,1.562,2.26,1.39,18.875,20.894,29.001,17.7115,116.5,5.2598,53.702,53.763,9.7103,11.605,20.917,21.625,46.392,6.934,9.996,1.22818,0.330933,11.65,2200,5750,0,9.50641,16.25,5914.08,5.66929,26.56,5.37,5.37,0,0,0,8.901,18.64,3200,38.985,1.195,42.005,1.389,53,1.1,-1.5
2026-09-07T08:45:06.403144+00:00,1.15549,462.765,108,17.86,82.14,0,5907.6,3.3258,54.7,6.53668,1063.6,7.812,18.89,152.792,3.125,2.895,1.39,43.64,56.36,0,5902.2,4.9558,54.65,8.49271,2180.65,35.94,42.58,507.305,3.125,9.833,1.385,5.524,85.24,9.236,5902.2,2.0171,54.65,4.89573,274.048,0,5.353,85.2602,1.562,1.662,1.385,29.96,70.04,0,5902.2,4.8777,54.65,8.92801,652.177,6.25,12.54,1208.01,17.19,23.55,1.385,3.781,81.27,14.95,5902.2,1.6842,54.65,3.76043,169.959,1.562,3.319,81.7262,0,1.586,1.385,8.288,89.4,2.308,5902.2,2.4448,54.65,4.14548,428.992,3.125,8.341,93.4709,3.125,1.822,1.385,3.736,96.26,0,5902.2,2.0562,54.65,3.18304,179.707,1.562,3.379,103.324,0,1.797,1.385,2.764,97.24,0,5902.2,1.9307,54.65,1.65276,104.536,0,1.818,118.686,1.562,2.156,1.385,18.875,21.876,30.399,16.7453,72,5.2505,54.881,54.735,9.657,11.542,21.819,21.125,47.717,5.371,8.846,0.663368,0.260906,7.2,2200,5750,0,9.51282,16.25,5919.36,5.23191,35.94,5.488,5.488,0,0,0,9.285,17.63,3200,39,1.195,42,1.391,53,1.1,-1.5
2026-09-07T08:45:07.421778+00:00,1.17541,470.647,108,19.08,80.92,0,5907.6,3.3998,54.7,6.63972,1136.65,14.06,19.79,179.315,1.562,3.418,1.39,45.52,54.48,0,5891.4,5.5301,54.55,9.63548,2587.23,48.44,50.56,186.714,3.125,3.53,1.385,4.467,88.42,7.115,5891.4,1.9626,54.55,4.8518,230.274,1.562,4.496,64.1072,1.562,1.252,1.385,29.67,70.33,0,5891.4,4.6677,54.55,8.64895,891.931,17.19,17.24,956.699,9.375,18.63,1.385,3.965,83.68,12.35,5016.9,1.7832,46.4527,3.84344,195.077,3.125,3.816,69.5448,1.562,1.35,1.385,8.658,89.22,2.125,5891.4,2.4673,54.55,4.11265,465.868,6.25,9.072,80.4523,1.562,1.571,1.385,3.509,96.49,0,5891.4,2.0192,54.55,3.10828,177.706,1.562,3.323,88.2772,0,1.53,1.385,2.673,97.33,0,5891.4,1.9356,54.55,1.58171,94.2917,1.562,1.66,126.222,1.562,2.283,1.385,13.125,22.472,31.229,17.0153,73.5,5.2651,55.837,55.856,9.6559,11.541,22.489,20.875,48.561,7.129,8.97,0.817276,0.288947,7.35,2200,5750,0,9.25,16,5919.96,5.32797,48.44,5.584,5.584,0,0,0,9.57,17.91,3200,39,1.195,41.995,1.391,53,1.1,-1.5
2026-09-07T08:45:08.440237+00:00,1.17485,472.881,108,18.35,81.65,0,5902.2,3.4012,54.65,6.77056,1093.34,14.06,18.69,203.014,3.125,3.83,1.395,33.79,66.21,0,5907.6,5.1649,54.7,9.34391,1789.09,28.12,34.84,297.182,3.125,5.661,1.39,5.503,86.87,7.629,5907.6,2.0729,54.7,5.12876,282.903,3.125,5.501,77.723,0,1.517,1.39,41.42,58.58,0,5907.6,5.0293,54.7,8.84679,1603.27,23.44,31.33,926.301,10.94,18.02,1.39,3.865,85.67,10.47,5907.6,1.8138,54.7,4.0173,174.761,6.25,3.411,86.4697,0,1.686,1.39,8.085,90.51,1.401,5896.8,2.4202,54.6,4.02946,422.649,7.812,8.155,103.232,0,2.017,1.39,3.805,96.19,0,5896.8,2.0638,54.6,3.28348,185.749,3.125,3.466,99.4158,0,1.726,1.39,2.672,97.33,0,5896.8,1.9353,54.6,1.5682,95.5933,0,1.692,125.4,0,2.262,1.39,16.5,21.818,30.312,17.0149,121.5,5.254,54.856,54.818,9.6439,11.526,21.812,20.75,47.618,6.445,8.987,0.723341,0.274789,12.15,2200,5750,0,9.14744,16.5,5917.88,5.42139,28.12,5.486,5.486,0,0,0,9.282,17.91,3200,38.995,1.195,41.995,1.391,53,1.1,-1.5
2026-09-07T08:45:09.201077+00:00,1.18926,475.921,108,19.26,80.74,0,5902.2,3.4128,54.65,6.80043,1147.64,14.06,20.05,175.193,1.562,3.338,1.385,45.62,54.38,0,5902.2,5.4201,54.65,9.46734,2620.05,42.19,51.23,171.51,0,3.252,1.385,5.961,85.35,8.687,5902.2,2.0482,54.65,5.12012,306.006,3.125,5.971,72.5555,1.562,1.41,1.385,30.07,69.93,0,5902.2,4.9875,54.65,9.23311,1076.28,14.06,20.83,796.728,7.812,15.56,1.385,3.503,82.36,14.13,5902.2,1.6877,54.65,3.8267,174.056,1.562,3.412,66.0116,0,1.285,1.385,7.82,89,3.179,5902.2,2.3157,54.65,3.84047,411.588,4.688,8.064,83.6036,0,1.629,1.385,3.783,96.22,0,5902.2,2.0252,54.65,3.22735,194.527,4.688,3.635,86.5157,0,1.536,1.385,2.916,97.08,0,5902.2,1.917,54.65,1.48461,109.198,0,1.923,123.271,0,2.258,1.385,21.25,20.011,27.787,17.3288,104.5,5.2451,52.337,52.459,9.6226,11.501,20.036,20.75,45.058,5.957,9.086,0.747179,0.287994,10.45,2200,5750,0,9.80128,16.75,5916.51,5.45696,42.19,5.234,5.234,0,0,0,8.526,18.24,3200,39,1.195,42,1.39,53,1.1,-1.5
2026-09-07T08:45:10.217763+00:00,1.21286,483.567,108,18.5,81.5,0,5907.6,3.3971,54.7,6.83205,1101.45,21.88,19.66,147.568,6.25,2.795,1.395,42.49,57.51,0,5875.2,5.0515,54.4,8.89305,2406,35.94,47.02,203.863,3.125,3.867,1.37,5.832,85.88,8.284,5869.8,2.0927,54.35,5.16671,292.085,3.125,5.661,84.1276,1.562,1.634,1.37,34.54,65.46,0,5869.8,5.3576,54.35,9.73369,1513.95,21.88,29.45,620.529,15.62,12.03,1.37,3.87,83.52,12.61,5869.8,1.7567,54.35,3.9939,187.2,4.688,3.624,73.6317,0,1.423,1.37,8.801,88.43,2.766,5869.8,2.4173,54.35,4.14828,465.08,6.25,8.965,90.8035,0,1.769,1.37,4.507,95.49,0,5869.8,2.1167,54.35,3.40538,189.258,1.562,3.513,137.311,1.562,2.41,1.37,2.739,97.26,0,5869.8,1.9306,54.35,1.56723,100.675,1.562,1.761,123.545,1.562,2.244,1.37,22.25,20.248,28.139,17.2006,99,5.2509,52.664,52.569,9.6041,11.479,20.255,20.75,45.394,7.91,9.241,0.870996,0.318974,9.9,2200,5750,0,9.48718,16,5916.15,5.47286,35.94,5.266,5.266,0,0,0,8.619,18.11,3200,38.995,1.195,41.995,1.391,53,1.1,-1.5
2026-09-07T08:45:11.236195+00:00,1.16244,471.417,108,18.23,81.77,0,5902.2,3.2805,54.65,6.46256,1084.62,1.562,18.37,192.793,3.125,3.676,1.39,43.39,56.61,0,5907.6,5.4319,54.7,9.56891,2303.53,35.94,45.06,436.651,3.125,8.399,1.39,6.089,87.68,6.229,5030.69,2.1437,46.5805,5.14117,305.565,3.125,5.935,85.0635,0,1.647,1.39,30.35,69.65,0,5907.6,4.4372,54.7,8.19714,1498.59,18.75,29.14,365.673,0,7,1.39,3.468,85.39,11.15,5030.69,1.7554,46.5805,3.85448,157.299,1.562,3.061,81.0545,0,1.567,1.39,7.996,90.78,1.226,5907.6,2.372,54.7,3.88085,410.236,4.688,7.921,100.684,0,1.962,1.39,3.861,96.14,0,5907.6,2.0447,54.7,3.18682,185.75,0,3.478,104.604,1.562,1.869,1.39,2.868,97.13,0,5907.6,1.9178,54.7,1.57326,105.626,0,1.875,124.922,0,2.216,1.39,19.375,22.465,31.207,16.8505,65.5,5.1792,55.503,55.51,9.5012,11.357,22.461,20.5,48.261,4.59,8.948,0.73014,0.286457,6.55,2200,5750,0,9.30769,15.5,5918.51,5.33532,35.94,5.55,5.55,0,0,0,9.558,17.74,3200,38.995,1.195,42,1.39,53,1.1,-1.5
2026-09-07T08:45:12.253385+00:00,1.15783,467.105,108,17.2,82.8,0,5907.6,3.1882,54.7,6.12576,1024.47,14.29,17.59,179.547,0,3.428,1.4,39.13,60.87,0,5864.4,5.2788,54.3,9.13577,1942.21,26.98,37.52,485.699,4.762,9.42,1.38,5.628,84.9,9.467,5039.72,1.9662,46.6641,4.70973,288.412,9.524,5.62,75.5572,0,1.456,1.38,34.95,65.05,0,5864.4,4.6662,54.3,8.32282,1347.98,23.81,26.33,811.229,9.524,15.85,1.38,4.015,80.49,15.49,5039.72,1.7041,46.6641,3.57232,179.36,0,3.488,92.5382,0,1.788,1.38,8.078,88.38,3.538,5039.72,2.3406,46.6641,3.76001,408.192,3.175,7.893,110.169,1.587,2.147,1.38,4.014,95.99,0,5864.4,2.0279,54.3,2.98138,197.837,1.587,3.705,102.069,0,1.804,1.38,2.762,97.24,0,5864.4,1.8767,54.3,1.39602,103.49,0,1.824,124.923,1.587,2.189,1.38,22.25,23.871,33.158,16.8733,123.5,5.1687,57.466,57.379,9.5124,11.37,23.873,20.5,50.214,6.052,8.878,0.789682,0.30302,12.35,2200,5750,0,9.3141,16,5919.38,5.08549,26.98,5.747,5.747,0,0,0,10.16,17.76,3200,38.9949,1.195,41.9949,1.391,53,1.1,-1.5
2026-09-07T08:45:13.269335+00:00,1.15395,461.147,108,17.91,82.09,0,5902.2,3.272,54.65,6.39913,1065.89,10.94,18.57,172.576,0,3.281,1.4,32.22,67.78,0,5907.6,4.9674,54.7,9.05625,1375.01,23.44,27.17,595.395,4.688,11.53,1.395,5.26,85.95,8.793,5030.69,2.0032,46.5805,4.83375,264.898,1.562,5.143,78.3889,1.562,1.537,1.395,41.47,58.53,0,5907.6,4.9967,54.7,8.587,1137.41,18.75,22.03,1406.39,21.88,27.43,1.395,3.569,82.8,13.63,5030.69,1.7083,46.5805,3.68263,167.351,1.562,3.257,75.3265,0,1.466,1.395,8.299,87.73,3.97,5030.69,2.3695,46.5805,3.83338,421.196,3.125,8.129,102.51,0,2.007,1.395,3.897,96.1,0,5907.6,2.0206,54.7,3.0555,187.505,0,3.501,103.086,0,1.843,1.395,2.769,97.23,0,5030.69,1.9003,46.5805,1.399,109.837,0,1.886,115.585,0,2.117,1.395,24.125,21.414,29.739,17.0204,118.5,5.1701,54.038,54.203,9.5078,11.365,21.416,20.625,46.791,5.469,8.805,0.68853,0.262946,11.85,2200,5750,0,9.48718,16.5,5917.37,5.206,23.44,5.404,5.404,0,0,0,9.113,17.92,3200,39,1.195,41.995,1.391,53,1.1,-1.5
2026-09-07T08:45:14.286801+00:00,1.20264,484.865,108,19.81,80.19,0,5902.2,3.4829,54.65,6.84651,1177.91,20,19.7,234.014,3.077,4.39,1.395,46.54,53.46,0,5902.2,5.4893,54.65,9.62364,1324.62,24.62,25.73,1528.6,20,29.9,1.395,5.706,87.47,6.821,5026.09,2.1041,46.5379,5.12537,273.131,1.538,5.296,96.6296,0,1.88,1.395,28.62,71.38,0,5026.09,4.7362,46.5379,8.80017,1249.92,16.92,24.15,515.373,7.692,9.937,1.395,4.439,82.06,13.5,5026.09,1.8442,46.5379,4.02639,197.47,0,3.84,97.285,0,1.886,1.395,8.408,90.25,1.346,5026.09,2.4274,46.5379,3.98117,429.239,9.231,8.274,106.321,0,2.078,1.395,4.045,95.96,0,5902.2,2.0845,54.65,3.24492,176.829,3.077,3.289,126.583,0,2.177,1.395,2.697,97.3,0,5902.2,1.9312,54.65,1.55315,101.465,0,1.796,122.446,0,2.204,1.395,18.875,22.977,31.929,17.0063,82,5.1735,56.264,56.168,9.5317,11.393,22.972,20.5,49.013,6.635,9.158,0.8825,0.306008,8.2,2200,5750,0,9.36538,15.75,5917.7,5.39234,24.62,5.626,5.626,0,0,0,9.775,17.9,3200,39,1.195,42,1.391,53,1.1,-1.5
2026-09-07T08:45:15.305219+00:00,1.16945,470.443,108,19.19,80.81,0,5902.2,3.4308,54.65,6.61571,1141.48,18.75,19.64,192.571,1.562,3.669,1.395,39.32,60.68,0,5902.2,5.1555,54.65,8.9252,1990.63,25,38.79,438.229,6.25,8.454,1.395,4.958,87.36,7.68,5902.2,2.0124,54.65,4.88178,241.647,1.562,4.695,86.0001,0,1.674,1.395,34.01,65.99,0,5902.2,4.8507,54.65,8.69528,1377.61,23.44,26.71,713.109,10.94,13.87,1.395,4.105,80.2,15.69,5902.2,1.7172,54.65,3.76556,177.702,1.562,3.462,95.9928,0,1.871,1.395,8.726,90.87,0.3987,5902.2,2.505,54.65,4.0256,458.931,4.688,8.889,96.07,3.125,1.88,1.395,3.959,96.04,0,5902.2,2.0724,54.65,3.14659,191.265,0,3.587,105.375,0,1.831,1.395,2.674,97.33,0,5902.2,1.916,54.65,1.49573,99.2129,0,1.749,121.268,1.562,2.148,1.395,15.5,21.942,30.499,16.9429,70,5.1667,54.746,54.818,9.5055,11.362,21.91,20.5,47.545,6.152,8.932,0.704985,0.274894,7,2200,5750,0,9.47436,16.25,5918.31,5.21498,25,5.475,5.475,0,0,0,9.323,17.83,3200,39,1.195,41.995,1.391,53,1.1,-1.5
2026-09-07T08:45:16.325409+00:00,1.24789,498.075,108,17.62,82.38,0,5907.6,3.2015,54.7,6.33384,1047.57,19.05,17.6,200.501,3.175,3.771,1.395,48.37,51.63,0,5907.6,6.2275,54.7,11.6195,2756.21,49.21,53.86,193.953,4.762,3.688,1.39,5.331,88.48,6.184,5030.69,2.0707,46.5805,4.97553,263.275,4.762,5.022,75.6558,0,1.462,1.39,37.06,62.94,0,5902.2,5.4989,54.65,10.4523,1988.03,30.16,38.33,288.195,3.175,5.516,1.39,3.037,85.09,11.87,5026.09,1.6621,46.5379,3.68512,140.201,4.762,2.675,74.2424,0,1.425,1.39,7.338,91.84,0.8169,5026.09,2.3139,46.5379,4.0182,382.477,9.524,7.269,79.9473,0,1.548,1.39,3.684,96.32,0,5902.2,2.0258,54.65,3.11709,185.404,1.587,3.458,94.7044,1.587,1.678,1.39,2.349,97.65,0,5902.2,1.85,54.65,1.44817,96.6074,1.587,1.654,102.224,1.587,1.778,1.39,26,20.641,28.612,18.6318,97.5,5.1601,52.903,52.984,9.4506,11.296,20.694,21.875,45.583,8.433,9.421,0.698961,0.238316,9.75,2200,5750,0,9.32051,15.75,5911.23,5.59613,49.21,5.29,5.29,0,0,0,8.806,19.61,3200,38.995,1.195,41.995,1.388,53,1.1,-1.5
2026-09-07T08:45:17.345202+00:00,1.44415,570.795,108,19.25,80.75,0,5891.4,3.2408,54.55,6.51101,1140.74,12.31,19.19,222.727,4.615,4.256,1.39,56.47,43.53,0,5902.2,7.2582,54.65,14.3574,2886.89,36.92,56.52,546.972,4.615,10.63,1.395,5.411,87.16,7.428,5026.09,2.0048,46.5379,5.01287,264.565,3.077,5.081,83.6905,0,1.625,1.395,44.72,55.28,0,5026.09,6.3157,46.5379,12.7244,2398.52,44.62,47.21,294.122,1.538,5.669,1.395,3.619,83.98,12.4,5026.09,1.6869,46.5379,3.72611,164.441,1.538,3.168,83.3755,0,1.623,1.395,8.661,89.6,1.737,5026.09,2.3362,46.5379,4.39752,443.147,3.077,8.503,99.4937,0,1.932,1.395,3.755,96.25,0,5902.2,1.9518,54.65,3.00965,177.684,0,3.313,110.721,0,2.026,1.395,2.526,97.47,0,5902.2,1.7986,54.65,1.40705,110.345,0,1.928,105.282,0,1.919,1.39,19.375,21.823,30.111,20.7857,116.5,5.1683,54.342,54.19,9.4629,11.311,21.8,23.875,47.107,7.019,10.91,0.973327,0.325041,11.65,2200,5750,0,9.40385,15.75,5899.94,6.00804,44.62,5.434,5.434,0,0,0,9.277,21.88,3200,39,1.195,41.9951,1.381,53,1.1,-1.5
2026-09-07T08:45:18.365118+00:00,1.355,536.178,108,17.78,82.22,0,5880.6,3.209,54.45,6.51239,1054.57,10.94,18.01,190.533,4.688,3.628,1.375,45.13,54.87,0,5832,5.9704,54,11.9791,2435.47,35.94,47.61,321.703,3.125,6.19,1.38,5.18,89.21,5.607,5832,2.0409,54,5.09359,263.412,3.125,5.065,69.2501,1.562,1.334,1.38,49.88,50.12,0,5832,6.9777,54,13.7872,1114.9,17.19,21.67,1901.11,29.69,37.15,1.38,3.433,86.55,10.02,5048.07,1.7275,46.7414,3.85198,157.6,3.125,3.017,78.3896,3.125,1.499,1.375,8.257,89.67,2.069,5048.07,2.3599,46.7414,4.67843,409.403,6.25,7.851,107.969,1.562,2.084,1.375,3.643,96.36,0,5048.07,1.9484,46.7414,3.06431,163.106,1.562,3.025,116.688,1.562,2.054,1.375,2.199,97.8,0,5821.2,1.7882,53.9,1.54642,93.5698,1.562,1.652,101.17,1.562,1.799,1.375,20.75,21.379,29.561,20.2042,124.5,5.1696,53.822,53.881,9.4862,11.338,21.366,24.75,46.586,7.91,10.23,0.834364,0.287777,12.45,2200,5750,0,9.46154,16,5903.94,5.89002,35.94,5.382,5.382,0,0,0,9.092,21.27,3200,38.994,1.195,41.995,1.383,53,1.1,-1.5
2026-09-07T08:45:19.382096+00:00,1.51282,602.644,108,22.13,77.87,0,5842.8,3.4923,54.1,7.21822,1311.86,14.06,22.2,245.643,3.125,4.673,1.365,52.21,47.79,0,5875.2,7.0837,54.4,14.3811,2852.56,50,55.71,339.155,1.562,6.506,1.375,6.06,90.04,3.905,5049,2.1432,46.75,5.45283,313.483,4.688,6.019,84.1391,1.562,1.638,1.375,51.42,48.58,0,5875.2,7.0145,54.4,14.3745,1222.6,15.62,23.69,1901.25,29.69,37.19,1.375,4.031,88.38,7.595,5049,1.828,46.75,4.18869,193.315,3.125,3.731,82.0333,1.562,1.596,1.375,8.433,90.65,0.9223,5875.2,2.3251,54.4,4.73949,433.28,4.688,8.275,108.312,1.562,2.116,1.375,4.029,95.97,0,5875.2,1.9888,54.4,3.30455,191.067,3.125,3.558,117.318,0,2.093,1.375,2.968,97.03,0,5875.2,1.8666,54.4,1.73511,103.278,1.562,1.862,143.017,1.562,2.605,1.375,21.75,22.139,30.505,21.6367,116.5,5.1777,54.782,54.751,9.4765,11.327,22.128,25.875,47.528,8.594,11.47,1.01559,0.336395,11.65,2200,5750,0,9.23718,16.25,5894.74,6.26039,50,5.478,5.478,0,0,0,9.416,22.78,3200,39,1.195,42,1.379,53,1.1,-1.5
2026-09-07T08:45:20.400819+00:00,1.35014,540.76,108,21.06,78.94,0,5907.6,3.559,54.7,7.35022,1251.87,18.75,21.51,220.995,9.375,4.182,1.395,49.09,50.91,0,5907.6,6.3249,54.7,12.3027,2686.1,48.44,52.52,322.413,6.25,6.206,1.39,7.015,85.22,7.768,5030.69,2.2354,46.5805,5.71589,363.099,7.812,7.087,85.2704,0,1.668,1.39,37.35,62.65,0,5907.6,5.5975,54.7,11.1896,939.28,15.62,18.19,1365.95,18.75,26.67,1.39,4.36,83.74,11.9,5030.69,1.8513,46.5805,4.32483,213.704,3.125,4.17,83.1185,0,1.62,1.39,8.64,88.07,3.29,5907.6,2.3724,54.7,4.49577,461.92,7.812,8.942,88.8416,0,1.727,1.39,4.475,95.53,0,5907.6,2.0855,54.7,3.48792,215.328,6.25,4.068,112.212,0,1.984,1.39,3.014,96.99,0,5907.6,1.9398,54.7,1.86043,107.956,1.562,1.92,134.113,1.562,2.447,1.39,18.375,21.103,29.221,19.2181,115.5,5.1903,53.584,53.636,9.4838,11.336,21.146,25.375,46.267,9.082,10.31,0.936992,0.346718,11.55,2200,5750,0,9.39103,15.75,5909.02,6.02502,48.44,5.358,5.358,0,0,0,8.998,20.23,3200,39,1.195,42.005,1.387,53,1.1,-1.5
2026-09-07T08:45:21.420291+00:00,1.16989,480.077,108,20.66,79.34,0,5896.8,3.5877,54.6,7.05443,1234.49,17.19,20.73,255.172,0,4.735,1.395,38.84,61.16,0,5902.2,4.8918,54.65,8.44282,1980.68,28.12,38.62,457.63,4.688,8.755,1.39,6.594,87.29,6.113,5026.09,2.2403,46.5379,5.37925,337.851,3.125,6.59,97.0877,1.562,1.878,1.39,28.94,71.06,0,5902.2,4.4218,54.65,7.93306,1071.1,17.19,20.7,735.218,9.375,14.22,1.39,5.095,80.65,14.25,5026.09,1.8955,46.5379,4.17317,252.836,0,4.938,86.1616,0,1.655,1.39,9.009,90.29,0.6976,5902.2,2.5236,54.65,4.18468,484.862,7.812,9.464,97.2758,0,1.878,1.39,4.688,95.31,0,5902.2,2.181,54.65,3.48173,221.936,0,4.17,116.769,0,1.977,1.39,3.167,96.83,0,5902.2,2.0361,54.65,1.91942,107.671,1.562,1.893,144.501,0,2.611,1.39,16,18.588,25.849,16.4045,67,5.1983,50.207,50.274,9.5273,11.387,18.591,24.125,42.955,5.664,9.051,0.815514,0.307341,6.7,2200,5750,0,9.35256,16.25,5918.05,5.25726,28.12,5.021,5.021,0,0,0,7.911,17.27,3200,38.995,1.195,41.995,1.392,53,1.1,-1.5
2026-09-07T08:45:22.438283+00:00,1.17025,481.585,108,20.74,79.26,0,5902.2,3.6797,54.65,7.24034,1237.76,25,21.28,223.754,1.562,4.222,1.385,33.4,66.6,0,5026.09,4.4505,46.5379,7.47979,1815.86,25,35.3,269.376,1.562,5.04,1.39,7.149,85.12,7.727,5026.09,2.2711,46.5379,5.49749,386.114,9.375,7.555,95.6546,1.562,1.863,1.39,30.81,69.19,0,5026.09,4.5176,46.5379,7.95055,1108.18,17.19,21.34,820.49,14.06,15.84,1.39,5.384,80.9,13.71,5026.09,1.9332,46.5379,4.3258,278.067,4.688,5.43,93.7024,3.125,1.815,1.39,10.5,89.5,0,5026.09,2.723,46.5379,4.49799,556.465,10.94,10.83,127.426,0,2.488,1.39,5.374,94.63,0,5026.09,2.2704,46.5379,3.67984,266.817,4.688,4.994,128.527,0,2.205,1.39,3.673,96.33,0,5902.2,2.1041,54.65,2.04041,129.912,0,2.351,167.267,1.562,3.017,1.39,17.875,18.455,25.657,16.291,87,5.2582,50.218,50.148,9.6699,11.557,18.447,23,42.998,7.52,9.098,0.616675,0.267773,8.7,2200,5649.12,0,9.46795,15.5,5916.56,5.21674,25,5.022,5.022,0,0,0,7.85,17.15,3200,38.9849,1.195,42.005,1.392,53,1.1,-1.5
2026-09-07T08:45:23.203395+00:00,1.23842,514.465,108,19.61,80.39,0,5902.2,3.4383,54.65,6.78953,1183.48,14.29,19.72,269.891,6.349,5.081,1.395,35.6,64.4,0,5896.8,4.9224,54.6,8.60259,1180.03,14.29,22.97,1081.04,14.29,21.07,1.39,7.871,87,5.134,5021.49,2.3503,46.4953,5.572,408.025,0,8.002,114.586,0,2.229,1.39,34.39,65.61,0,5896.8,4.9425,54.6,8.88331,558.308,6.349,10.75,1596.76,28.57,31.16,1.39,6.035,84.13,9.836,5902.2,2.0751,54.65,4.49333,298.779,1.587,5.86,119.585,0,2.306,1.385,10.73,87.9,1.374,5902.2,2.6727,54.65,4.52933,565.874,4.762,11.12,129.265,0,2.498,1.385,5.52,94.48,0,5902.2,2.2801,54.65,3.68404,281.035,3.175,5.354,123.171,0,2.172,1.385,4.091,95.91,0,5902.2,2.1271,54.65,2.04028,134.018,1.587,2.344,187.593,0,3.463,1.385,24.125,19.713,27.397,16.5924,116,5.2324,51.95,51.903,9.6513,11.535,19.727,22.125,44.687,5.952,9.756,0.816175,0.345791,11.6,2200,5647.88,0,9.90385,15.75,5915.9,5.36342,28.57,5.195,5.195,0,0,0,8.394,17.47,3200,38.9849,1.195,42,1.392,53,1.1,-1.5
2026-09-07T08:45:24.221226+00:00,1.39239,586.76,108,22.85,77.15,0,5902.2,3.74,54.65,7.45596,1376.17,16.92,23.45,302.508,7.692,5.779,1.4,39.36,60.64,0,5902.2,5.3984,54.65,9.93688,2172.31,36.92,42.55,356.509,6.154,6.894,1.395,8.863,87.91,3.23,5902.2,2.516,54.65,6.07398,470.389,4.615,9.4,130.224,1.538,2.543,1.395,37.98,62.02,0,5902.2,5.7405,54.65,10.8362,929.756,18.46,18.1,1512.64,27.69,29.5,1.395,7.164,87.86,4.972,5896.8,2.3218,54.6,4.9884,377.535,3.077,7.434,127.609,0,2.486,1.385,11.61,87.67,0.7245,5896.8,2.7844,54.6,5.19137,605.547,7.692,12.09,164.047,0,3.196,1.385,6.523,93.48,0,5896.8,2.386,54.6,3.98353,334.821,3.077,6.441,143.709,0,2.598,1.385,4.892,95.11,0,5896.8,2.2282,54.6,2.42378,155.473,0,2.837,228.911,1.538,4.278,1.385,21.25,22.171,30.784,17.1893,120,5.2687,55.472,55.539,9.748,11.65,22.157,21.5,48.23,8.462,11.22,1.14198,0.441911,12,2200,5750,0,9.59615,15.75,5912.44,5.71669,36.92,5.547,5.547,0,0,0,9.429,18.09,3200,38.995,1.195,42.01,1.391,53,1.1,-1.5
2026-09-07T08:45:25.241886+00:00,1.21955,505.637,108,19.06,80.94,0,5902.2,3.3562,54.65,6.60772,1143.88,22.22,19.13,265.181,7.937,4.993,1.395,42.75,57.25,0,5896.8,5.3564,54.6,9.50338,2407.37,44.44,47.12,258.158,6.349,4.928,1.385,7.502,83.96,8.541,5021.49,2.2311,46.4953,5.31075,382.976,9.524,7.515,113.629,6.349,2.205,1.385,27.85,72.15,0,5896.8,4.6173,54.6,8.6751,872.179,12.7,16.91,903.484,19.05,17.36,1.385,5.162,81.99,12.84,5891.4,1.8769,54.55,4.11485,250.519,9.524,4.938,114.435,4.762,2.206,1.385,9.862,85.27,4.868,5891.4,2.4349,54.55,4.2485,510.855,14.29,10.05,131.408,4.762,2.531,1.385,5.699,94.3,0,5891.4,2.2399,54.55,3.52705,272.253,9.524,5.197,143.691,4.762,2.605,1.385,4.062,95.94,0,5891.4,2.05,54.55,1.94113,128.328,6.349,2.315,191.839,6.349,3.469,1.385,18.875,20.138,27.906,17.0013,95,5.2297,52.433,52.402,9.6393,11.521,20.138,21.25,45.18,11.81,9.592,0.946212,0.382505,9.5,2200,5750,0,9.62821,16.25,5910.99,5.28206,44.44,5.243,5.243,0,0,0,8.57,17.9,3200,39,1.195,41.995,1.388,53,1.1,-1.5
2026-09-07T08:45:26.261479+00:00,1.27738,524.675,108,20.78,79.22,0,5891.4,3.5983,54.55,7.05534,1248.43,20,21.5,221.865,3.077,4.237,1.39,39.03,60.97,0,5902.2,5.2213,54.65,9.30744,2062.81,32.31,40.14,389.61,1.538,7.421,1.4,7.273,86.93,5.798,5026.09,2.3124,46.5379,5.47777,375.119,6.154,7.386,115.097,0,2.24,1.4,35.4,64.6,0,5902.2,5.1975,54.65,9.52792,1373.49,21.54,26.48,819.631,9.231,16.33,1.4,5.375,83.35,11.28,5026.09,1.9942,46.5379,4.2894,274.5,3.077,5.41,104.891,1.538,2.056,1.4,10.35,89.27,0.3746,5902.2,2.6895,54.65,4.63253,533.098,9.231,10.5,152.334,0,3,1.4,5.451,94.55,0,5902.2,2.2617,54.65,3.55472,280.666,1.538,5.397,119.815,0,2.174,1.4,4.085,95.92,0,5902.2,2.1115,54.65,2.03953,139.142,1.538,2.485,184.323,1.538,3.392,1.4,17.375,20.615,28.628,16.7867,108.5,5.272,53.249,53.173,9.6897,11.581,20.606,20.875,46.008,7.019,10.01,0.98167,0.375961,10.85,2200,5750,0,9.39744,16,5915.67,5.40909,32.31,5.325,5.325,0,0,0,8.768,17.67,3200,39,1.195,42.0049,1.391,53,1.1,-1.5
2026-09-07T08:45:27.280340+00:00,1.58235,656.95,108,24.42,75.58,0,5896.8,3.8899,54.6,7.81331,1467.36,23.44,24.76,340.251,9.375,6.47,1.385,48.27,51.73,0,5891.4,6.3147,54.55,12.2514,2719.27,48.44,53.21,302.423,4.688,5.78,1.39,9.774,89.02,1.206,5016.9,2.7054,46.4527,6.37962,518.474,18.75,10.26,133.821,1.562,2.608,1.39,43.24,56.76,0,5891.4,6.5962,54.55,13.0507,2376.74,37.5,46.42,357.719,1.562,6.859,1.39,7.375,89.56,3.068,5016.9,2.3789,46.4527,5.09016,376.726,9.375,7.415,138.972,1.562,2.696,1.39,13.03,86.82,0.1473,5891.4,2.9418,54.55,5.81356,709.142,15.62,14.02,147.02,3.125,2.87,1.39,6.916,93.08,0,5891.4,2.4377,54.55,4.01024,364.089,7.812,7.006,148.217,3.125,2.707,1.39,5.212,94.79,0,5891.4,2.2677,54.55,2.61813,171.171,3.125,3.154,239.815,3.125,4.451,1.39,21.25,23.73,32.909,19.0274,114,5.237,57.395,57.29,9.6394,11.521,23.683,22,50.191,12.01,12.54,1.23531,0.483997,11.4,2200,5750,0,9.59615,15.75,5906.99,6.03434,48.44,5.739,5.739,0,0,0,10.08,20.03,3200,38.995,1.195,41.995,1.388,53,1.1,-1.5
2026-09-07T08:45:28.300101+00:00,1.39449,561.12,108,21.12,78.88,0,5902.2,3.6756,54.65,7.39663,1259.93,12.5,21.96,203.825,3.175,3.889,1.39,44.7,55.3,0,5902.2,5.577,54.65,10.7967,2369.32,36.51,46.25,394.18,6.349,7.545,1.395,7.615,90.5,1.883,5026.09,2.4377,46.5379,5.82022,387.462,4.762,7.601,101.091,1.587,1.967,1.395,42.06,57.94,0,5902.2,6.4278,54.65,12.5156,2130.42,32.81,41.07,491.929,9.524,9.515,1.38,5.314,87.07,7.62,5902.2,2.0354,54.65,4.46597,260.678,6.349,5.082,92.6865,1.587,1.788,1.38,10.58,89.3,0.1235,5902.2,2.6934,54.65,5.31225,560.86,7.937,10.91,116.717,1.587,2.269,1.38,4.455,95.55,0,5902.2,2.1607,54.65,3.45926,233.245,4.688,4.425,95.7931,1.587,1.709,1.38,3.596,96.4,0,5902.2,2.0674,54.65,2.21976,119.24,1.562,2.144,160.54,1.587,2.894,1.38,17.375,22.077,30.626,18.3128,91.5,5.2777,55.334,55.509,9.6754,11.564,22.129,22.125,47.995,8.381,10.69,1.05721,0.380633,9.15,2200,5750,0,9.58974,16.5,5913.02,5.78074,36.51,5.533,5.533,0,0,0,9.417,19.28,3200,39.0051,1.195,41.9949,1.389,53,1.1,-1.5
2026-09-07T08:45:29.318543+00:00,1.43749,575.548,108,21.26,78.74,0,5886,3.7,54.5,7.46637,1269.42,12.5,22.03,212.588,4.615,4.061,1.39,52.58,47.42,0,5886,6.6828,54.5,12.7908,1988.84,29.23,38.77,1256.47,16.92,24.54,1.39,6.907,87.37,5.724,5012.3,2.3207,46.4102,5.69572,351.902,4.615,6.89,97.5732,1.538,1.905,1.39,39.65,60.35,0,5886,6.0045,54.5,11.9831,1706.19,29.69,33.63,726.179,9.231,14.07,1.39,5.393,85.42,9.19,5012.3,2.069,46.4102,4.57517,260.209,3.077,5.116,94.8034,1.538,1.852,1.39,9.724,87.93,2.342,5886,2.6186,54.5,4.98764,515.637,7.692,10.04,108.842,1.538,2.127,1.39,4.857,95.14,0,5886,2.1994,54.5,3.59186,238.749,4.688,4.576,114.788,1.538,2.051,1.39,3.379,96.62,0,5886,2.0369,54.5,2.03882,119.095,1.562,2.115,147.496,1.538,2.694,1.39,17.375,22.228,30.851,19.1388,123.5,5.208,55.256,55.13,9.5685,11.437,22.194,22.625,48.016,8.22,11.03,1.33684,0.382539,12.35,2200,5750,0,9.39744,16.5,5912.49,5.97342,29.69,5.526,5.526,0,0,0,9.444,20.15,3200,39,1.195,42,1.389,53,1.1,-1.5
2026-09-07T08:45:30.336805+00:00,1.41176,572.761,108,21.34,78.66,0,5869.8,3.6326,54.35,7.4729,1271.19,17.19,22.09,214.397,4.688,4.106,1.375,48.28,51.72,0,5875.2,6.388,54.4,12.2203,1680.06,25,32.67,1310.46,28.12,25.54,1.375,8.014,89.77,2.213,5049,2.5338,46.75,6.09615,417.878,12.5,8.162,107.819,4.688,2.11,1.375,39.36,60.64,0,5049,6.0404,46.75,12.0668,1701.8,21.88,33,770.853,10.94,14.92,1.375,5.059,89.18,5.759,5049,2.0928,46.75,4.69218,248.507,6.25,4.876,98.6365,4.688,1.921,1.375,10.33,89.3,0.3743,5049,2.7106,46.75,5.18219,534.782,9.375,10.34,137.706,4.688,2.693,1.375,5.215,94.79,0,5875.2,2.2624,54.4,3.76561,241.961,4.688,4.515,140.394,6.25,2.585,1.375,3.577,96.42,0,5875.2,2.0626,54.4,2.11501,123.528,6.25,2.233,164.203,6.25,2.971,1.375,20.25,22.19,30.783,19.0129,113.5,5.2532,55.345,55.356,9.6099,11.486,22.219,23,48.047,10.84,10.92,0.951808,0.362645,11.35,2200,5750,0,9.78205,16.25,5909.71,5.93969,28.12,5.534,5.534,0,0,0,9.455,20.01,3200,39,1.195,42.005,1.389,53,1.1,-1.5
2026-09-07T08:45:31.355450+00:00,1.71119,738.469,108,26.01,73.99,0,5896.8,4.1286,54.6,8.623,1547.7,21.88,26.26,436.211,7.812,8.422,1.395,49.22,50.78,0,5902.2,6.4669,54.65,12.5411,1913.08,34.38,37.31,1390.88,20.31,27.13,1.4,12.58,83.85,3.576,5026.09,2.8837,46.5379,7.15788,642.407,12.5,12.54,228.759,1.562,4.465,1.4,43.01,56.99,0,5026.09,5.8537,46.5379,11.8464,1686.25,28.12,32.79,1078.66,12.5,21.01,1.4,9.856,84.95,5.193,5026.09,2.5296,46.5379,5.75638,521.419,10.94,10.21,176.859,0,3.453,1.4,16.5,83.13,0.3707,5026.09,3.331,46.5379,6.40888,888.443,17.19,17.29,265.113,4.688,5.17,1.4,8.418,91.58,0,5902.2,2.5412,54.65,4.49113,445.186,12.5,8.562,157.876,0,2.91,1.4,5.529,94.47,0,5902.2,2.225,54.65,2.60275,218.233,0,4.033,218.416,4.688,4.077,1.4,20.75,24.318,33.66,18.6872,95,5.2551,58.386,58.34,9.6803,11.57,24.341,23.125,51.01,11.82,14.1,2.16262,0.600531,9.5,2200,5750,0,9.38462,16.25,5905.12,6.19138,34.38,5.839,5.839,0,0,0,10.36,19.67,3200,39,1.195,42.03,1.387,53,1.1,-1.5
2026-09-07T08:45:32.373369+00:00,1.10818,454.223,108,17.35,82.65,0,5907.6,3.2705,54.7,6.52585,1033.57,6.25,16.92,251.507,1.562,4.803,1.395,33.56,66.44,0,5886,4.8293,54.5,8.68085,1242.32,15.62,24.16,844.806,10.94,16.47,1.39,6.14,85.31,8.548,5012.3,2.0624,46.4102,5.03175,303.869,3.125,5.904,93.3897,0,1.813,1.39,35,65,0,5886,5.0603,54.5,9.21109,1277.82,17.19,24.88,887.053,10.94,17.32,1.39,3.959,81.41,14.63,5012.3,1.732,46.4102,3.80597,178.501,1.562,3.473,96.7393,0,1.871,1.39,7.891,89.35,2.755,5012.3,2.3421,46.4102,3.96285,395.452,3.125,7.676,111.695,0,2.167,1.39,4.098,95.9,0,5886,2.0725,54.5,3.14081,204.708,0,3.836,110.481,0,1.961,1.39,2.823,97.18,0,5886,1.9156,54.5,1.55735,129.722,0,2.302,105.929,0,1.859,1.39,19.375,19.399,26.941,17.1662,99.5,5.171,51.177,51.378,9.4847,11.337,19.373,22.5,43.966,4.395,8.588,0.758782,0.305921,9.95,2200,5750,0,9.16667,15.75,5917.17,5.21059,17.19,5.118,5.118,0,0,0,8.244,18.07,3200,39,1.195,42,1.39,53,1.1,-1.5
2026-09-07T08:45:33.392102+00:00,1.11876,451.56,108,18.13,81.87,0,5886,3.3138,54.5,6.42832,1077.51,7.812,17.93,192.811,6.25,3.668,1.39,37.83,62.17,0,5907.6,4.8906,54.7,8.58429,1863.85,21.88,36.2,466.783,9.375,8.913,1.39,5.348,89.32,5.335,5030.69,2.1379,46.5805,4.96941,271.979,7.812,5.172,82.9805,1.562,1.609,1.39,33.21,66.79,0,5907.6,4.9544,54.7,9.01736,1711.14,25,33.1,318.079,6.25,6.013,1.39,3.418,82.55,14.04,5030.69,1.7162,46.5805,3.70854,143.816,4.688,2.735,95.1211,1.562,1.84,1.39,7.889,91.96,0.1494,5907.6,2.4818,54.7,4.14123,422.168,6.25,7.961,93.5649,1.562,1.821,1.39,3.726,96.27,0,5907.6,2.0713,54.7,3.11176,153.989,3.125,2.784,130.415,3.125,2.34,1.39,2.331,97.67,0,5907.6,1.8984,54.7,1.5798,100.098,3.125,1.75,100.655,1.562,1.695,1.39,15.5,18.528,25.756,16.8238,63.5,5.1961,50.119,50.057,9.5157,11.374,18.542,22,42.845,6.934,8.471,0.813273,0.284172,6.35,2200,5750,0,9.27564,16,5918.67,5.15834,25,5.012,5.012,0,0,0,7.89,17.71,3200,39,1.195,41.995,1.391,53,1.1,-1.5
2026-09-07T08:45:34.409760+00:00,1.13789,461.76,108,17.99,82.01,0,5886,3.2498,54.5,6.44426,1071.99,9.375,17.77,202.099,3.125,3.856,1.39,37.96,62.04,0,5886,5.1597,54.5,9.32014,1275.18,12.5,24.68,1087.1,17.19,21.11,1.385,5.458,89.05,5.496,5012.3,2.1178,46.4102,5.08254,276.233,1.562,5.279,85.7376,1.562,1.668,1.385,34.44,65.56,0,5886,4.936,54.5,9.13164,780.892,12.5,14.94,1338.16,20.31,26.05,1.385,3.459,83.88,12.66,5012.3,1.7497,46.4102,3.89304,163.472,1.562,3.139,76.7037,1.562,1.488,1.385,8.33,91.18,0.4881,5886,2.4839,54.5,4.24449,429.289,12.5,8.154,109.536,1.562,2.141,1.385,3.741,96.26,0,5886,2.0452,54.5,3.19902,188.155,1.562,3.444,96.0462,1.562,1.679,1.385,2.406,97.59,0,5886,1.9007,54.5,1.70278,105.346,3.125,1.847,102.209,1.562,1.775,1.385,16.5,19.602,27.23,16.9405,108.5,5.1672,51.454,51.401,9.4512,11.297,19.598,21.625,44.211,6.445,8.688,0.761232,0.281827,10.85,2200,5750,0,9.5,16.25,5918.55,5.311,20.31,5.145,5.145,0,0,0,8.34,17.83,3200,39,1.195,42,1.391,53,1.1,-1.5
2026-09-07T08:45:35.428037+00:00,1.27884,524.786,108,20.28,79.72,0,5902.2,3.5408,54.65,7.17482,1210.79,9.524,20.74,248.895,3.175,4.725,1.39,38.94,61.06,0,5869.8,5.3429,54.35,9.71683,1273.17,28.57,24.76,1161.54,14.29,22.64,1.375,6.569,88.17,5.258,5044.36,2.2363,46.707,5.5304,330.641,4.762,6.458,111.253,0,2.16,1.375,38.84,61.16,0,5869.8,5.2994,54.35,9.82215,638.059,14.29,12.3,1769.46,23.81,34.61,1.375,5.182,85.78,9.036,5044.36,2.0064,46.707,4.45838,252.034,4.762,4.922,110.992,1.587,2.153,1.375,9.492,89.39,1.119,5869.8,2.563,54.35,4.48184,487.087,7.937,9.477,131.225,1.587,2.551,1.375,5.322,94.68,0,5869.8,2.2651,54.35,3.75164,233.782,1.587,4.414,163.415,0,2.909,1.375,3.263,96.74,0,5869.8,2.0317,54.35,1.8967,145.25,0,2.667,128.986,0,2.315,1.375,20.375,21.535,29.918,17.0988,106,5.2095,54.329,54.39,9.5764,11.445,21.507,21.25,47.094,7.242,9.988,1.17162,0.408411,10.6,2200,5750,0,9.25641,15.75,5914.13,5.61415,28.57,5.433,5.433,0,0,0,9.152,18,3200,39,1.195,42.0101,1.391,53,1.1,-1.5
2026-09-07T08:45:36.447136+00:00,1.14263,462.228,108,19.06,80.94,0,5902.2,3.4089,54.65,6.70345,1134.96,15.62,20.32,162.93,3.125,3.096,1.39,39.4,60.6,0,5907.6,5.0868,54.7,9.0299,1988.25,28.12,38.89,450.725,4.688,8.684,1.39,6.097,87.37,6.529,5030.69,2.1211,46.5805,5.05668,313.874,7.812,6.095,87.6735,1.562,1.703,1.39,30.27,69.73,0,5907.6,4.8119,54.7,9.00663,888.08,15.62,17.17,986.551,12.5,19.24,1.39,4.529,83.35,12.13,5030.69,1.8189,46.5805,3.92505,211.023,6.25,4.098,97.7423,1.562,1.895,1.39,8.364,90.13,1.509,5907.6,2.4158,54.7,4.13301,441.441,10.94,8.538,105.843,1.562,2.063,1.39,3.674,96.33,0,5907.6,2.0113,54.7,3.08571,189.951,3.125,3.498,96.3446,1.562,1.717,1.39,2.87,97.13,0,5907.6,1.9098,54.7,1.64289,126.172,1.562,2.228,114.079,3.125,2.02,1.39,16.875,20.09,27.89,17.0163,124,5.1658,52.274,52.293,9.5295,11.391,20.136,21,44.964,7.422,8.829,0.807592,0.315414,12.4,2200,5750,0,9.33974,15.75,5917.4,5.24037,28.12,5.227,5.227,0,0,0,8.569,17.91,3200,38.99,1.195,42,1.39,53,1.1,-1.5
2026-09-07T08:45:37.208916+00:00,1.11484,450.829,108,17.36,82.64,0,5902.2,3.2094,54.65,6.16045,1032.81,15.38,17.74,199.195,0,3.811,1.395,38.73,61.27,0,5896.8,5.2578,54.6,9.54792,1131.38,16.92,22.1,1259.1,20,24.55,1.395,6.142,85.19,8.668,5021.49,2.057,46.4953,4.79842,286.565,4.615,5.57,108.051,0,2.103,1.395,30.46,69.54,0,5896.8,4.8201,54.6,8.99222,511.153,9.231,9.834,1362.64,18.46,26.68,1.395,3.975,84.18,11.84,5021.49,1.7329,46.4953,3.61944,185.772,3.077,3.606,86.8122,0,1.683,1.395,7.324,88.05,4.63,5021.49,2.1809,46.4953,3.80682,366.915,3.077,7.113,103.688,0,2.014,1.395,4.843,95.16,0,5896.8,2.1323,54.6,3.11648,236.09,6.154,4.444,117.689,1.538,2.115,1.395,2.654,97.35,0,5896.8,1.8808,54.6,1.5961,121.985,0,2.169,103.414,0,1.854,1.395,24.625,20.055,27.832,17.2029,117,5.1994,52.232,52.327,9.5645,11.432,20.054,21.125,44.983,6.154,8.587,0.823681,0.332162,11.7,2200,5750,0,9.37179,16,5915.18,5.03965,20,5.223,5.223,0,0,0,8.534,18.11,3200,39,1.195,41.9951,1.389,53,1.1,-1.5
2026-09-07T08:45:38.225243+00:00,1.09161,443.594,108,16.3,83.7,0,5913,3.1752,54.75,6.08166,970.24,7.812,16.18,206.397,0,3.948,1.395,40.64,59.36,0,5902.2,5.1231,54.65,9.02877,1567.44,25,30.66,951.461,14.06,18.52,1.4,5.306,82.15,12.54,5026.09,1.9218,46.5379,4.60829,256.408,7.812,4.957,90.8635,0,1.767,1.4,29.7,70.3,0,5902.2,4.8123,54.65,8.87349,844.771,17.19,16.4,986.546,12.5,19.29,1.4,3.29,81.72,14.99,5026.09,1.6292,46.5379,3.43543,148.622,3.125,2.872,81.6962,0,1.586,1.4,7.714,87.9,4.385,5902.2,2.3223,54.65,3.91683,395.875,10.94,7.658,96.2595,3.125,1.864,1.4,3.64,96.36,0,5902.2,2.0069,54.65,2.87915,181.699,0,3.357,102.061,0,1.837,1.4,2.567,97.43,0,5907.6,1.8823,54.7,1.48543,109.876,1.562,1.971,107.288,0,1.865,1.4,16.5,21.752,30.202,17.1086,72.5,5.1677,54.507,54.305,9.551,11.416,21.714,21,47.303,6.445,8.421,0.891766,0.326656,7.25,2200,5750,0,9.37179,15.5,5918.89,5.00578,25,5.451,5.451,0,0,0,9.24,18.01,3200,38.9899,1.195,42,1.39,53,1.1,-1.5
2026-09-07T08:45:39.242246+00:00,1.09746,441.792,108,17.36,82.64,0,5896.8,3.2719,54.6,6.25427,1032.11,18.75,18.15,166.989,1.587,3.222,1.385,41.26,58.74,0,5891.4,5.0605,54.55,8.80999,2064.65,33.33,40.42,479.85,4.762,9.274,1.38,5.157,85.23,9.615,5016.9,1.9441,46.4527,4.6117,259.794,6.349,5.023,74.059,0,1.435,1.38,28.31,71.69,0,5891.4,4.8488,54.55,8.90462,659.11,7.937,12.7,1098.73,15.62,21.21,1.38,3.529,81.67,14.8,5030.44,1.6685,46.5781,3.50665,153.297,4.762,2.967,87.3005,0,1.683,1.375,8.258,87.98,3.763,5853.6,2.3616,54.2,3.94566,410.192,4.762,7.941,108.422,0,2.1,1.375,3.239,96.76,0,5853.6,1.9793,54.2,2.8681,163.359,1.587,2.983,91.5798,0,1.649,1.375,2.639,97.36,0,5853.6,1.8917,54.2,1.44992,114.339,0,1.996,104.894,0,1.842,1.375,23.125,24.54,34.078,17.0085,93.5,5.2018,58.518,58.464,9.5931,11.467,24.543,21,51.267,6.216,8.412,0.76727,0.288149,9.35,2200,5750,0,9.16667,15.5,5919.32,5.032,33.33,5.852,5.852,0,0,0,10.44,17.9,3200,39,1.195,42,1.39,53,1.1,-1.5
2026-09-07T08:45:40.261512+00:00,1.09581,437.626,108,18.76,81.24,0,5896.8,3.3769,54.6,6.36584,1114.97,14.06,19.68,162.853,0,3.092,1.385,39.47,60.53,0,5896.8,5.2221,54.6,9.30421,1850.05,32.31,36.09,601.039,10.77,11.62,1.39,5.039,83.14,11.82,5021.49,1.9337,46.4953,4.5729,240.338,1.538,4.594,82.7029,0,1.605,1.39,30.36,69.64,0,5021.49,4.8674,46.4953,8.92215,741.177,6.154,14.2,1088.55,14.06,21.43,1.39,3.13,74.27,22.6,5021.49,1.5147,46.4953,3.23416,144.827,0,2.772,70.8523,0,1.371,1.39,7.785,89.36,2.857,5021.49,2.317,46.4953,3.81114,410.107,6.154,7.808,84.7981,1.538,1.653,1.39,2.745,97.25,0,5896.8,1.9253,54.6,2.65681,138.064,0,2.489,80.3745,0,1.406,1.39,2.289,97.71,0,5896.8,1.8572,54.6,1.36361,98.5465,0,1.696,92.7573,0,1.618,1.39,15.5,22.852,31.71,17.2801,122,5.2584,56.294,56.223,9.6344,11.515,22.878,21.25,49.009,5.412,8.32,0.772699,0.285264,12.2,2200,5750,0,9.33974,16.25,5918.99,5.0073,32.31,5.629,5.629,0,0,0,9.735,18.19,3200,38.9901,1.195,42,1.39,53,1.1,-1.5
2026-09-07T08:45:41.278654+00:00,1.04168,415.778,108,16,84,0,5907.6,3.1686,54.7,5.8603,951.777,6.25,16.09,180.659,1.562,3.428,1.39,39.09,60.91,0,5907.6,5.4639,54.7,9.70992,1970.01,31.25,38.51,411.168,7.812,7.916,1.39,3.881,77.64,18.48,5030.69,1.6461,46.5805,4.02915,187.788,1.562,3.591,66.4191,0,1.278,1.39,28.96,71.04,0,5907.6,4.4863,54.7,8.11369,1074.76,9.375,20.85,702.338,9.375,13.62,1.39,3.421,64.36,32.22,5030.69,1.3398,46.5805,2.93417,159.726,1.562,3.077,63.692,0,1.224,1.39,7.747,87.91,4.339,5907.6,2.2949,54.7,3.64661,385.486,7.812,7.41,94.1501,0,1.822,1.39,3.118,96.88,0,5907.6,1.951,54.7,2.58053,137.923,4.688,2.518,99.1341,0,1.689,1.39,1.944,98.06,0,5030.69,1.8075,46.5805,1.21407,85.3279,0,1.475,82.0952,0,1.425,1.39,20.75,18.609,25.849,17.0204,121.5,5.2443,50.297,50.564,9.5892,11.46,18.595,21.125,43.078,5.078,7.869,0.589139,0.232839,12.15,2200,5750,0,9.3141,15.75,5920.14,4.86734,31.25,5.03,5.03,0,0,0,7.913,17.92,3200,38.995,1.195,42,1.391,53,1.1,-1.5
2026-09-07T08:45:42.298306+00:00,1.10659,442.894,108,17.3,82.7,0,5896.8,3.2546,54.6,6.29439,1030.09,15.62,17.84,166.087,3.125,3.134,1.385,33.72,66.28,0,5886,5.1684,54.5,9.61223,1187.24,20.31,23.07,891.609,18.75,17.3,1.385,5.303,84.51,10.19,5012.3,1.9641,46.4102,4.71677,253.053,7.812,4.882,89.4823,1.562,1.742,1.385,37.56,62.44,0,5886,5.1935,54.5,9.53175,552.94,12.5,10.55,1744.49,32.81,34.14,1.385,3.704,79.96,16.33,5012.3,1.6549,46.4102,3.54601,171.014,3.125,3.298,77.6678,1.562,1.503,1.385,7.593,90.15,2.253,5012.3,2.3262,46.4102,3.97495,385.222,3.125,7.388,92.7521,1.562,1.804,1.385,3.342,96.66,0,5886,1.9912,54.5,2.88604,163.815,1.562,3.005,93.3852,1.562,1.637,1.385,2.14,97.86,0,5012.3,1.8571,46.4102,1.45188,94.0124,1.562,1.673,93.4508,1.562,1.641,1.385,19.75,20.142,27.971,17.262,118,5.1305,52.161,52.098,9.4348,11.277,20.159,21.125,44.891,8.008,8.413,0.741269,0.262075,11.8,2200,5750,0,9.19872,16,5917.58,5.16084,32.81,5.216,5.216,0,0,0,8.578,18.17,3200,38.9901,1.195,41.995,1.39,53,1.1,-1.5
2026-09-07T08:45:43.316269+00:00,1.41263,577.294,108,20.86,79.14,0,5880.6,3.4544,54.45,6.81162,1254.97,20.31,21.51,252.212,0,4.768,1.39,41.74,58.26,0,5007.7,5.8252,46.3676,11.4439,1454.27,21.88,28.37,1175.55,15.62,22.91,1.38,7.783,85.39,6.829,5007.7,2.2925,46.3676,5.50514,402.743,7.812,7.888,104.191,1.562,2.014,1.38,45.63,54.37,0,5007.7,6.4809,46.3676,12.693,1291.51,20.31,25.14,1544.77,20.31,30.25,1.38,5.655,84.86,9.488,5007.7,2.0121,46.3676,4.31175,280.127,4.688,5.479,104.34,0,2.014,1.38,10.16,86.88,2.963,5007.7,2.5608,46.3676,5.11723,521.836,7.812,10.26,137.394,1.562,2.662,1.38,5.492,94.51,0,5880.6,2.2213,54.45,3.49173,287.146,4.688,5.428,112.801,0,2.031,1.38,3.942,96.06,0,5880.6,2.0813,54.45,2.25889,156.499,3.125,2.872,156.338,0,2.865,1.38,20.75,23.173,32.121,18.7127,96,5.224,56.624,56.316,9.6275,11.507,23.154,22.125,49.375,8.105,11.03,1.26948,0.454434,9.6,2200,5750,0,9.57051,16.25,5909.32,5.74299,21.88,5.662,5.662,0,0,0,9.853,19.7,3200,39,1.195,42,1.388,53,1.1,-1.5
2026-09-07T08:45:44.639626+00:00,1.43821,588.128,108,22.32,77.68,0,5859,3.6435,54.25,7.21663,1340.45,9.375,22.84,274.585,1.562,5.225,1.375,50.27,49.73,0,5886,6.5255,54.5,12.8069,1926.23,34.38,37.58,1195.97,12.5,23.3,1.385,8.212,88.99,2.794,5012.3,2.452,46.4102,5.802,434.716,4.688,8.568,112.172,0,2.182,1.385,35.98,64.02,0,5012.3,5.7271,46.4102,11.8529,1628.61,21.88,31.6,618.75,7.812,11.96,1.385,5.892,87.39,6.715,5012.3,2.1212,46.4102,4.56038,297.598,1.562,5.851,108.72,0,2.105,1.385,11.25,88.75,0,5012.3,2.7698,46.4102,5.62,601.548,4.688,11.84,125.622,0,2.452,1.385,5.89,94.11,0,5886,2.2685,54.5,3.64313,298.487,4.688,5.655,129.17,0,2.298,1.385,4.005,95.99,0,5886,2.1179,54.5,2.64125,164.693,1.562,3.021,152.713,1.562,2.816,1.385,25.5,22.711,31.475,18.7684,107.5,5.265,56.063,56.177,9.6413,11.523,22.719,22.5,48.789,6.641,11.21,1.10018,0.42524,10.75,2200,5750,0,9.41026,15.75,5909.15,5.867,34.38,5.606,5.606,0,0,0,9.668,19.76,3200,39,1.195,41.995,1.388,53,1.1,-1.5
2026-09-07T08:45:45.408310+00:00,4.15969,2723.75,108,54.86,45.14,0,5648.4,8.5267,52.3,21.867,3145.01,47.78,59.04,2553.76,43.33,50.05,1.315,63.54,36.46,0,5675.4,9.5563,52.55,22.9063,3429.32,54.44,66.04,2859.22,46.67,53.71,1.325,47.21,49.52,3.277,5702.4,8.1217,52.8,23.2213,2701.39,45.56,51.66,2431.2,42.22,47.65,1.315,65.27,34.73,0,5691.6,9.8238,52.7,25.0114,3708.9,65.56,70.96,2663.32,42.22,50.31,1.31,45.65,48.38,5.977,5702.4,7.9054,52.8,22.2715,2658.56,42.22,50.3,2330.58,42.22,47.15,1.315,49.12,50.51,0.3716,5702.4,8.416,52.8,22.0152,2856.56,44.44,53.65,2500.11,43.33,48.63,1.315,45.61,54.39,0,5697,7.789,52.75,19.2522,2604.09,43.33,49.92,2315.12,41.11,47.06,1.325,44.72,55.28,0,5697,7.6118,52.75,17.9618,2423.1,41.11,48.22,2399.8,43.33,48.06,1.325,42.75,55.844,74.797,29.6695,113,5.2391,98.928,97.853,9.4333,11.277,55.644,41,91.837,45.56,52.65,2.27354,0.532402,11.3,2200,5750,0,10.0321,17.25,5802.6,9.73534,65.56,9.893,9.893,0,0,0,23.68,31.23,3200,39.2361,1.195,42.1037,1.363,53,1.1,-1.5
2026-09-07T08:45:46.426450+00:00,2.81136,970.387,108,37.44,62.56,0,5853.6,5.1225,54.2,14.711,2163.29,28.95,36.18,748.133,13.16,14.52,1.375,68.25,31.75,0,5859,5.9725,54.25,18.1983,3400.63,52.63,69.19,754.547,21.05,24.29,1.385,20.34,30.78,48.88,5035.08,1.9047,46.6211,12.3636,665.031,13.16,20.06,101.898,2.632,6.647,1.385,88.93,11.07,0,5859,13.39,54.25,32.3412,4426.18,73.68,89.14,832.266,23.68,24.58,1.385,17.14,28.03,54.83,5035.08,1.304,46.6211,10.24,378.965,10.53,16.92,130.058,5.263,4.088,1.385,28.22,33.54,38.25,5035.08,2.4794,46.6211,13.4363,885.663,23.68,27.34,404.313,13.16,13.53,1.385,13.21,86.79,0,5859,2.0682,54.25,8.44165,270.807,15.79,13.22,108.807,5.263,3.055,1.385,7.615,92.38,0,5859,1.841,54.25,6.00602,120.914,7.895,5.624,134.682,7.895,5.008,1.385,29.375,34.095,46.148,33.2588,98.5,5.2896,71.481,74.223,9.7305,11.63,34.535,40.25,63.597,19.9,23.35,1.57978,0.609827,9.85,2200,5750,0,9.85897,16.75,5835.53,10.0195,73.68,7.148,7.148,0,0,0,14.7,35.01,3200,39.0166,1.195,42.0498,1.364,53,1.1,-1.5
2026-09-07T08:45:47.443993+00:00,1.51941,596.441,108,18.75,81.25,0,5896.8,3.4571,54.6,7.15889,1120.5,25,19.63,162.173,4.688,3.112,1.39,52.06,47.94,0,5896.8,5.9407,54.6,12.9694,1239.01,23.44,24.23,1954.89,32.81,38.22,1.39,6.026,58,35.98,5021.49,1.6056,46.4953,4.97502,293.185,4.688,5.711,94.6784,1.562,1.826,1.39,55.96,44.04,0,5896.8,8.9047,54.6,18.5473,3149.97,56.25,61.67,227.713,3.125,4.398,1.39,4.396,51.15,44.45,5021.49,1.3161,46.4953,3.75678,206.136,1.562,4.01,86.1788,3.125,1.657,1.39,7.872,69.95,22.18,5021.49,1.9599,46.4953,5.3573,402.703,6.25,7.846,93.4826,4.688,1.808,1.39,3.905,96.1,0,5896.8,2.0383,54.6,3.44189,200.46,6.25,3.788,81.3376,3.125,1.46,1.39,2.972,97.03,0,5896.8,1.9242,54.6,2.35078,110.046,3.125,1.994,120.599,3.125,2.078,1.39,20.75,24.315,33.607,24.0846,80,5.2717,58.266,58.18,9.695,11.588,24.306,37.875,50.994,11.43,11.47,1.31496,0.462726,8,2200,5750,0,9.60256,16.25,5898.88,6.36044,56.25,5.827,5.827,0,0,0,10.34,25.35,3200,39.005,1.195,41.995,1.384,53,1.1,-1.5
2026-09-07T08:45:48.208533+00:00,1.84908,756.109,108,29.5,70.5,0,5896.8,4.3893,54.6,8.91896,1755.45,18.75,30.24,354.202,4.688,6.714,1.395,47.98,52.02,0,5880.6,6.3503,54.45,12.572,2191.52,35.94,42.61,869.414,7.812,16.58,1.39,14.15,84.42,1.431,5880.6,3.0083,54.45,7.23472,745.542,10.94,14.24,153.319,0,2.953,1.39,47.67,52.33,0,5880.6,6.0853,54.45,12.366,2001.2,25,38.85,1027.44,7.812,19.79,1.39,10.89,85.18,3.928,5880.6,2.6604,54.45,5.9261,571.59,10.94,10.91,136.603,0,2.634,1.39,19.86,80.14,0,5880.6,3.5785,54.45,7.11623,1097.41,14.06,21.2,152.359,3.125,2.93,1.39,8.927,91.07,0,5880.6,2.6123,54.45,4.63803,475.155,6.25,8.835,137.172,1.562,2.487,1.39,5.931,94.07,0,5880.6,2.3374,54.45,3.19063,220.922,4.688,4.003,208.451,0,3.715,1.39,22.625,25.362,35.143,18.5413,92,5.2438,59.679,59.594,9.6588,11.545,25.299,35.25,52.456,9.473,14.29,1.61489,0.647878,9.2,2200,5750,0,9.53846,16.25,5905.38,6.28482,35.94,5.968,5.968,0,0,0,10.77,19.52,3200,39.005,1.195,42,1.389,53,1.1,-1.5
2026-09-07T08:45:49.226286+00:00,1.53162,614.436,108,26.63,73.37,0,5902.2,4.0688,54.65,8.45171,1583.96,17.46,27.34,282.909,4.762,5.294,1.39,47.44,52.56,0,5907.6,5.4825,54.7,10.7275,1213.5,11.11,23.38,1735.3,30.16,33.72,1.39,9.468,87.62,2.914,5907.6,2.5499,54.7,6.6001,502.708,0,9.635,92.3995,0,1.788,1.39,38.19,61.81,0,5907.6,6.0041,54.7,12.3467,1660.53,26.98,32.15,696.429,12.7,13.01,1.39,7.078,87.39,5.53,5907.6,2.3103,54.7,5.37739,368.534,0,7.063,82.8947,0,1.597,1.39,13.64,85.59,0.771,5907.6,2.9677,54.7,6.1963,728.784,7.937,13.87,117.305,1.587,2.263,1.39,6.449,93.55,0,5907.6,2.4218,54.7,4.36255,343.109,4.762,6.453,104.687,0,1.818,1.39,4.267,95.73,0,5907.6,2.1924,54.7,2.979,170.426,0,2.991,147.498,1.587,2.657,1.39,20.75,22.202,30.82,18.1494,120.5,5.2753,55.637,55.812,9.7005,11.594,22.298,32.875,48.217,7.44,11.56,1.27532,0.438118,12.05,2200,5750,0,9.40385,15.75,5909.07,6.14512,30.16,5.564,5.564,0,0,0,9.489,19.1,3200,39,1.195,42.0151,1.39,53,1.1,-1.5
2026-09-07T08:45:50.245418+00:00,1.30801,527.982,108,21.75,78.25,0,5902.2,3.7565,54.65,7.50496,1298.61,12.31,22.86,203.17,1.538,3.858,1.39,49.22,50.78,0,5902.2,5.7148,54.65,10.6422,1139.09,12.31,22.17,1914.47,30.77,37.51,1.4,6.244,89.65,4.107,5902.2,2.2464,54.65,5.51549,333.182,3.077,6.493,79.9586,0,1.559,1.4,30.71,69.29,0,5902.2,5.172,54.65,10.302,1426.66,9.231,27.66,481.377,6.154,9.276,1.4,5.598,86.47,7.93,5026.09,2.1007,46.5379,4.57359,282.914,3.077,5.537,86.7683,0,1.686,1.4,8.989,89.51,1.506,5902.2,2.5233,54.65,4.9025,490.057,0,9.526,89.0798,1.538,1.741,1.4,4.741,95.26,0,5902.2,2.2108,54.65,3.62302,239.367,3.077,4.534,107.026,0,1.881,1.4,3.559,96.44,0,5902.2,2.0638,54.65,2.41501,141.683,0,2.568,134.292,0,2.38,1.4,16,20.953,29.101,17.5956,109,5.2675,53.714,53.697,9.6729,11.56,20.945,30.75,46.455,5.192,10.08,1.09192,0.400321,10.9,2200,5750,0,9.54487,16.5,5914.98,5.60233,30.77,5.371,5.371,0,0,0,8.913,18.52,3200,39,1.195,42,1.391,53,1.1,-1.5
2026-09-07T08:45:51.263080+00:00,1.44958,582.574,108,22.41,77.59,0,5859,3.8704,54.25,7.76239,1337.05,12.5,22.66,266.209,1.562,4.952,1.38,39.2,60.8,0,5886,6.1099,54.5,12.016,1583.84,17.19,30.71,832.62,7.812,15.9,1.38,7.023,90.13,2.85,5012.3,2.3277,46.4102,5.77302,371.86,6.25,7.248,82.8861,1.562,1.623,1.38,52.5,47.5,0,5886,5.8148,54.5,10.9806,871.931,12.5,16.86,2354.2,34.38,45.82,1.38,5.234,87.73,7.033,5012.3,2.0884,46.4102,4.629,268.189,7.812,5.255,78.0273,0,1.522,1.38,9.969,89.53,0.4983,5012.3,2.6669,46.4102,5.16929,544.276,3.125,10.46,89.1292,0,1.746,1.38,5.166,94.83,0,5886,2.258,54.5,3.77477,259.401,1.562,4.928,111.463,0,1.978,1.38,3.458,96.54,0,5886,2.0627,54.5,2.33296,138.295,1.562,2.567,131.802,0,2.304,1.38,17.375,22.112,30.683,17.8742,98,5.2645,55.26,55.221,9.6474,11.53,22.103,28.875,48.004,6.738,11.03,0.985877,0.388712,9.8,2200,5750,0,9.42308,16,5911.12,5.90178,34.38,5.526,5.526,0,0,0,9.406,18.81,3200,39,1.195,42,1.389,53,1.1,-1.5
2026-09-07T08:45:52.281380+00:00,3.04691,1259.09,108,50.64,49.36,0,5832,6.3333,54,14.042,2962.04,42.19,52.91,591.366,10.94,11.21,1.365,84.45,15.55,0,5859,9.1081,54.25,19.3896,2399.84,39.06,46.79,3134.1,46.88,61.13,1.365,25.26,74.39,0.3472,5035.08,3.9531,46.6211,10.7896,1383.06,12.5,26.6,261.94,6.25,5.11,1.365,64.15,35.85,0,5859,8.5225,54.25,19.3726,1255.56,18.75,24.23,2978.71,46.88,57.86,1.365,18.73,79.32,1.956,5035.08,3.248,46.6211,8.48467,959.663,10.94,18.48,217.193,4.688,4.249,1.365,35.2,64.73,0.06842,5035.08,4.7945,46.6211,10.7616,1909.99,29.69,36.64,335.98,6.25,6.535,1.365,16.41,83.59,0,5859,3.172,54.25,6.66438,872.292,17.19,16.6,196.484,3.125,3.722,1.365,9.851,90.15,0,5859,2.5402,54.25,4.32216,373.922,6.25,7.142,313.238,6.25,5.909,1.365,22.25,33.108,45.01,23.9156,97.5,5.69,70.702,70.484,10.075,12.041,33.065,29.75,63.309,19.24,24.07,3.49293,1.03006,9.75,2200,5750,0,9.94872,16.25,5850.99,8.20264,46.88,7.07,7.07,0,0,0,14.07,25.17,3200,39.0189,1.195,42.01,1.363,53,1.1,-1.5
2026-09-07T08:45:53.299629+00:00,1.69887,691.832,108,29.46,70.54,0,5864.4,4.4435,54.3,9.56996,1739.47,23.81,28.86,386.671,1.587,7.334,1.365,47.42,52.58,0,5869.8,6.6753,54.35,13.6889,1757.5,30.16,34.05,1223.36,23.81,23.63,1.375,9.397,89.47,1.135,5869.8,2.4457,54.35,6.77454,507.126,6.349,9.765,88.8463,0,1.728,1.375,50.41,49.59,0,5869.8,6.323,54.35,13.0991,742.3,12.7,14.31,2448.99,42.86,47.62,1.375,7.085,88.21,4.704,5869.8,2.1375,54.35,5.34805,367.657,9.524,7.141,86.0029,1.587,1.676,1.375,14.62,85.1,0.2835,5869.8,2.9339,54.35,6.18004,787.659,12.7,15.09,118.698,0,2.307,1.375,7.301,92.7,0,5869.8,2.3431,54.35,4.42535,383.048,6.349,7.271,113.851,0,2.046,1.375,4.202,95.8,0,5869.8,1.9907,54.35,2.50898,167.695,1.587,3.083,150.442,0,2.72,1.375,22.625,23.636,32.41,19.167,111,5.8462,58.287,58.48,10.099,12.069,23.684,28.25,50.91,10.81,13.04,1.58773,0.572786,11.1,2200,5750,0,9.82692,16,5881.66,6.54378,42.86,5.829,5.829,0,0,0,10.08,20.18,3200,39,1.195,42.0202,1.373,53,1.1,-1.5
2026-09-07T08:45:54.318999+00:00,1.58942,644.881,108,28.06,71.94,0,5869.8,4.3231,54.35,9.23394,1657.75,23.08,29,279.198,3.077,5.28,1.37,54.72,45.28,0,5044.36,6.4659,46.707,12.6768,1619.05,27.69,31.56,1876.05,32.31,36.56,1.38,8.648,90.13,1.221,5044.36,2.3749,46.707,6.4732,454.5,7.692,8.757,92.8271,0,1.815,1.38,36.16,63.84,0,5044.36,5.6872,46.707,11.8729,809.803,7.692,15.64,1475.06,23.08,28.53,1.38,6.834,87,6.162,5044.36,2.107,46.707,5.16477,347.568,1.538,6.731,94.4343,0,1.842,1.38,14.22,85.23,0.5516,5044.36,2.8888,46.707,5.80632,755.47,13.85,14.49,118.974,3.077,2.317,1.38,6.273,93.73,0,5044.36,2.2276,46.707,4.19009,323.357,7.692,6.132,110.279,3.077,1.992,1.375,4.036,95.96,0,5875.2,1.9586,54.4,2.28039,152.631,0,2.797,151.15,0,2.673,1.375,22.625,23.061,31.668,18.7126,86,5.8517,57.476,57.554,10.089,12.058,23.069,27,50.163,9.615,12.26,1.50915,0.506248,8.6,2200,5750,0,9.82051,16,5887.19,6.33745,32.31,5.748,5.748,0,0,0,9.817,19.7,3200,39,1.195,42,1.375,53,1.1,-1.5
2026-09-07T08:45:55.340851+00:00,1.45715,597.249,108,24.59,75.41,0,5842.8,3.9664,54.1,8.32335,1455.26,21.88,26.34,206.701,4.688,3.941,1.375,44.48,55.52,0,5853.6,6.1852,54.2,12.0973,1616.99,26.56,31.55,1304.31,23.44,25.37,1.37,7.595,90.45,1.956,5030.44,2.1888,46.5781,5.76517,399.722,6.25,7.835,84.9132,1.562,1.654,1.37,41.05,58.95,0,5853.6,5.5176,54.2,10.8821,815.78,12.5,15.86,1828.13,23.44,35.71,1.37,6.239,85.81,7.953,5030.44,1.9557,46.5781,4.6265,319.413,4.688,6.252,79.6314,1.562,1.547,1.37,12.14,87.02,0.8398,5853.6,2.6674,54.2,5.0751,649.612,6.25,12.65,102.915,3.125,2.006,1.37,5.816,94.18,0,5853.6,2.1153,54.2,3.77345,297.698,4.688,5.68,108.116,0,1.935,1.37,3.797,96.2,0,5853.6,1.8628,54.2,1.92214,148.411,3.125,2.736,138.385,1.562,2.502,1.37,25.5,22.337,30.6,18.3297,126.5,5.8391,56.336,56.267,10.112,12.084,22.299,25.875,49.107,9.082,11.47,1.2208,0.474761,12.65,2200,5750,0,9.6859,16,5884.38,5.87086,26.56,5.634,5.634,0,0,0,9.489,19.29,3200,39.01,1.195,42.015,1.372,53,1.1,-1.4375
2026-09-07T08:45:56.358805+00:00,2.2789,990.411,108,35.47,64.53,0,5826.6,4.9322,53.95,10.9464,2077.32,32.81,36.38,545.62,10.94,10.4,1.345,62.83,37.17,0,5799.6,7.1483,53.7,15.3205,1961.58,35.94,38.29,2172.38,34.38,42.33,1.35,15.98,83.28,0.7452,5799.6,3.0322,53.7,8.29204,838.863,7.812,16.23,295.578,4.688,5.749,1.35,59.04,40.96,0,5799.6,8.7291,53.7,18.9074,2419.98,40.62,47.21,1508.83,25,29.28,1.35,12.51,85.12,2.37,5799.6,2.6483,53.7,6.69076,656.178,7.812,12.69,264.649,1.562,5.16,1.35,22.29,77.55,0.1506,5799.6,3.6752,53.7,8.3686,1225.12,21.88,23.68,307.067,3.125,5.982,1.35,11.49,88.51,0,5799.6,2.5963,53.7,5.25163,609.038,6.25,11.66,274.089,3.125,5.153,1.35,8.273,91.73,0,5799.6,2.2683,53.7,3.34124,350.049,3.125,6.661,340.255,3.125,6.415,1.35,22.25,28.65,38.71,23.383,108,5.8642,64.619,64.547,10.163,12.146,28.615,28.75,57.307,15.14,18.96,2.15702,0.842592,10.8,2200,5750,0,9.75641,16.25,5842.17,7.1186,40.62,6.462,6.462,0,0,0,12.18,24.61,3200,39.0502,1.195,42.0151,1.355,53,1.1,-1.5
2026-09-07T08:45:57.377383+00:00,1.93485,766.717,108,33.49,66.51,0,5859,5.0261,54.25,10.9567,1965.59,28.57,33.67,372.8,22.22,6.991,1.36,52.75,47.25,0,5864.4,7.9864,54.3,16.7274,2488.5,44.44,48.25,788.888,15.87,14.96,1.365,11.74,88.1,0.1676,5864.4,2.6167,54.3,7.2119,617.016,11.11,11.81,112.772,1.587,2.213,1.365,57.11,42.89,0,5864.4,6.1844,54.3,13.1132,717.719,15.87,13.78,2746.1,46.03,53.37,1.365,7.722,90.65,1.626,5039.72,2.1807,46.6641,5.41977,400.135,6.349,7.727,93.3332,1.587,1.837,1.365,18.8,81.2,0,5039.72,3.256,46.6641,6.73856,997.463,20.63,18.96,141.575,4.762,2.765,1.365,7.36,92.64,0,5864.4,2.2177,54.3,4.23051,374.716,7.937,7.109,120.142,4.762,2.143,1.365,4.522,95.48,0,5864.4,1.9268,54.3,2.41688,167.014,4.762,3.09,163.71,4.762,2.946,1.365,31.25,24.881,33.819,20.8241,82.5,5.8626,59.725,59.791,10.082,12.049,24.959,28.125,52.316,15.08,14.48,1.52189,0.479166,8.25,2200,5750,0,10.0385,16.75,5859.09,6.68813,46.03,5.973,5.973,0,0,0,10.62,21.92,3200,39.0101,1.195,42.0101,1.361,53,1.1,-1.5
2026-09-07T08:45:58.395679+00:00,2.03228,819.436,108,33.96,66.04,0,5832,4.6727,54,10.0777,1986.96,13.85,34.41,357.95,6.154,6.722,1.345,55.35,44.65,0,5815.8,7.6019,53.85,16.4156,2365.43,38.46,46.02,1185.96,16.92,22.86,1.345,11.78,87.85,0.3715,5043.39,2.4772,46.698,6.76368,606.657,6.154,11.57,121.722,3.077,2.377,1.345,62.92,37.08,0,5815.8,7.6825,53.85,16.2589,1835.8,35.38,35.77,2138.6,35.38,41.62,1.345,8.512,90.11,1.382,5043.39,2.1159,46.698,5.12697,433.688,3.077,8.358,103.599,1.538,2.023,1.345,19.47,80.44,0.08871,5043.39,3.1067,46.698,6.78982,1057.57,10.77,20.2,124.973,1.538,2.427,1.345,6.794,93.21,0,5815.8,2.0471,53.85,3.80757,345.404,4.615,6.565,119.249,0,2.082,1.345,4.435,95.56,0,5815.8,1.8218,53.85,2.28489,170.79,1.538,3.128,156.615,1.538,2.786,1.345,21.25,25.058,33.775,22.6929,87.5,5.8544,59.606,59.542,10.109,12.081,25.047,29,52.295,11.25,15.56,1.77533,0.626926,8.75,2200,5750,0,9.98077,16.5,5839.33,6.60417,38.46,5.961,5.961,0,0,0,10.66,23.89,3200,39.0296,1.195,42.0197,1.35,53,1.1,-1.4375
2026-09-07T08:45:59.413341+00:00,1.58462,642.571,108,25.44,74.56,0,5902.2,3.9968,54.65,8.36392,1504.24,25,26.8,234.583,0,4.44,1.39,49.98,50.02,0,5896.8,7.6873,54.6,15.5661,2427.7,37.5,47.34,769.165,10.94,14.86,1.395,9.426,88.25,2.321,5896.8,2.4281,54.6,6.2004,504.984,6.25,9.759,104.934,0,2.048,1.395,42.82,57.18,0,5896.8,4.5934,54.6,9.57893,870.201,17.19,16.62,1779.8,26.56,34.75,1.395,7.162,85.03,7.809,5896.8,2.0899,54.6,4.84366,356.661,4.688,6.855,116.492,0,2.269,1.395,13.36,86.61,0.02865,5896.8,2.8576,54.6,5.51259,735.26,9.375,14.15,127.032,0,2.48,1.395,5.908,94.09,0,5896.8,2.16,54.6,3.75982,295.504,3.125,5.566,121.404,0,2.109,1.395,4.366,95.63,0,5896.8,2.0323,54.6,2.42787,169.929,1.562,3.094,163.251,0,2.982,1.395,17.875,22.553,30.964,20.1693,109,5.85,56.747,56.888,10.12,12.094,22.519,28.5,49.492,8.887,12.26,1.52063,0.582318,10.9,2200,5750,0,10.2115,17,5892.73,6.23074,37.5,5.675,5.675,0,0,0,9.583,21.23,3200,39.0101,1.195,42.0151,1.378,53,1.1,-1.4375
2026-09-07T08:46:00.431191+00:00,1.10237,447.625,108,17.26,82.74,0,5886,3.2788,54.5,6.54616,1030.09,12.5,17.33,195.181,4.688,3.723,1.385,37.8,62.2,0,5902.2,4.8377,54.65,8.69499,887.957,17.19,17.18,1458.09,26.56,28.46,1.385,5.901,86,8.102,5026.09,2.0851,46.5379,5.10067,299.48,7.812,5.838,83.8028,3.125,1.632,1.385,29.68,70.32,0,5902.2,4.7488,54.65,8.88448,1135.53,20.31,21.9,731.121,12.5,14.27,1.385,3.975,82.8,13.22,5026.09,1.7683,46.5379,3.94573,195.561,6.25,3.812,72.2051,1.562,1.396,1.385,8.487,88.06,3.452,5902.2,2.3905,54.65,4.28855,431.849,6.25,8.345,106.104,3.125,2.067,1.385,4.163,95.84,0,5902.2,2.0837,54.65,3.32448,189.823,3.125,3.536,112.822,1.562,2.029,1.385,2.974,97.03,0,5902.2,1.9742,54.65,1.98303,120.647,3.125,2.136,111.726,1.562,1.998,1.4,18.375,19.401,26.973,16.6436,68,5.8347,52.595,52.34,10.042,12.001,19.371,26.875,45.392,8.203,8.479,0.70124,0.275177,6.8,2200,5750,0,9.55769,15.5,5919.28,5.27295,26.56,5.26,5.26,0,0,0,8.243,17.52,3200,39,1.195,42.01,1.392,53,1.1,-1.4375
2026-09-07T08:46:01.449124+00:00,1.33009,537.52,108,20.68,79.32,0,5875.2,3.5591,54.4,7.02224,1229.81,23.44,21.13,206.293,1.587,3.985,1.385,40.3,59.7,0,5902.2,5.8778,54.65,11.1937,1652.64,23.44,32.07,882.908,15.62,17.13,1.39,6.557,88.36,5.086,5902.2,2.207,54.65,5.34372,328.708,7.812,6.385,91.8229,1.587,1.778,1.39,42.17,57.83,0,5891.4,5.5407,54.55,10.5456,1303.96,21.88,24.85,1319.52,17.19,25.84,1.385,5.305,85.29,9.402,5891.4,2.0128,54.55,4.31319,257.931,4.688,4.994,93.1365,3.175,1.763,1.385,10.06,89.41,0.527,5891.4,2.6774,54.55,5.02789,540.426,7.812,10.34,102.153,3.175,1.973,1.385,4.875,95.13,0,5891.4,2.1889,54.55,3.46646,246.979,7.812,4.58,101.248,1.562,1.794,1.385,3.067,96.93,0,5891.4,2.0189,54.55,2.15842,128.205,4.688,2.279,114.582,3.125,2.001,1.385,28,21.043,29.232,17.6922,80,5.8269,54.951,55.007,10.04,11.999,21.072,25.625,47.641,9.287,10.18,1.07722,0.415087,8,2200,5750,0,9.77564,16.25,5915.55,5.57789,23.44,5.495,5.495,0,0,0,8.967,18.62,3200,39.0151,1.195,42,1.391,53,1.1,-1.5
2026-09-07T08:46:02.214111+00:00,1.29561,516.841,108,22.19,77.81,0,5902.2,3.7324,54.65,7.73343,1315.06,19.05,23.37,200.52,4.688,3.821,1.395,39.74,60.26,0,5907.6,5.5876,54.7,10.802,1373.43,25.4,26.74,1087.56,15.87,21.17,1.39,7.767,85.86,6.369,5030.69,2.3001,46.5805,5.84149,388.9,7.937,7.549,101.93,3.125,1.987,1.39,37.81,62.19,0,5907.6,5.2177,54.7,10.2352,1358.23,19.05,26.65,969.903,22.22,18.97,1.39,4.626,85.38,9.994,5030.69,1.8616,46.5805,4.32643,229.276,6.349,4.485,73.789,3.125,1.471,1.39,10.33,88.39,1.28,5030.69,2.5794,46.5805,4.88567,526.938,12.7,10.28,113.2,6.25,2.218,1.39,4.013,95.99,0,5907.6,2.0224,54.7,3.3809,189.944,4.762,3.612,103.099,3.175,1.822,1.39,3.082,96.92,0,5030.69,1.945,46.5805,2.02497,126.693,3.175,2.314,110.979,4.762,2.009,1.39,22.25,21.254,29.381,17.9906,74.5,5.8453,55.199,55.373,10.087,12.054,21.303,24.875,47.865,10.1,9.904,0.972046,0.387409,7.45,2200,5750,0,9.67949,16.25,5908.14,5.749,25.4,5.52,5.52,0,0,0,9.065,18.94,3200,39.01,1.195,42,1.386,53,1.1,-1.5
2026-09-07T08:46:03.233300+00:00,1.32678,532.044,108,22.43,77.57,0,5896.8,3.7831,54.6,7.62663,1333.44,20.31,23.14,217.527,6.25,4.151,1.39,45.56,54.44,0,5896.8,6.1653,54.6,11.7315,1434.57,17.19,28.01,1406.26,18.75,27.46,1.39,6.253,87.8,5.95,5021.49,2.1867,46.4953,5.52528,317.258,7.812,6.147,81.8635,1.562,1.588,1.39,37.03,62.97,0,5896.8,5.7194,54.6,11.2211,1500.68,23.44,29.19,768.34,14.06,15.01,1.39,4.477,84.26,11.26,5021.49,1.8569,46.4953,4.22798,216.737,4.688,4.211,84.6877,1.562,1.64,1.39,9.882,88.93,1.191,5896.8,2.5885,54.6,4.92017,512.56,9.375,9.947,102.201,3.125,1.976,1.39,4.162,95.84,0,5896.8,2.0686,54.6,3.39102,195.838,3.125,3.676,107.812,1.562,1.873,1.39,2.883,97.12,0,5896.8,1.9408,54.6,1.97973,120.524,1.562,2.172,112.396,3.125,2.036,1.39,25.375,21.846,30.322,17.8055,118,5.845,55.938,55.759,10.066,12.029,21.781,24,48.781,8.594,10.14,0.79937,0.309401,11.8,2200,5750,0,9.78205,15.75,5914.39,5.88013,23.44,5.594,5.594,0,0,0,9.268,18.74,3200,39,1.195,42.005,1.389,53,1.1,-1.4375
2026-09-07T08:46:04.252296+00:00,2.40327,1006.77,108,39.8,60.2,0,5907.6,5.2967,54.7,11.8103,2332.94,26.56,41.33,503.003,7.812,9.622,1.39,57.78,42.22,0,5907.6,8.1363,54.7,17.5044,2401.39,34.38,46.78,1445.94,18.75,28.18,1.395,19.82,75.96,4.222,5030.69,3.2739,46.5805,9.02348,1036.69,15.62,19.88,217.703,6.25,4.236,1.395,60.59,39.4,0,5907.6,7.21,54.7,15.7832,2182.97,37.5,42.59,1833.5,31.25,35.88,1.395,15.58,77.39,7.035,5030.69,2.8066,46.5805,7.18369,808.889,10.94,15.54,179.269,1.562,3.491,1.395,25.41,73.6,0.9902,5030.69,3.8993,46.5805,8.60215,1418.7,26.56,27.29,279.499,4.688,5.414,1.395,12.93,87.07,0,5030.69,2.7399,46.5805,5.54845,690.13,12.5,13.14,176.642,3.125,3.186,1.395,8.42,91.58,0,5907.6,2.3201,54.7,3.52635,366.71,4.688,6.937,234.32,1.562,4.34,1.395,22.625,29.979,40.863,23.0291,81,5.8689,66.989,67.111,10.176,12.161,30.045,26.75,59.48,15.23,19.24,2.99296,0.979437,8.1,2200,5750,0,9.83333,15.75,5865.93,7.42483,37.5,6.699,6.699,0,0,0,12.79,24.24,3200,39.025,1.195,42.015,1.369,53,1.1,-1.5
2026-09-07T08:46:05.270887+00:00,1.72666,689.53,108,29.47,70.53,0,5902.2,4.4598,54.65,9.5172,1740.07,36.92,30.19,279.907,6.25,5.294,1.39,59,41,0,5896.8,6.8806,54.6,13.6596,1162.05,21.54,22.58,2516.38,41.54,49.19,1.385,10.27,84.83,4.902,5896.8,2.4942,54.6,6.70152,548.999,4.615,10.48,88.4133,3.125,1.704,1.385,42.98,57.02,0,5896.8,6.6087,54.6,13.8488,1979.34,40,38.48,694.356,10.94,13.37,1.385,6.624,84.18,9.197,5896.8,2.066,54.6,5.11815,346.396,7.692,6.587,87.2845,1.562,1.69,1.385,14.22,83.43,2.353,5896.8,2.8386,54.6,6.01595,749.269,20,14.26,131.935,3.125,2.542,1.385,6.048,93.95,0,5896.8,2.2323,54.6,4.09721,320.188,6.154,6.021,92.2336,1.538,1.648,1.385,4.051,95.95,0,5896.8,1.9817,54.6,2.41176,160.843,1.538,2.877,134.807,1.538,2.428,1.385,19.75,26.01,35.756,20.2422,119.5,5.8611,61.542,61.474,10.139,12.117,25.959,27,54.32,13,13.08,1.34424,0.543629,11.95,2200,5750,0,10.0385,16.25,5890.83,6.53377,41.54,6.154,6.154,0,0,0,11.05,21.31,3200,39,1.195,42.005,1.378,53,1.1,-1.4375
2026-09-07T08:46:06.289510+00:00,1.38816,556.085,108,22.71,77.29,0,5896.8,3.8528,54.6,7.97475,1351.16,20.31,22.96,247.459,4.615,4.688,1.385,41.28,58.72,0,5902.2,6.3533,54.65,12.6793,1627.88,25,31.63,931.294,12.5,18.08,1.39,6.68,90.29,3.029,5026.09,2.2887,46.5379,5.87129,341.974,6.25,6.605,87.2726,1.538,1.69,1.39,45.31,54.69,0,5902.2,5.5456,54.65,10.9019,1233.33,17.19,23.85,1536.39,24.62,30.07,1.39,4.599,88.45,6.95,5026.09,1.9724,46.5379,4.54938,224.765,1.562,4.394,79.8413,1.538,1.547,1.39,10.7,88.24,1.055,5026.09,2.6689,46.5379,5.26238,571.714,10.94,11.05,98.4804,1.538,1.907,1.39,4.412,95.59,0,5902.2,2.1156,54.65,3.62933,215.988,1.562,4.01,105.038,1.562,1.876,1.39,3.108,96.89,0,5026.09,1.9892,46.5379,2.23218,131.457,1.562,2.365,113.325,1.562,2.006,1.39,16.5,26.382,36.556,18.4702,80,5.8566,62.384,62.361,10.13,12.106,26.392,26,55.104,8.365,10.55,1.02539,0.396547,8,2200,5750,0,9.58333,15.75,5910.08,6.07153,25,6.238,6.238,0,0,0,11.23,19.44,3200,39.0149,1.195,42.0149,1.387,53,1.1,-1.4375
2026-09-07T08:46:07.309164+00:00,1.30115,522.462,108,20.82,79.18,0,5869.8,3.5985,54.35,7.28548,1243.6,10.94,22.38,166.173,4.688,3.142,1.375,45.53,54.47,0,5891.4,5.9339,54.55,11.1246,1411.18,25,27.53,1412.21,20.31,27.59,1.39,6.814,88.39,4.8,5016.9,2.2763,46.4527,5.61083,346.828,6.25,6.835,97.3073,3.125,1.888,1.39,33.95,66.05,0,5016.9,5.3314,46.4527,10.5103,1287.21,18.75,24.97,830.559,15.62,16.24,1.39,4.807,87.99,7.207,5016.9,2.0088,46.4527,4.42402,238.961,3.125,4.701,83.1625,3.125,1.611,1.39,10.08,88.84,1.076,5016.9,2.6489,46.4527,4.98796,525.391,6.25,10.31,114.049,4.688,2.22,1.39,4.806,95.19,0,5891.4,2.1905,54.55,3.62939,240.302,4.688,4.592,104.424,1.562,1.796,1.39,3.306,96.69,0,5891.4,2.0286,54.55,2.15221,136.483,3.125,2.486,121.542,3.125,2.202,1.39,17.875,24.918,34.595,17.9248,73.5,5.8483,60.398,60.455,10.11,12.081,24.941,25,53.109,8.398,10.03,0.907608,0.343667,7.35,2200,5750,0,10.1218,16,5914.01,5.77482,25,6.04,6.04,0,0,0,10.61,18.87,3200,39.01,1.195,42,1.39,53,1.1,-1.4375
2026-09-07T08:46:08.327702+00:00,1.32067,530.001,108,19.92,80.08,0,5902.2,3.4809,54.65,7.0605,1190.5,15.62,21.26,169.301,0,3.206,1.39,50.19,49.81,0,5896.8,6.3127,54.6,11.9529,1777.91,23.44,34.72,1333.86,20.31,26.1,1.39,6.745,87.19,6.061,5021.49,2.2118,46.4953,5.47313,337.033,6.25,6.641,95.6992,0,1.856,1.39,32.95,67.05,0,5896.8,5.2929,54.6,10.642,695.497,7.812,13.36,1370.37,21.88,26.82,1.39,4.515,84.15,11.33,5021.49,1.8659,46.4953,4.23338,210.617,6.25,4.144,92.0737,0,1.778,1.39,9.966,87.97,2.064,5021.49,2.6021,46.4953,4.9395,530.166,4.688,10.42,95.6501,0,1.857,1.39,4.589,95.41,0,5896.8,2.1219,54.6,3.45813,225.357,3.125,4.253,105.626,0,1.837,1.39,3.194,96.81,0,5896.8,2.0063,54.6,2.13488,133.56,0,2.472,116.805,0,2.108,1.39,19.375,23.331,32.354,18.2328,95.5,5.8424,58.108,58.18,10.108,12.079,23.32,24.375,50.859,6.836,10.18,1.02429,0.376336,9.55,2200,5750,0,9.73077,15.75,5912.18,5.80763,23.44,5.811,5.811,0,0,0,9.923,19.19,3200,39.005,1.195,42.005,1.389,53,1.1,-1.4375
2026-09-07T08:46:09.345715+00:00,1.37887,557.619,108,21.83,78.17,0,5907.6,3.6393,54.7,7.49899,1300.51,14.06,22.52,250.585,4.688,4.791,1.39,49.23,50.77,0,5907.6,6.2635,54.7,12.0031,1628.04,28.12,31.72,1427.98,20.31,27.97,1.39,8.08,87.92,4.004,5030.69,2.3791,46.5805,5.93391,420.52,4.688,8.203,94.1,1.562,1.809,1.39,34.27,65.73,0,5030.69,5.4128,46.5805,10.9919,495.715,7.812,9.472,1642.4,28.12,32.18,1.39,5.126,87.98,6.892,5030.69,2.0088,46.5805,4.62752,263.764,4.688,5.148,80.2848,1.562,1.535,1.39,10.18,89.28,0.5341,5030.69,2.5864,46.5805,4.97734,531.332,7.812,10.4,118.169,4.688,2.275,1.39,5.518,94.48,0,5907.6,2.2185,54.7,3.83686,286.477,3.125,5.437,103.107,1.562,1.839,1.39,3.65,96.35,0,5907.6,2.0348,54.7,2.25466,145.806,3.125,2.697,133.115,0,2.353,1.39,21.75,24.131,33.418,18.5363,102,5.8503,59.221,59.175,10.119,12.093,24.134,24,51.946,8.496,10.65,1.11566,0.422463,10.2,2200,5750,0,9.87179,16,5907.79,5.9718,28.12,5.922,5.922,0,0,0,10.27,19.51,3200,39.005,1.195,42.005,1.387,53,1.1,-1.4375
2026-09-07T08:46:10.364609+00:00,1.2835,516.354,108,19.38,80.62,0,5896.8,3.5564,54.6,7.3135,1159.21,20.63,20.06,204.311,3.175,3.89,1.385,51.1,48.9,0,5902.2,6.1496,54.65,11.4367,1622.81,26.98,31.69,1504.07,25.4,29.46,1.4,5.945,88.82,5.236,5026.09,2.1538,46.5379,5.49536,305.961,3.175,6.067,79.0684,1.587,1.541,1.4,29.37,70.63,0,5902.2,5.0816,54.65,10.2067,681.827,14.29,13.09,1174.41,15.87,22.97,1.4,4.649,87.15,8.197,5026.09,1.9558,46.5379,4.45984,232.169,3.175,4.584,80.6705,1.587,1.573,1.4,10.01,88.61,1.384,5026.09,2.6301,46.5379,5.01581,522.298,9.524,10.29,104.835,1.587,2.059,1.4,4.564,95.44,0,5902.2,2.1559,54.65,3.63491,223.355,3.175,4.287,107.228,1.587,1.848,1.4,3.342,96.66,0,5026.09,2.0405,46.5379,2.24774,137.012,1.587,2.554,122.424,3.175,2.219,1.4,21.25,22.54,31.29,17.8762,86.5,5.8454,57.05,57.052,10.094,12.064,22.554,23.5,49.783,8.532,9.886,0.799659,0.295051,8.65,2200,5750,0,9.5641,16,5913.36,5.84362,26.98,5.705,5.705,0,0,0,9.598,18.82,3200,39,1.195,42,1.389,53,1.1,-1.4375
2026-09-07T08:46:11.383189+00:00,1.25195,503.906,108,19.09,80.91,0,5902.2,3.461,54.65,7.10714,1142.64,12.5,19.97,194.495,4.688,3.695,1.395,43.99,56.01,0,5030.69,5.8877,46.5805,11.1632,1468.24,26.56,28.66,1256.05,23.44,24.59,1.39,6.062,87.4,6.533,5030.69,2.1092,46.5805,5.41571,313.115,3.125,6.182,82.1081,0,1.593,1.39,33.4,66.6,0,5030.69,5.0877,46.5805,9.94218,543.2,9.375,10.44,1528.83,18.75,29.98,1.395,4.343,85.79,9.868,5030.69,1.8536,46.5805,4.30032,216.22,4.688,4.258,78.4152,0,1.512,1.395,10.59,87.74,1.678,5030.69,2.6042,46.5805,4.83904,559.207,3.125,11.01,100.408,0,1.953,1.395,4.465,95.53,0,5907.6,2.1048,54.7,3.56231,222.481,1.562,4.165,102.142,1.562,1.824,1.395,3.255,96.74,0,5907.6,1.9971,54.7,2.09503,135.238,1.562,2.481,119.724,0,2.172,1.395,20.375,21.174,29.41,17.7286,72,5.8354,55.144,55.233,10.067,12.031,21.19,22.875,47.86,6.934,9.656,0.963657,0.347028,7.2,2200,5750,0,9.69872,15.75,5915.64,5.85415,26.56,5.514,5.514,0,0,0,9.017,18.66,3200,39.005,1.195,41.99,1.391,53,1.1,-1.4375
2026-09-07T08:46:12.399697+00:00,1.62622,689.528,108,25.04,74.96,0,5902.2,4.0879,54.65,8.70182,1483.26,20,26.25,303.391,6.25,5.856,1.39,51.42,48.58,0,5030.69,5.9463,46.5805,11.3044,1449.21,20,28.24,1825.86,32.31,35.78,1.395,11.61,82.49,5.897,5030.69,2.7315,46.5805,7.16297,607.727,7.692,11.93,206.42,3.125,4.04,1.395,34.36,65.64,0,5907.6,5.4688,54.7,11.1675,842.374,7.692,16.24,1455.22,20,28.38,1.395,9.916,82.14,7.94,5030.69,2.5248,46.5805,6.09275,515.331,9.231,10.11,201.199,1.562,3.943,1.39,14.08,84.35,1.563,5030.69,3.0008,46.5805,6.02963,746.531,6.154,14.64,191.753,3.125,3.749,1.39,9.777,90.22,0,5907.6,2.67,54.7,5.0193,484.556,4.615,9.411,212.42,4.615,3.988,1.395,6.419,93.58,0,5026.09,2.333,46.5379,3.01569,263.942,1.538,5.034,243.259,4.615,4.587,1.395,22.625,23.437,32.47,18.0124,104,5.8527,58.311,58.301,10.121,12.095,23.417,22.75,51.002,9.533,13.26,1.9829,0.584327,10.4,2200,5750,0,9.79487,16.25,5904.69,6.20667,32.31,5.831,5.831,0,0,0,9.965,18.96,3200,39.0349,1.195,42.0149,1.389,53,1.1,-1.4375
2026-09-07T08:46:13.414084+00:00,1.64775,716.235,108,26.06,73.94,0,5907.6,4.1686,54.7,8.8456,1540.35,23.44,26.69,383.398,6.25,7.438,1.395,51.36,48.64,0,5875.2,5.9681,54.4,11.3047,1404.6,18.75,27.1,1986.44,35.94,39.04,1.385,11.87,82.74,5.392,5049,2.7767,46.75,7.23674,611.844,7.812,12.02,266.011,3.125,5.208,1.385,34.31,65.69,0,5875.2,5.4311,54.4,11.2058,975.732,17.19,18.91,1346.71,17.19,26.53,1.385,9.995,78.55,11.45,5049,2.4169,46.75,5.91767,519.495,7.812,10.2,194.66,3.125,3.796,1.385,15.13,82.89,1.977,5049,3.0784,46.75,6.23649,721.635,9.375,14.09,305.057,6.25,5.977,1.385,9.214,90.79,0,5875.2,2.5522,54.4,4.72798,479.155,6.25,9.191,187.251,3.125,3.479,1.385,6.841,93.16,0,5875.2,2.3499,54.4,3.10861,299.154,3.125,5.7,238.272,1.562,4.471,1.385,21.75,23.503,32.527,18.0126,109,5.8509,58.42,58.474,10.127,12.102,23.512,22.75,51.065,10.64,13.74,1.9597,0.715745,10.9,2200,5750,0,9.66026,16.25,5906.26,6.19507,35.94,5.842,5.842,0,0,0,10.01,18.96,3200,39.01,1.195,42,1.389,53,1.1,-1.4375
2026-09-07T08:46:14.432290+00:00,1.29132,516.003,108,19.97,80.03,0,5886,3.4921,54.5,7.17415,1188.52,9.524,20.57,206.396,1.562,3.937,1.38,48.32,51.68,0,5907.6,6.4553,54.7,12.4354,1672.41,26.98,32.92,1302.02,22.22,25.43,1.39,6.071,86.52,7.407,5030.69,2.1183,46.5805,5.415,282.035,3.175,5.474,103.478,0,2.019,1.39,36.17,63.83,0,5907.6,5.5883,54.7,11.0169,742.969,12.7,14.32,1476.81,23.81,28.87,1.39,3.638,83.22,13.14,5030.69,1.7054,46.5805,4.04313,178.622,3.175,3.483,68.8941,0,1.339,1.39,8.77,89.91,1.32,5030.69,2.4054,46.5805,4.53134,446.504,1.587,8.638,99.2033,1.562,1.933,1.39,3.466,96.53,0,5907.6,1.9927,54.7,3.33601,165.268,3.175,3.093,99.981,0,1.758,1.39,2.734,97.27,0,5907.6,1.8951,54.7,1.79025,108.626,1.587,1.987,114.318,0,2.036,1.39,21.25,21.171,29.342,18.3832,119,5.8429,55.031,55.037,10.037,11.995,21.183,22.875,47.765,6.941,9.862,0.776359,0.298562,11.9,2200,5750,0,9.41667,16,5911.34,5.92327,26.98,5.503,5.503,0,0,0,9.014,19.35,3200,39.01,1.195,41.995,1.387,53,1.1,-1.4375
2026-09-07T08:46:15.449800+00:00,1.25107,502.928,108,20.59,79.41,0,5907.6,3.6012,54.7,7.24224,1224.31,9.375,20.28,262.688,4.688,4.978,1.39,40.08,59.92,0,5907.6,5.78,54.7,10.8981,1523.35,18.75,29.72,935.758,18.75,18.28,1.395,6.316,85.08,8.604,5030.69,2.0402,46.5805,5.23749,328.029,1.562,6.388,72.0296,1.562,1.384,1.395,37.67,62.33,0,5907.6,5.4569,54.7,10.38,1272.52,20.31,24.76,1036.39,14.06,20.31,1.395,4.447,80.02,15.53,5030.69,1.7424,46.5805,4.08696,208.351,3.125,4.051,82.5139,1.562,1.586,1.395,8.681,89.55,1.773,5030.69,2.4115,46.5805,4.37162,449.613,10.94,8.686,97.4758,0,1.882,1.395,4.368,95.63,0,5030.69,2.0509,46.5805,3.30768,198.788,0,3.715,120.047,1.562,2.143,1.395,2.949,97.05,0,5907.6,1.9128,54.7,1.72222,115.547,0,2.078,119.438,0,2.117,1.395,20.25,20.862,28.953,17.5829,71,5.8504,54.649,54.589,10.06,12.023,20.855,22.5,47.411,6.641,9.523,0.789696,0.323376,7.1,2200,5750,0,9.94231,16.75,5914.01,5.68944,20.31,5.465,5.465,0,0,0,8.874,18.51,3200,39.005,1.195,42.005,1.389,53,1.1,-1.4375
2026-09-07T08:46:16.215102+00:00,1.31536,523.417,108,20.62,79.38,0,5842.8,3.6139,54.1,7.32386,1227.29,18.46,21.77,180.81,4.615,3.429,1.385,42.21,57.79,0,5869.8,6.2377,54.35,11.7882,1931.12,29.23,37.74,673.226,12.31,13.13,1.375,5.975,84.33,9.696,5044.36,2.0296,46.707,5.26779,302.173,4.615,5.877,81.5391,0,1.579,1.375,41.99,58.01,0,5869.8,5.6506,54.35,10.7941,2274.57,36.92,44.46,284.018,3.077,5.551,1.375,3.834,81.31,14.86,5044.36,1.6937,46.707,3.96714,195.01,1.538,3.807,67.3822,0,1.301,1.375,10.11,87.4,2.495,5869.8,2.5713,54.35,4.64427,522.319,7.692,10.12,112.486,1.538,2.188,1.375,3.928,96.07,0,5869.8,2.0197,54.35,3.28767,194.746,3.077,3.639,96.0612,3.077,1.739,1.375,2.88,97.12,0,5869.8,1.9161,54.35,1.69775,117.015,1.538,2.109,114.904,0,2.047,1.375,21.25,21.88,30.358,18.1766,97.5,5.8486,56.085,55.953,10.104,12.075,21.853,22.5,48.866,7.981,10.03,0.87051,0.3231,9.75,2200,5750,0,9.73718,16.25,5913.45,5.84387,36.92,5.609,5.609,0,0,0,9.299,19.13,3200,39.0049,1.195,41.9951,1.389,53,1.1,-1.4375
2026-09-07T08:46:17.235189+00:00,1.28171,513.009,108,21.59,78.41,0,5896.8,3.7007,54.6,7.45255,1285.23,7.812,21.59,248.354,4.688,4.756,1.39,34.69,65.31,0,5902.2,5.7036,54.65,11.1279,1846.62,28.12,35.99,300.134,3.125,5.768,1.39,5.751,88.24,6.007,5026.09,2.1019,46.5379,5.38387,285.065,7.812,5.559,82.2742,0,1.596,1.39,44.66,55.34,0,5026.09,5.7123,46.5379,10.7594,2401.95,39.06,46.97,322.618,6.25,6.31,1.39,4.171,82.42,13.41,5026.09,1.7447,46.5379,4.14673,195.117,3.125,3.797,78.7232,3.125,1.522,1.39,10.25,88.89,0.8602,5026.09,2.6353,46.5379,4.83791,530.264,9.375,10.29,101.946,0,1.974,1.39,4.068,95.93,0,5902.2,2.0646,54.65,3.37025,189.82,1.562,3.588,106.135,0,1.937,1.39,2.997,97,0,5902.2,1.9449,54.65,1.82305,117.019,1.562,2.096,116.867,1.562,2.083,1.39,16,23.252,32.273,17.7322,97,5.8587,58.057,58.157,10.115,12.088,23.256,22.25,50.806,7.324,9.739,0.771102,0.319635,9.7,2200,5750,0,9.89103,16,5915.03,5.80732,39.06,5.806,5.806,0,0,0,9.896,18.67,3200,39.005,1.195,41.995,1.389,53,1.1,-1.4375
2026-09-07T08:46:18.252193+00:00,1.46196,581.335,108,22.74,77.26,0,5902.2,3.8449,54.65,8.03514,1351.06,17.19,23.5,209.86,4.688,3.961,1.39,51.31,48.69,0,5891.4,6.5317,54.55,12.6918,1800.52,31.25,35.02,1344.79,17.19,26.28,1.385,8.022,89.73,2.247,5016.9,2.4494,46.4527,6.19064,400.474,3.125,7.768,103.711,0,2.03,1.385,41.03,58.97,0,5891.4,6.147,54.55,12.1694,1768.51,26.56,34.27,768.353,9.375,14.96,1.385,4.861,85.03,10.11,5016.9,1.9524,46.4527,4.7057,226.59,0,4.379,90.7766,0,1.77,1.385,10.88,88.83,0.2964,5891.4,2.7228,54.55,5.29142,562.785,4.688,10.81,118.714,0,2.317,1.385,4.402,95.6,0,5891.4,2.1322,54.55,3.71637,196.515,0,3.694,124.449,1.562,2.193,1.385,2.962,97.04,0,5891.4,1.9817,54.55,2.05886,122.287,0,2.196,111.974,0,1.993,1.385,19.75,25.431,35.223,18.7108,74.5,5.8534,60.971,60.863,10.118,12.092,25.393,22.75,53.754,7.227,11.07,1.07299,0.381789,7.45,2200,5750,0,9.74359,16,5908.97,6.25113,31.25,6.097,6.097,0,0,0,10.81,19.7,3200,39.005,1.195,42,1.387,53,1.1,-1.4375
2026-09-07T08:46:19.272141+00:00,1.30555,520.867,108,20.63,79.37,0,5896.8,3.662,54.6,7.59827,1228.19,23.44,21.44,192.495,4.688,3.673,1.385,44.14,55.86,0,5907.6,6.0835,54.7,11.3967,2347.68,48.44,45.87,370.665,1.562,6.884,1.395,6.797,86.74,6.462,5016.9,2.2327,46.4527,5.77121,339.241,7.812,6.572,93.6881,0,1.815,1.39,37.87,62.13,0,5891.4,5.4296,54.55,10.3881,2106.22,39.06,40.9,222.456,1.562,4.284,1.39,4.027,83.46,12.51,5016.9,1.8193,46.4527,4.41968,190.18,1.562,3.671,79.984,0,1.545,1.39,9.75,89.05,1.204,5891.4,2.577,54.55,4.67771,515.793,9.375,9.932,92.572,0,1.791,1.39,4.497,95.5,0,5891.4,2.1482,54.55,3.71147,225.243,6.25,4.226,101.91,0,1.782,1.39,2.846,97.15,0,5891.4,1.9681,54.55,1.8632,118.931,1.562,2.115,108.617,3.125,1.929,1.39,20.25,23.581,32.739,17.7189,107.5,5.8539,58.538,58.528,10.104,12.075,23.61,22.375,51.253,9.277,9.902,0.751288,0.301492,10.75,2200,5750,0,9.91026,16,5913.69,6.01606,48.44,5.854,5.854,0,0,0,10.05,18.65,3200,39.01,1.195,42.005,1.39,53,1.1,-1.4375
2026-09-07T08:46:20.289868+00:00,1.38123,547.855,108,23.21,76.79,0,5902.2,4.0003,54.65,8.41321,1377.9,20.31,23.88,215.242,6.25,4.061,1.395,42.01,57.99,0,5896.8,5.8936,54.6,11.2406,1708.45,32.81,33.12,844.328,12.5,16.7,1.39,6.476,91.3,2.225,5896.8,2.314,54.6,6.08442,312.042,6.25,6.059,112.187,4.688,2.189,1.39,43.17,56.83,0,5896.8,5.6552,54.6,10.7024,1465.16,23.44,28.49,1159.97,17.19,22.63,1.39,5.269,86.92,7.81,5896.8,2.0801,54.6,4.91733,249.783,6.25,4.872,93.4633,3.125,1.812,1.39,10.75,89.25,0,5896.8,2.7033,54.6,4.9011,573.078,14.06,11.04,108.748,1.562,2.116,1.39,4.317,95.68,0,5896.8,2.1622,54.6,3.86926,200.475,6.25,3.712,113.544,1.562,1.978,1.39,2.917,97.08,0,5896.8,2.0064,54.6,1.94456,117.82,1.562,2.128,113.487,1.562,2.008,1.39,18.375,21.619,30.014,17.8694,76.5,5.8473,55.766,55.968,10.084,12.051,21.623,22.25,48.498,9.961,10.42,0.948432,0.340139,7.65,2200,5750,0,9.74359,16,5911.82,6.17732,32.81,5.577,5.577,0,0,0,9.201,18.81,3200,39.02,1.195,42,1.39,53,1.1,-1.4375
2026-09-07T08:46:21.308365+00:00,1.06614,428.734,108,17.37,82.63,0,5907.6,3.3176,54.7,6.674,1034.47,14.29,17.46,183.71,4.762,3.484,1.39,34.66,65.34,0,5902.2,4.4799,54.65,7.47663,1512.93,26.98,29.31,628.623,9.524,12.21,1.39,5.763,85.97,8.268,5026.09,2.1211,46.5379,5.26369,297.009,4.762,5.773,77.3575,3.175,1.502,1.39,29.94,70.06,0,5902.2,4.3401,54.65,7.43643,1592.49,23.81,30.83,238.294,1.587,4.551,1.39,3.67,79.78,16.55,5026.09,1.7,46.5379,4.05264,173.302,1.587,3.366,74.1695,1.587,1.436,1.39,8.194,89.24,2.561,5902.2,2.4266,54.65,3.84497,415.202,4.762,7.984,106.307,1.587,2.071,1.39,4.233,95.77,0,5902.2,2.1281,54.65,3.51445,200.992,4.762,3.739,106.439,3.175,1.865,1.39,2.79,97.21,0,5902.2,1.9883,54.65,1.67161,109.494,1.587,1.963,108.956,1.587,1.869,1.39,18.375,18.11,25.195,16.2003,74,5.8401,50.908,50.887,10.057,12.019,18.141,21.375,43.638,6.845,8.087,0.46001,0.186114,7.4,2200,5691.61,0,9.75,15.75,5918.97,5.27588,26.98,5.091,5.091,0,0,0,7.72,17.05,3200,39.005,1.195,41.995,1.393,53,1.1,-1.4375
2026-09-07T08:46:22.325614+00:00,1.06825,429.346,108,17.4,82.6,0,5902.2,3.3719,54.65,6.76615,1037.03,9.231,17.89,176.926,0,3.358,1.39,28.39,71.61,0,5896.8,4.4115,54.6,7.53081,1455.39,23.08,28.14,310.876,6.154,5.966,1.4,5.18,85.14,9.682,5896.8,1.9996,54.6,5.07194,266.979,3.077,5.176,73.5653,1.538,1.434,1.4,36.05,63.95,0,5896.8,4.4935,54.6,7.52696,1990.31,35.38,38.66,212.39,3.077,4.111,1.4,3.75,77.77,18.48,5896.8,1.6562,54.6,3.97142,185.1,1.538,3.597,63.9919,0,1.234,1.4,9.346,87.71,2.946,5896.8,2.4696,54.6,3.93241,495.681,7.692,9.596,96.3854,1.538,1.88,1.4,3.947,96.05,0,5896.8,2.1024,54.6,3.46098,194.825,3.077,3.599,91.3035,0,1.566,1.4,2.759,97.24,0,5896.8,1.9722,54.6,1.69023,115.951,1.538,2.048,102.829,0,1.833,1.4,16.5,17.444,24.267,16.2518,69,5.8337,49.888,49.819,10.048,12.008,17.426,20.625,42.692,6.058,8.131,0.424091,0.177471,6.9,2200,5502.33,0,9.65385,16,5919.63,5.23459,35.38,4.989,4.989,0,0,0,7.415,17.11,3200,39.0199,1.195,41.995,1.392,53,1.1,-1.4375
2026-09-07T08:46:23.343092+00:00,1.10829,442.825,108,18.43,81.57,0,5907.6,3.4898,54.7,7.09935,1096.08,15.62,19.39,150.292,0,2.844,1.4,29.52,70.48,0,5896.8,4.1579,54.6,7.18994,1553.24,25,30.09,280.024,3.125,5.355,1.385,6.244,83.53,10.23,5021.49,2.0697,46.4953,5.3496,306.274,0,5.938,94.3726,0,1.84,1.385,35.84,64.16,0,5896.8,4.806,54.6,8.34947,1883,31.25,36.59,311.343,4.688,6.052,1.385,3.956,79.23,16.81,5021.49,1.6831,46.4953,4.0981,202.765,1.562,3.927,61.7727,0,1.187,1.385,9.977,85.41,4.615,5896.8,2.4983,54.6,4.24512,548.313,7.812,10.59,79.8397,0,1.548,1.385,4.052,95.95,0,5896.8,2.1016,54.6,3.55293,196.423,0,3.702,99.6695,3.125,1.742,1.385,2.805,97.2,0,5896.8,1.9737,54.6,1.82095,115.584,0,2.059,106.199,0,1.875,1.385,14,18.002,25.024,16.3454,75,5.8415,50.687,50.712,10.067,12.03,17.979,20.125,43.48,5.762,8.421,0.644053,0.24179,7.5,2200,5621.74,0,9.74359,15.5,5917.42,5.36712,31.25,5.069,5.069,0,0,0,7.65,17.21,3200,39.015,1.195,41.995,1.392,53,1.1,-1.4375
2026-09-07T08:46:24.359069+00:00,1.02545,418.332,108,15.92,84.08,0,5902.2,3.1911,54.65,6.37938,949.533,15.62,15.76,193.253,4.688,3.689,1.395,24.63,75.37,0,5896.8,4.2399,54.6,7.35646,1254.62,28.12,24.14,316.037,4.688,6.093,1.385,5.772,80.22,14.01,5896.8,1.9258,54.6,4.88489,297.097,4.688,5.772,77.1565,1.562,1.495,1.385,38.47,61.53,0,5896.8,4.5984,54.6,7.66145,2083.23,37.5,40.5,279.534,6.25,5.429,1.385,3.788,76.61,19.61,5896.8,1.6019,54.6,3.7634,176.211,3.125,3.413,79.6531,1.562,1.543,1.385,7.588,86.07,6.344,5896.8,2.2278,54.6,3.64178,400.526,6.25,7.769,96.9938,1.562,1.892,1.385,3.499,96.5,0,5896.8,2.0329,54.6,3.23459,170.44,4.688,3.203,92.7949,1.562,1.627,1.385,2.879,97.12,0,5896.8,1.9467,54.6,1.61185,121.63,3.125,2.096,104.601,1.562,1.83,1.385,16.5,17.733,24.669,16.144,77,5.8415,50.363,50.434,10.034,11.992,17.772,19.625,43.086,7.91,7.888,0.439244,0.183845,7.7,2200,5495.78,0,9.77564,16,5920.51,5.09406,37.5,5.036,5.036,0,0,0,7.562,16.99,3200,39.01,1.195,42.005,1.392,53,1.1,-1.4375
2026-09-07T08:46:25.379132+00:00,1.07564,434.047,108,16.94,83.06,0,5907.6,3.2333,54.7,6.45554,1009.21,9.375,16.87,201.02,4.762,3.836,1.4,35.24,64.76,0,5907.6,4.6517,54.7,7.86185,1226.34,20.31,23.88,966.974,14.06,18.84,1.39,5.118,85.29,9.594,5030.69,1.9909,46.5805,5.00639,262.068,3.125,5.122,69.0074,0,1.346,1.39,32.25,67.75,0,5907.6,4.4767,54.7,7.82039,989.093,15.62,19.03,982.942,18.75,19.23,1.39,3.535,79.21,17.25,5907.6,1.6367,54.7,3.83505,159.211,3.125,3.112,77.3515,0,1.437,1.39,7.708,89.86,2.433,5907.6,2.3775,54.7,3.83592,410.372,4.688,7.934,86.2032,0,1.677,1.39,3.939,96.06,0,5907.6,2.0994,54.7,3.39842,196.606,3.125,3.709,88.4115,0,1.538,1.39,2.827,97.17,0,5907.6,1.9669,54.7,1.68662,118.79,1.562,2.08,101.15,0,1.77,1.39,20.25,17.772,24.722,16.204,71.5,5.8456,50.377,50.31,10.03,11.987,17.776,19.25,43.139,6.157,8.216,0.569889,0.207338,7.15,2200,5504.28,0,9.74359,16.25,5919.09,5.23572,20.31,5.038,5.038,0,0,0,7.564,17.06,3200,39,1.195,41.99,1.392,53.01,1.1,-1.4375
2026-09-07T08:46:26.397578+00:00,1.12139,452.867,108,18.23,81.77,0,5875.2,3.344,54.4,6.60709,1084.21,14.06,18.52,196.092,3.077,3.713,1.375,39.69,60.31,0,5864.4,4.9585,54.3,8.45473,2042.02,31.25,39.64,427.413,4.688,8.328,1.37,5.443,83.2,11.35,5864.4,1.9298,54.3,4.82699,274.835,1.562,5.367,79.9019,0,1.554,1.37,29.96,70.04,0,5864.4,4.5816,54.3,8.14129,1516.23,15.62,29.37,333.782,6.25,6.478,1.37,3.735,77.91,18.35,5864.4,1.6411,54.3,3.77139,180.674,0,3.567,68.9729,0,1.39,1.37,8.469,85.03,6.498,5864.4,2.3383,54.3,3.93109,455.014,3.125,8.793,88.7797,0,1.742,1.37,3.789,96.21,0,5864.4,2.0553,54.3,3.23756,189.641,3.125,3.6,87.8381,1.538,1.549,1.37,2.82,97.18,0,5864.4,1.9404,54.3,1.69042,119.881,0,2.099,100.578,0,1.792,1.37,16.875,18.538,25.738,16.5844,70.5,5.8368,51.394,51.329,10.067,12.031,18.519,19.25,44.19,5.269,8.594,0.512492,0.227026,7.05,2200,5545.53,0,9.70513,16.5,5916.34,5.12973,31.25,5.139,5.139,0,0,0,7.88,17.46,3200,39.01,1.195,42.01,1.39,53,1.1,-1.4375
2026-09-07T08:46:27.414833+00:00,1.40786,563.507,108,22.63,77.37,0,5902.2,3.7627,54.65,7.66996,1345.37,21.88,23.45,200.512,7.812,3.803,1.395,42.85,57.15,0,5896.8,5.9415,54.6,11.4023,2054.45,29.69,39.86,608.28,12.5,11.75,1.385,6.806,88.65,4.543,5896.8,2.229,54.6,5.60383,347.79,10.94,6.705,96.4543,4.688,1.871,1.385,45.77,54.23,0,5896.8,5.7125,54.6,10.8496,1783.78,25,34.62,1018.89,18.75,19.83,1.385,4.793,86.22,8.984,5896.8,1.9177,54.6,4.35246,230.955,6.25,4.474,91.8757,6.25,1.781,1.385,10.12,89.43,0.4543,5896.8,2.5846,54.6,4.76754,549.096,7.812,10.54,95.9964,3.125,1.858,1.385,4.598,95.4,0,5896.8,2.1288,54.6,3.5253,225.879,6.25,4.234,110.297,3.125,1.957,1.385,3.228,96.77,0,5896.8,1.9852,54.6,1.96217,136.765,3.125,2.417,119.708,4.688,2.137,1.385,21.25,21.579,29.842,18.1773,110.5,5.8514,55.626,55.611,10.113,12.086,21.575,20.625,48.365,10.74,10.7,1.03382,0.374656,11.05,2200,5750,0,9.69231,16,5906,5.82189,29.69,5.563,5.563,0,0,0,9.181,19.13,3200,39,1.195,41.99,1.385,53,1.1,-1.4375
2026-09-07T08:46:28.432251+00:00,1.36715,546.594,108,20.29,79.71,0,5891.4,3.5836,54.55,7.296,1213.64,20.31,21.51,173.633,1.587,3.311,1.39,45.09,54.91,0,5896.8,5.9458,54.6,11.128,1730.29,29.69,33.64,1049.73,17.19,20.47,1.39,7.023,90.17,2.807,5896.8,2.3054,54.6,5.62588,348.747,4.688,6.836,106.256,0,2.059,1.39,40.93,59.07,0,5896.8,5.6995,54.6,10.9006,656.501,10.94,12.49,1876.74,28.12,36.81,1.39,5.516,87.11,7.374,5896.8,2.037,54.6,4.53938,257.523,3.125,5.048,105.146,0,2.035,1.39,9.519,90.36,0.1249,5896.8,2.5773,54.6,4.771,500.955,7.812,9.771,106.156,0,2.041,1.39,4.716,95.28,0,5896.8,2.197,54.6,3.66538,242.293,6.25,4.613,98.2829,0,1.716,1.39,3.628,96.37,0,5896.8,2.0714,54.6,2.07088,149.541,0,2.681,130.071,3.125,2.309,1.39,18.875,21.669,30.071,17.9459,116.5,5.8565,55.83,55.818,10.081,12.047,21.679,21,48.56,8.302,10.46,0.896254,0.356466,11.65,2200,5750,0,9.73718,16,5912.75,5.8385,29.69,5.583,5.583,0,0,0,9.225,18.89,3200,39.005,1.195,42,1.389,53,1.1,-1.4375
2026-09-07T08:46:29.451190+00:00,1.30082,526.252,108,19.79,80.21,0,5907.6,3.4442,54.7,7.02753,1183.39,23.44,20.3,218.167,3.077,4.12,1.4,46.64,53.36,0,5896.8,5.2862,54.6,9.51652,2470.51,39.06,48.45,405.656,6.25,7.904,1.395,7.137,85.61,7.255,5896.8,2.2217,54.6,5.58233,377.808,4.688,7.442,84.3775,0,1.651,1.395,32.61,67.39,0,5896.8,5.3372,54.6,10.1667,726.318,10.94,13.99,1323.7,18.75,25.89,1.395,5.181,84.95,9.869,5896.8,1.9813,54.6,4.50876,247.939,1.562,4.891,98.0567,1.538,1.917,1.395,9.952,86.6,3.451,5896.8,2.5225,54.6,4.65378,488.364,7.812,9.581,152.809,3.077,3,1.395,5.294,94.71,0,5896.8,2.2438,54.6,3.77302,263.743,4.688,5.057,110.84,0,1.934,1.395,3.475,96.53,0,5896.8,2.0536,54.6,2.07645,142.708,0,2.63,125.635,1.562,2.299,1.395,24.125,20.864,28.982,17.2632,122,5.3532,53.775,53.859,9.7477,11.65,20.868,20.875,46.52,7.903,10.06,0.773541,0.311293,12.2,2200,5750,0,9.64103,16.5,5914.55,5.65178,39.06,5.377,5.377,0,0,0,8.88,18.17,3200,39.005,1.195,41.995,1.391,53,1.1,-1.4375
2026-09-07T08:46:30.215905+00:00,1.13566,460.117,108,18.14,81.86,0,5902.2,3.3098,54.65,6.53816,1083.23,12.5,18.32,218.489,10.94,4.137,1.39,26.69,73.31,0,5026.09,4.4659,46.5379,8.12859,1108.73,17.19,21.66,565.201,9.375,11.03,1.39,5.62,83.65,10.73,5026.09,1.9842,46.5379,5.00904,283.974,6.25,5.638,82.3749,1.562,1.595,1.39,41.29,58.71,0,5026.09,4.9295,46.5379,8.58152,595.277,14.06,11.64,1943.24,31.25,38.13,1.39,4.721,80.87,14.41,5026.09,1.8205,46.5379,4.08201,240.904,4.688,4.765,72.7336,1.562,1.403,1.39,8.837,84.91,6.258,5026.09,2.3408,46.5379,4.12376,458.022,6.25,9.07,99.5423,1.562,1.931,1.39,5.118,94.88,0,5902.2,2.1614,54.65,3.49232,253.226,3.125,4.82,113.262,1.562,1.963,1.39,3.16,96.84,0,5902.2,1.9915,54.65,1.91563,129.725,1.562,2.395,113.943,3.125,2.041,1.39,17.875,19.034,26.465,16.41,75,5.2683,51.045,51.079,9.6724,11.561,19.028,20.25,43.82,7.91,8.787,0.625651,0.229728,7.5,2200,5728.08,0,9.40385,15.75,5917.88,5.22398,31.25,5.104,5.104,0,0,0,8.097,17.27,3200,39,1.195,41.9901,1.392,53,1.1,-1.4375
2026-09-07T08:46:31.234199+00:00,1.12722,456.835,108,17.97,82.03,0,5896.8,3.3303,54.6,6.55667,1076.2,12.5,18.9,176.834,3.125,3.367,1.385,25.08,74.92,0,5902.2,4.1932,54.65,7.27733,1224.31,17.19,23.83,371.292,9.375,7.205,1.395,6.56,81.45,11.99,5026.09,2.0194,46.5379,4.98245,339.013,6.25,6.679,85.3024,1.562,1.647,1.395,40.84,59.16,0,5902.2,4.8602,54.65,8.05379,1864.2,28.12,36.44,658.843,9.375,12.93,1.395,4.727,79.18,16.09,5026.09,1.788,46.5379,3.96314,227.748,3.125,4.49,88.2904,3.125,1.709,1.395,9.374,84.01,6.612,5026.09,2.3621,46.5379,3.83413,492.372,6.25,9.71,103.112,1.562,1.999,1.395,4.699,95.3,0,5902.2,2.1215,54.65,3.3409,241.8,4.688,4.575,94.1747,1.562,1.678,1.395,3.481,96.52,0,5902.2,1.9913,54.65,1.64744,134.623,3.125,2.467,131.257,1.562,2.35,1.395,17.375,18.648,25.928,16.1686,82,5.2298,50.35,50.423,9.569,11.437,18.653,19.75,43.118,7.031,8.748,0.503857,0.200946,8.2,2200,5674.43,0,9.41026,15.5,5918.65,5.10845,28.12,5.035,5.035,0,0,0,7.937,17.02,3200,39,1.195,41.995,1.392,53,1.1,-1.4375
2026-09-07T08:46:32.250251+00:00,1.13231,459.02,108,17.48,82.52,0,5907.6,3.3104,54.7,6.41216,1047.21,17.19,18.42,176.364,4.688,3.351,1.385,26.57,73.43,0,5902.2,4.2545,54.65,7.3456,1187.25,18.75,23.08,503.796,3.125,9.806,1.395,6.329,81.88,11.79,5026.09,2.0077,46.5379,4.91279,326.578,4.688,6.446,82.9936,0,1.609,1.395,41.28,58.72,0,5026.09,4.9632,46.5379,8.24988,1803.27,25,35.26,747.059,10.94,14.63,1.395,4.334,79.64,16.03,5026.09,1.7571,46.5379,3.82583,219,4.688,4.323,76.5992,1.562,1.475,1.395,9.12,83.37,7.514,5026.09,2.3528,46.5379,3.83746,472.683,9.375,9.347,111.337,0,2.163,1.395,4.679,95.32,0,5902.2,2.143,54.65,3.32608,228.285,3.125,4.383,103.182,0,1.835,1.395,3.443,96.56,0,5902.2,2.0027,54.65,1.62425,134.875,1.562,2.454,123.833,0,2.178,1.395,18.375,20.492,28.486,16.2074,89,5.2617,53.011,52.776,9.6634,11.55,20.462,19.25,45.823,6.543,8.798,0.577079,0.231569,8.9,2200,5679.57,0,9.07692,16,5918.52,5.03478,25,5.301,5.301,0,0,0,8.707,17.06,3200,39.005,1.195,41.99,1.392,53,1.1,-1.4375
2026-09-07T08:46:33.269079+00:00,1.12293,459.782,108,17.57,82.43,0,5907.6,3.3476,54.7,6.57251,1052.43,12.5,17.64,227.54,3.175,4.308,1.395,27.26,72.74,0,5907.6,4.3272,54.7,7.37437,1036.67,14.06,20.12,699.467,12.5,13.68,1.395,6.588,80.16,13.25,5030.69,1.9919,46.5805,5.00541,338.654,4.762,6.673,80.9343,0,1.563,1.395,39.95,60.05,0,5030.69,4.7007,46.5805,7.75378,434.767,4.688,8.356,2053.48,34.38,40.07,1.395,4.304,78.65,17.05,5891.4,1.7188,54.55,3.89703,214.255,3.175,4.182,76.7106,3.175,1.469,1.385,8.728,84.98,6.289,5891.4,2.3538,54.55,3.77908,462.666,10.94,9.088,99.7369,1.587,1.93,1.385,4.509,95.49,0,5891.4,2.1234,54.55,3.3784,238.895,3.175,4.522,82.8496,1.562,1.424,1.385,3.388,96.61,0,5891.4,2.0007,54.55,1.61292,143.836,1.562,2.564,113.625,1.562,2.035,1.385,20.75,23.455,32.591,16.149,84,5.235,57.088,57.084,9.6226,11.501,23.466,18.875,49.85,7.05,8.726,0.467146,0.192181,8.4,2200,5633.42,0,9.37821,15.5,5918.52,5.14124,34.38,5.709,5.709,0,0,0,9.986,17,3200,39.005,1.195,41.9899,1.391,53,1.1,-1.4375
2026-09-07T08:46:34.287237+00:00,1.21613,491.248,108,19.36,80.64,0,5902.2,3.4341,54.65,6.76059,1159.27,18.75,20.31,173.597,6.154,3.283,1.39,35.15,64.85,0,5896.8,4.7295,54.6,8.04599,1808.02,28.12,35,400.138,9.375,7.705,1.385,7.433,83.29,9.274,5896.8,2.2126,54.6,5.416,392.981,7.692,7.685,86.3573,0,1.676,1.385,37.58,62.42,0,5896.8,4.9038,54.6,8.57079,1521.9,25,29.36,816.073,10.94,16.29,1.385,4.588,80.39,15.03,5896.8,1.8368,54.6,4.17959,226.962,0,4.47,77.3873,0,1.504,1.385,9.642,88.96,1.399,5902.2,2.6033,54.65,4.31867,518.127,7.812,10.16,102.022,1.538,2.013,1.385,4.596,95.4,0,5902.2,2.173,54.65,3.4823,224.009,1.538,4.273,103.286,0,1.795,1.385,3.268,96.73,0,5902.2,2.0367,54.65,1.82839,129.804,0,2.402,120.034,1.562,2.104,1.385,16,22.589,31.392,16.3445,90.5,5.2634,55.996,56.132,9.6765,11.565,22.598,18.75,48.747,7.405,9.375,0.643739,0.235734,9.05,2200,5705.14,0,9.62821,15.75,5918.1,5.29487,28.12,5.6,5.6,0,0,0,9.616,17.2,3200,39,1.195,42,1.392,53,1.1,-1.4375
2026-09-07T08:46:35.306103+00:00,1.17388,470.808,108,18.42,81.58,0,5902.2,3.4095,54.65,6.73392,1102.93,26.98,19.55,151.544,4.762,2.861,1.395,34.06,65.94,0,5030.69,4.5717,46.5805,7.98153,1727.14,31.75,33.7,384.029,9.524,7.442,1.395,6.121,86.01,7.869,5030.69,2.1279,46.5805,5.14786,328.613,4.762,6.488,70.4737,1.587,1.362,1.395,35.42,64.58,0,5030.69,4.6517,46.5805,8.1397,979.731,7.937,19.04,1230.18,23.81,24.02,1.395,4.796,81.01,14.2,5030.69,1.8334,46.5805,4.08982,234.804,3.175,4.645,79.4409,1.587,1.538,1.395,10.55,86.68,2.774,5030.69,2.6481,46.5805,4.54271,553.731,14.29,10.86,112.135,1.587,2.179,1.395,4.747,95.25,0,5907.6,2.1696,54.7,3.44008,235.588,7.937,4.448,95.6322,3.175,1.669,1.395,3.266,96.73,0,5907.6,2.0319,54.7,1.96093,132.881,1.587,2.467,114.068,3.175,2.018,1.395,18.375,19.314,26.855,16.2094,98.5,5.2394,51.327,51.326,9.5796,11.45,19.34,18.5,44.068,9.226,9.02,0.494628,0.202476,9.85,2200,5633.87,0,9.48718,15.75,5918.44,5.1745,31.75,5.133,5.133,0,0,0,8.23,17.06,3200,39.005,1.195,42.005,1.392,53,1.1,-1.5
2026-09-07T08:46:36.323732+00:00,1.17832,480.238,108,18.63,81.37,0,5902.2,3.4019,54.65,6.60948,1117.58,12.5,19.03,214.156,1.562,4.041,1.4,42.74,57.26,0,5907.6,4.8815,54.7,8.125,2198.4,40.62,42.91,465.281,4.688,9.035,1.39,6.692,83.84,9.463,5030.69,2.1044,46.5805,5.05956,349.69,4.688,6.88,89.0838,1.562,1.733,1.39,26.64,73.36,0,5907.6,4.4164,54.7,7.88676,855.778,10.94,16.43,822.609,10.94,16.04,1.39,4.875,79.07,16.06,5030.69,1.7969,46.5805,3.95408,243.185,4.688,4.774,83.5105,0,1.611,1.39,9.766,86.75,3.488,5907.6,2.5899,54.7,4.24537,536.483,7.812,10.51,87.5739,0,1.704,1.39,4.954,95.05,0,5907.6,2.1782,54.7,3.38989,255.76,4.688,4.892,96.3684,0,1.682,1.39,3.533,96.47,0,5907.6,2.0326,54.7,1.84122,136.238,1.562,2.489,132.101,0,2.284,1.39,15.5,19.664,27.336,16.2427,96.5,5.2331,51.808,51.819,9.6264,11.505,19.653,18.375,44.597,6.641,9.127,0.517052,0.212008,9.65,2200,5596.9,0,9.52564,16,5918.42,5.11799,40.62,5.181,5.181,0,0,0,8.363,17.1,3200,39,1.195,41.995,1.392,53,1.1,-1.4375
2026-09-07T08:46:37.342621+00:00,1.31481,519.277,108,19.23,80.77,0,5859,3.3824,54.25,6.70958,1147.5,9.231,20.28,150.856,3.125,2.845,1.36,46.5,53.5,0,5880.6,6.9094,54.45,12.8103,2614.99,40,50.96,234.708,4.688,4.495,1.375,6.228,67.79,25.98,5007.7,1.8169,46.3676,4.85025,312.599,1.538,6.073,84.138,3.125,1.639,1.375,39.82,60.18,0,5880.6,4.6004,54.45,8.42077,1828.38,29.23,35.57,617.803,10.77,12.01,1.375,3.765,63.55,32.68,5007.7,1.4365,46.3676,3.60361,191.93,1.562,3.739,57.2658,1.562,1.104,1.375,9.135,85.07,5.794,5880.6,2.4001,54.45,4.10933,478.501,9.231,9.22,97.4717,1.562,1.891,1.375,3.902,96.1,0,5880.6,2.0492,54.45,3.23682,195.72,1.538,3.726,78.6346,1.538,1.341,1.375,2.897,97.1,0,5007.7,1.933,46.3676,1.69664,123.081,1.538,2.171,94.8639,1.538,1.67,1.375,31.25,20.326,28.196,18.8188,86,5.262,52.863,52.829,9.7328,11.632,20.312,21.875,45.616,7.611,9.921,1.03428,0.309735,8.6,2200,5746.52,0,9.58333,16.25,5913.62,5.5296,40,5.286,5.286,0,0,0,8.643,19.81,3200,39,1.195,42,1.388,53,1.1,-1.4375
2026-09-07T08:46:38.360318+00:00,1.54421,591.45,108,16.21,83.79,0,5891.4,3.0589,54.55,6.22046,963.526,12.5,17,108.25,4.615,2.046,1.39,57.34,42.66,0,5902.2,9.0115,54.65,19.2167,2607.38,43.75,50.93,850.197,15.38,16.62,1.395,3.773,51.07,45.16,5026.09,1.2308,46.5379,3.93818,177.369,4.688,3.397,56.2313,1.538,1.081,1.395,63.74,36.26,0,5026.09,7.1751,46.5379,14.3047,3552.63,57.81,69.48,274.517,6.25,5.368,1.395,2.836,37.99,59.18,5026.09,0.92801,46.5379,2.75012,124.252,3.077,2.398,55.4864,1.538,1.064,1.395,6.039,62.61,31.35,5026.09,1.6271,46.5379,3.71909,321.173,9.375,6.157,44.5454,1.538,0.8553,1.395,2.815,97.18,0,5902.2,1.8552,54.65,2.70556,108.024,3.125,2.024,89.4296,1.562,1.491,1.395,1.669,98.33,0,5026.09,1.7182,46.5379,1.18073,69.3302,3.125,1.234,60.8667,1.562,1.027,1.395,16.875,22.289,30.786,26.5088,85.5,5.1816,55.155,55.241,9.5432,11.407,22.28,27.875,47.893,10.72,11.39,1.12793,0.409173,8.55,2200,5750,0,9.62179,16,5901.2,6.3683,57.81,5.516,5.515,0,0,0,9.481,27.9,3200,39,1.195,41.995,1.383,53,1.1,-1.4375
2026-09-07T08:46:39.378216+00:00,1.29367,515.328,108,17.78,82.22,0,5907.6,3.3398,54.7,6.55126,1059.9,7.812,17.72,213.4,4.762,4.079,1.395,54.8,45.2,0,5907.6,5.5207,54.7,9.48434,2792.21,42.19,54.67,557.055,7.937,10.91,1.385,6.005,73.34,20.66,5907.6,1.9007,54.7,4.86932,290.047,6.25,5.665,91.9933,1.587,1.778,1.385,30.43,69.57,0,5907.6,4.6982,54.7,8.66048,1387.06,17.19,26.41,491.19,7.812,9.614,1.385,4.482,64.17,31.35,5907.6,1.5056,54.7,3.66263,217.185,3.125,4.242,76.6409,3.175,1.475,1.385,8.929,86.29,4.779,5907.6,2.4573,54.7,4.18333,448.487,4.688,8.721,109.808,1.587,2.131,1.385,4.34,95.66,0,5907.6,2.175,54.7,3.39003,203.621,3.125,3.898,103.428,3.125,1.804,1.385,2.607,97.39,0,5907.6,1.9966,54.7,1.81578,111.278,1.587,2.01,91.9494,0,1.627,1.385,19.5,21.152,29.398,16.3078,78.5,5.2716,54.048,53.653,9.7268,11.625,21.123,26.25,46.822,7.247,9.797,1.0192,0.437901,7.85,2200,5750,0,9.35256,16,5918.24,5.38232,42.19,5.405,5.405,0,0,0,8.988,17.17,3200,39,1.195,41.9899,1.391,53,1.1,-1.4375
2026-09-07T08:46:40.394902+00:00,2.7385,1094.64,108,42.66,57.34,0,5907.6,4.964,54.7,10.6554,2495.84,37.5,43.29,414.048,4.615,7.786,1.395,79.09,20.91,0,5907.6,8.6472,54.7,17.8091,4036.23,62.5,78.52,936.696,13.85,17.86,1.395,16.25,66.3,17.45,5030.69,2.839,46.5805,7.98467,918.135,9.375,16.81,144.209,1.538,2.706,1.395,83.34,16.66,0,5907.6,8.3712,54.7,17.7841,3306.02,51.56,64.52,1899.76,28.12,36.82,1.395,11,50.44,38.56,5030.69,2.0862,46.5805,6.06936,591.257,4.688,11.01,130.84,1.538,2.488,1.395,25.87,71.4,2.727,5907.6,3.8442,54.7,8.41147,1456.92,21.88,26.76,161.859,4.615,3.001,1.395,9.591,90.41,0,5907.6,2.614,54.7,5.12537,505.885,7.812,9.365,97.2922,1.562,1.629,1.395,6.051,93.95,0,5907.6,2.2954,54.7,3.21921,232.831,3.077,4.122,186.441,3.125,3.202,1.395,18.875,33.335,45.595,22.1026,85,5.2477,70.549,70.78,9.7839,11.694,33.356,27.875,63.061,16.08,20.62,3.15698,1.26288,8.5,2200,5750,0,9.58333,16.25,5882.73,7.57258,62.5,7.055,7.055,0,0,0,14.19,23.27,3200,39.0049,1.195,42,1.374,53,1.1,-1.4375
2026-09-07T08:46:41.410288+00:00,1.41938,564.672,108,31.08,68.92,0,5913,4.0252,54.75,7.57358,1826.41,15.87,25.13,539.374,7.937,10.44,1.395,32.6,56.38,11.02,5035.29,4.9882,46.623,9.55737,1673.87,26.98,32.42,325.707,1.587,5.915,1.4,7.992,40.77,51.24,5035.29,1.4124,46.623,4.5157,446.282,7.937,8.324,21.699,0,0.39,1.4,47.42,37.02,15.57,5913,4.0058,54.75,6.93794,2217.28,34.92,43.18,627.277,11.11,12.02,1.4,5.421,17.15,77.42,5035.29,0.79578,46.623,2.97429,296,1.587,5.466,28.8561,0,0.5334,1.4,11.37,48.07,40.56,5035.29,1.8661,46.623,3.32535,632.109,9.524,11.75,27.5611,0,0.4977,1.4,3.707,96.29,0,5913,1.9958,54.75,3.18389,192.418,3.175,3.387,33.8039,0,0.4855,1.4,2.35,97.65,0,5913,1.8757,54.75,1.58042,84.3429,3.175,1.38,61.7734,0,0.8809,1.4,23.625,20.651,28.431,18.6583,91.5,5.1144,52.922,53.156,9.5193,11.379,20.698,27.5,45.436,7.738,10.14,0.83801,4.54019,9.15,2200,5749.49,0,9.28205,15.5,5908.48,5.43528,34.92,5.292,5.292,0,0,0,8.808,19.64,3200,39,1.195,41.9899,1.385,53,1.1,-1.4375
