wall_time_utc,AvgActC,Avg_EClk,Bus_Clk,C0_C0res,C0_C1res,C0_C6res,C0_Clk,C0_P,C0_R,C0_T,C0_T0_EClk,C0_T0_U,C0_T0_Util,C0_T1_EClk,C0_T1_U,C0_T1_Util,C0_VID,C1_C0res,C1_C1res,C1_C6res,C1_Clk,C1_P,C1_R,C1_T,C1_T0_EClk,C1_T0_U,C1_T0_Util,C1_T1_EClk,C1_T1_U,C1_T1_Util,C1_VID,C2_C0res,C2_C1res,C2_C6res,C2_Clk,C2_P,C2_R,C2_T,C2_T0_EClk,C2_T0_U,C2_T0_Util,C2_T1_EClk,C2_T1_U,C2_T1_Util,C2_VID,C3_C0res,C3_C1res,C3_C6res,C3_Clk,C3_P,C3_R,C3_T,C3_T0_EClk,C3_T0_U,C3_T0_Util,C3_T1_EClk,C3_T1_U,C3_T1_Util,C3_VID,C4_C0res,C4_C1res,C4_C6res,C4_Clk,C4_P,C4_R,C4_T,C4_T0_EClk,C4_T0_U,C4_T0_Util,C4_T1_EClk,C4_T1_U,C4_T1_Util,C4_VID,C5_C0res,C5_C1res,C5_C6res,C5_Clk,C5_P,C5_R,C5_T,C5_T0_EClk,C5_T0_U,C5_T0_Util,C5_T1_EClk,C5_T1_U,C5_T1_Util,C5_VID,C6_C0res,C6_C1res,C6_C6res,C6_Clk,C6_P,C6_R,C6_T,C6_T0_EClk,C6_T0_U,C6_T0_Util,C6_T1_EClk,C6_T1_U,C6_T1_Util,C6_VID,C7_C0res,C7_C1res,C7_C6res,C7_Clk,C7_P,C7_R,C7_T,C7_T0_EClk,C7_T0_U,C7_T0_Util,C7_T1_EClk,C7_T1_U,C7_T1_Util,C7_VID,CCD1_Tdie,CPU_Core_I,CPU_Core_P,CPU_DieAvg,CPU_EDC,CPU_MISC_I,CPU_PPT,CPU_Pkg_P,CPU_SoC_I,CPU_SoC_P,CPU_TDC,CPU_Tctl,CPU_Tot_P,CPU_U,CPU_Util,DRAM_R_BW,DRAM_W_BW,EDC_Lim,FCLK,Freq_GLim,HTC_TT,IOD_Avg,IOD_Hot,L3_Clk,L3_T,MaxThr_U,PPT_F_Lim,PPT_Lim,PROCHOT_CPU,PROCHOT_EXT,Pkg_C6,TDC_Lim,T_Lim,UCLK,VDDCR_SOC_TVRM,VDDCR_SOC_V,VDDCR_VDD_TVRM,VDDCR_VDD_V,VDD_MISC_TVRM,VDD_MISC_V,coolant_c
2026-09-11T04:09:33.588440+00:00,0.957853,360.768,108,15.07,84.93,0,5918.4,2.9271,54.8,5.60271,893.517,11.01,14.21,131.56,2.344,2.483,1.393,46.77,46.72,6.512,5918.4,4.8116,54.8,8.036,2599.66,40.62,50.32,162.904,2.344,2.912,1.395,1.503,22.9,75.59,5039.89,0.56872,46.6656,2.82389,76.0084,0,1.334,6.57949,0,0.1067,1.395,26.88,62.36,10.76,5479.14,4.047,50.7328,7.17296,462.77,3.906,8.651,1114.22,17.2,21.07,1.395,0.5778,7.94,91.48,5039.89,0.22183,46.6656,1.73062,26.9729,0,0.4606,4.93602,0,0.0765,1.395,3.659,57.85,38.49,5039.89,1.3587,46.6656,2.14498,197.084,2.344,3.478,6.97275,0,0.1142,1.395,0.9608,99.04,0,5918.4,1.7862,54.8,2.62176,44.6572,0,0.6696,20.1917,0,0.223,1.395,0.3611,58.4,41.24,5479.14,1.0488,50.7328,0.707121,9.99982,0,0.1216,14.2542,0,0.1808,1.395,14.3125,15.137,21.061,16.9875,55.5,5.0926,45.118,45.124,9.3949,11.23,15.133,21.8125,37.893,4.986,6.651,0.311001,0.299343,5.55,2200,5564.39,0,9.9391,16.5,5934.59,5.11176,40.62,4.512,4.512,0,0,0,6.44,17.88,3200,37.1505,1.195,40.4897,1.392,52,1.1,-0.6875
2026-09-11T04:09:34.355627+00:00,1.29168,493.594,108,23.05,76.95,0,5886,3.6612,54.5,7.48237,1362.44,13.85,24.89,92.8207,0,1.546,1.37,39.09,54.91,6.001,5886,4.628,54.5,8.43245,683.974,9.231,12.82,1673.77,26.15,32.33,1.385,7.894,33.22,58.88,5886,1.4629,54.5,4.86489,443.206,9.231,8.111,25.938,0,0.3152,1.385,37.47,48.19,14.34,5886,4.4914,54.5,8.27983,805.864,10.77,15.23,1482.39,23.08,28.59,1.385,4.381,28.44,67.18,5886,1.0045,54.5,3.42628,246.29,4.615,4.367,20.1067,0,0.1958,1.385,12.7,40.36,46.94,5886,2.0813,54.5,3.83037,730.691,7.692,13.63,22.1275,0,0.229,1.385,3.25,96.75,0,5886,2.0347,54.5,3.50592,169.755,1.538,2.829,42.9359,0,0.4509,1.385,1.331,51.83,46.84,5886,1.1075,54.5,0.767752,52.4718,0,0.656,42.7163,0,0.5835,1.385,19.75,18.313,25.406,17.7982,71,5.1011,49.351,48.769,9.3915,11.226,18.199,21.75,42.243,6.635,9.172,0.866417,0.297497,7.1,2200,5619.97,0,10.2564,16.5,5926.6,5.68898,26.15,4.935,4.935,0,0,0,7.744,18.73,3200,37.2179,1.195,40.498,1.391,52,1.1,-0.6875
2026-09-11T04:09:35.379640+00:00,2.69558,1304.35,108,39.49,60.51,0,5918.4,4.9555,54.8,11.4203,2337.86,34.38,42.77,786.588,9.375,15.28,1.395,56.24,37.2,6.564,5918.4,5.9646,54.8,12.5213,1617.47,21.88,31.47,2489.63,40.62,48.49,1.4,27.65,44.11,28.23,5039.89,3.4828,46.6656,10.0125,1519.78,21.88,29.44,664.199,10.94,12.97,1.4,53.75,35.05,11.2,5039.89,5.7075,46.6656,12.4638,1569.53,15.62,30.09,2341.94,35.94,45.41,1.4,24.25,46.27,29.48,5039.89,3.2005,46.6656,8.6756,1348.25,21.88,26.17,603.948,10.94,11.82,1.4,31.77,45.71,22.52,5039.89,3.8531,46.6656,8.37262,1785.86,21.88,34.38,650.749,9.375,12.72,1.4,20.43,79.57,0,5918.4,3.3578,54.8,7.16232,1123.35,14.06,21.62,584.259,7.812,11.38,1.4,15.99,70.86,13.15,5039.89,2.6862,46.6656,4.41771,735.382,7.812,14.22,710.747,12.5,13.77,1.4,13.125,27.812,38.403,19.4185,94.5,5.1211,62.83,63.406,9.4582,11.306,27.928,23.125,55.342,18.55,25.13,1.58988,0.540542,9.45,2200,5709.11,0,9.75,16.25,5901.1,7.66683,40.62,6.283,6.283,0,0,0,11.88,20.44,3200,37.3707,1.195,40.6493,1.386,52,1.1,-0.75
2026-09-11T04:09:36.397791+00:00,2.32178,1178.61,108,33.28,66.72,0,5913,4.5134,54.75,9.98757,1955.59,35.94,36.69,758.428,12.7,14.87,1.395,65.78,34.06,0.155,5035.29,7.1737,46.623,14.803,1117.07,15.62,21.79,3499.01,62.5,68.37,1.395,19.62,35.99,44.39,5035.29,2.3361,46.623,7.31225,1100.21,17.46,21.33,648.632,11.11,12.74,1.395,43.35,51.82,4.832,5035.29,5.694,46.623,12.6276,1568.26,25,30.59,1735.66,31.25,33.8,1.395,16.99,52.8,30.21,5035.29,2.3161,46.623,6.18035,948.432,12.7,18.47,644.398,12.7,12.67,1.395,24.2,38.5,37.3,5035.29,2.8366,46.623,6.47327,1327.14,21.88,25.56,727.638,12.7,14.3,1.395,15.3,84.7,0,5913,2.672,54.75,5.25063,857.514,14.06,16.7,619.107,9.375,12.12,1.395,13.65,62.02,24.33,5035.29,2.1094,46.623,3.09287,681.729,12.5,13.32,669.031,10.94,13.01,1.395,21.25,25.216,34.6,20.99,93.5,5.1167,58.818,58.738,9.4388,11.283,25.218,25.75,51.512,19.9,22.9,1.28292,0.559812,9.35,2200,5701.74,0,9.96795,16.75,5898.64,6.9301,62.5,5.882,5.882,0,0,0,10.73,22.09,3200,37.3624,1.195,40.6546,1.38,52,1.1,-0.75
2026-09-11T04:09:37.414670+00:00,1.7629,771.573,108,26.9,73.1,0,5907.6,4.1378,54.7,8.78979,1597.18,23.44,28.83,356.317,4.615,6.911,1.395,55.08,44.15,0.7702,5913,5.7683,54.75,11.0988,947.714,9.375,18.17,2640.03,42.19,51.41,1.395,13.34,38.01,48.65,5035.29,2.1127,46.623,6.48565,732.539,15.38,14.01,248.395,3.077,4.846,1.395,36.29,59.17,4.539,5035.29,5.1695,46.623,10.8482,1046.71,23.44,20.05,1421.68,26.56,27.53,1.395,10.83,34.8,54.36,5035.29,1.7767,46.623,5.14533,589.308,9.231,11.32,226.471,4.615,4.42,1.395,17.32,61.44,21.24,5035.29,2.9483,46.623,6.05165,969.741,15.62,18.54,282.125,4.615,5.499,1.395,9.625,90.37,0,5913,2.5649,54.75,4.74963,517.252,9.375,9.843,220.348,4.688,4.201,1.4,6.9,45.86,47.24,5035.29,1.4918,46.623,2.19973,263.259,3.125,4.993,286.089,6.25,5.48,1.4,16.5,22.612,31.376,18.3651,97,5.1121,55.582,55.677,9.4356,11.279,22.611,25.125,48.279,12.85,14.75,1.27078,0.585056,9.7,2200,5750,0,10.0192,16.5,5919.49,6.37363,42.19,5.558,5.558,0,0,0,9.622,19.33,3200,37.2944,1.195,40.5838,1.39,52,1.1,-0.75
2026-09-11T04:09:38.431926+00:00,1.64274,779.008,108,25.44,74.56,0,5918.4,4.0501,54.8,9.01198,1502.6,23.81,27.52,447.87,3.175,8.712,1.39,44.73,55.23,0.03886,5918.4,4.6811,54.8,8.8774,1199.37,15.87,22.93,1899.04,34.92,37,1.395,14.49,21.61,63.9,5039.89,1.9677,46.6656,6.70421,781.775,11.11,15.08,375.864,7.937,7.359,1.395,31.75,63.55,4.7,5039.89,4.609,46.6656,9.50429,1074.46,17.46,20.7,1196.99,14.29,23.13,1.395,11.45,19.46,69.09,5039.89,1.5685,46.6656,5.26123,628.414,11.11,12.09,338.978,3.175,6.671,1.395,17.16,30.2,52.64,5039.89,2.2999,46.6656,5.20547,949.438,12.7,18.19,394.22,4.762,7.728,1.395,10.61,70.94,18.45,5918.4,2.3737,54.8,4.91385,590.711,9.524,11.21,316.73,1.587,6.174,1.395,8.648,47.64,43.71,5039.89,1.7086,46.6656,2.55916,381.986,6.349,7.377,385.687,4.762,7.448,1.395,15,20.813,28.885,18.1557,113.5,5.1058,53.084,53.131,9.4354,11.279,20.818,24.25,45.78,11.41,14.96,1.23645,0.459482,11.35,2200,5700.72,0,10.0385,16.75,5920.66,6.36226,34.92,5.308,5.308,0,0,0,8.859,19.11,3200,37.3078,1.195,40.556,1.392,52,1.1,-0.75
2026-09-11T04:09:39.448581+00:00,1.58657,599.825,108,27.39,72.61,0,5902.2,4.2651,54.65,8.66159,1621.47,15.62,27.76,179.079,1.562,3.255,1.395,67.39,32.61,0,5907.6,7.0063,54.7,13.1467,2127.07,20.31,40.74,1889.84,32.81,36.73,1.395,4.364,59.59,36.05,5030.69,1.5466,46.5805,5.01936,229.951,4.688,4.172,15.5961,0,0.2616,1.395,45.37,54.23,0.3958,5907.6,6.2238,54.7,12.1392,1249.59,15.62,23.77,1459.14,26.56,27.77,1.395,1.985,27.27,70.74,5030.69,0.7159,46.5805,3.10752,102.632,0,1.865,7.56421,0,0.1077,1.395,10.01,72.94,17.05,5030.69,2.3804,46.5805,4.6481,556.247,7.812,10.25,20.492,0,0.3614,1.395,1.46,98.54,0,5907.6,1.9846,54.7,3.41533,84.4357,0,1.313,12.9012,0,0.1496,1.395,0.6881,34.81,64.5,5030.69,0.69696,46.5805,0.371878,20.807,0,0.2951,20.3797,0,0.3396,1.395,18.875,20.712,28.753,18.4343,71,5.214,53.183,52.886,9.5749,11.445,20.692,24.125,45.933,7.812,11.2,0.914679,0.728531,7.1,2200,5688.13,0,10.1346,16.5,5925.78,6.48501,32.81,5.318,5.318,0,0,0,8.805,19.4,3200,37.4096,1.195,40.6394,1.39,52,1.1,-0.75
2026-09-11T04:09:40.468208+00:00,2.59042,1098.53,108,36.47,63.53,0,5842.8,5.0555,54.1,11.1873,2128.38,36.92,37.92,560.984,7.692,10.63,1.37,75.54,24.46,0,5810.4,8.3823,53.8,17.0971,2651.7,40,51.5,2437.6,36.92,47.29,1.365,22.12,33.85,44.03,5810.4,2.9451,53.8,8.78184,1231.6,13.85,23.6,220.425,3.077,4.121,1.365,51.62,48.38,0,5810.4,7.0363,53.8,15.5442,2259.99,38.46,43.74,1318.49,13.85,25.15,1.365,18.91,23.61,57.48,5810.4,2.4352,53.8,7.11596,1040.14,18.46,19.95,197.366,4.615,3.721,1.365,26.75,49.1,24.15,5810.4,3.7085,53.8,8.28593,1473.26,21.54,28.25,301.816,6.154,5.671,1.365,16.23,83.77,0,5810.4,3.1612,53.8,6.26511,915.973,15.38,17.35,118.631,1.538,2.107,1.365,11.41,21.97,66.61,5810.4,1.5268,53.8,2.70788,445.177,6.154,8.374,274.934,7.692,5.034,1.365,29.375,29.302,39.84,22.0451,97.5,5.8737,65.665,64.895,10.218,12.211,29.157,26.625,58.513,17.02,20.9,1.73829,0.970444,9.75,2200,5750,0,10.6731,18,5883.43,7.56938,40,6.566,6.566,0,0,0,12.41,23.21,3200,37.4896,1.195,40.7522,1.372,52,1.1,-0.75
2026-09-11T04:09:41.486633+00:00,3.04453,1265.1,108,51.74,48.26,0,5907.6,6.4559,54.7,15.884,3034.17,37.5,49.2,809.973,12.7,15.62,1.395,77.89,22.11,0,5907.6,9.4248,54.7,21.1412,3324.29,57.81,64.48,1763.05,28.12,34.25,1.395,29.69,65.23,5.077,5907.6,4.6641,54.7,13.9703,1660.55,19.05,31.82,226.621,6.349,4.338,1.395,59.36,40.64,0,5907.6,7.7865,54.7,19.1812,1948.69,31.25,37.23,1940.73,28.12,37.29,1.395,21.39,65.37,13.24,5030.69,3.7184,46.5805,11.2353,1180.08,17.46,22.58,177.451,3.175,3.388,1.395,38.34,60.63,1.026,5907.6,5.6086,54.7,13.2504,2157.19,29.69,41.28,315.243,7.937,6.05,1.395,15.81,84.19,0,5907.6,3.4125,54.7,8.54104,851.092,14.06,15.93,171.714,3.125,3.07,1.395,10.21,89.79,0,5907.6,2.9055,54.7,5.88931,405.885,6.25,7.527,274.797,3.125,4.955,1.395,25.5,34.092,46.964,25.0037,91.5,5.8695,73.238,73.851,10.218,12.211,34.22,28.375,65.632,19.11,23.69,2.54258,1.72962,9.15,2200,5750,0,10.6923,17,5887.95,10.1087,57.81,7.324,7.324,0,0,0,14.56,26.32,3200,37.8243,1.195,40.8594,1.383,52,1.1,-0.75
2026-09-11T04:09:42.502582+00:00,1.93936,743.353,108,32.93,67.07,0,5907.6,4.6517,54.7,10.5772,1947.9,20.31,31.08,333.258,4.688,6.076,1.39,57.46,42.54,0,5907.6,7.6821,54.7,16.2342,2602.89,35.94,50.04,842.768,7.812,16.1,1.395,12.51,81.45,6.04,5030.69,2.9116,46.5805,8.36155,711.276,7.692,13.17,16.8811,0,0.294,1.395,58.21,41.79,0,5907.6,6.4608,54.7,13.7262,1786.25,23.44,34.14,1711.19,23.44,32.96,1.395,7.238,68.36,24.4,5030.69,2.0576,46.5805,6.17742,394.533,9.231,7.348,17.9098,0,0.3153,1.395,19.38,80.62,0,5907.6,3.6327,54.7,7.7251,1112.83,10.94,20.5,32.5703,0,0.6,1.395,3.804,96.2,0,5907.6,2.3151,54.7,4.98543,196.874,0,3.399,35.2667,0,0.3952,1.395,2.396,97.6,0,5907.6,2.1757,54.7,3.24079,80.5101,0,1.199,70.7367,0,0.9718,1.395,16,24.545,34.101,20.727,68.5,5.4451,59.198,59.394,9.8586,11.782,24.571,27.5,51.873,8.968,13.66,1.08277,0.593643,6.85,2200,5750,0,10.5256,16.25,5919.89,7.83055,35.94,5.92,5.92,0,0,0,10.46,21.82,3200,37.7181,1.195,40.6663,1.39,52,1.1,-0.75
2026-09-11T04:09:43.521768+00:00,2.75605,1085.45,108,40.97,59.03,0,5902.2,5.6962,54.65,13.4666,2398.63,31.75,43.12,235.351,4.688,4.293,1.39,90.39,9.614,0,5902.2,9.0424,54.65,18.6771,989.336,15.87,19.04,4718.11,80.95,92.24,1.39,23.2,74.61,2.199,5902.2,4.2481,54.65,11.9747,1296.44,22.22,24.8,121.778,1.562,2.226,1.39,54.9,45.1,0,5902.2,7.6568,54.65,17.7744,1838.4,28.57,35,1800.53,30.16,34.63,1.39,17.24,73.7,9.062,5026.09,3.4718,46.5379,9.61678,987.994,23.81,18.86,28.7581,0,0.4113,1.39,27.44,72.56,0,5902.2,4.6897,54.65,10.7991,1562.04,20.63,29.77,80.1781,1.562,1.39,1.39,13.09,86.91,0,5902.2,3.2578,54.65,7.49443,732.735,11.11,13.9,53.5465,1.587,0.8204,1.39,8.386,67.76,23.86,5026.09,2.2214,46.5379,4.32768,288.216,6.349,5.309,235.192,4.762,4.337,1.39,23.125,33.024,45.232,22.7938,94.5,5.3002,69.977,69.84,9.7723,11.68,32.967,28.75,62.742,17.85,20.63,1.23267,0.6247,9.45,2200,5750,0,10.5385,17.5,5883.52,8.73355,80.95,6.998,6.998,0,0,0,14.03,23.99,3200,37.6943,1.195,40.6549,1.377,52,1.1,-0.75
2026-09-11T04:09:44.537623+00:00,1.80128,680.36,108,20.66,79.34,0,5880.6,3.5241,54.45,8.45796,1216.33,17.19,20.07,179.332,1.562,3.336,1.385,72.39,27.61,0,5869.8,11.518,54.35,26.7999,611.557,6.25,11.77,3751.53,65.62,73.45,1.39,5.376,60.36,34.26,5044.36,1.6297,46.707,6.02152,291.21,6.25,5.441,11.5717,0,0.1962,1.39,65.04,34.96,0,5869.8,8.5885,54.35,19.9083,1639.36,26.56,31.68,2218.23,34.38,43.14,1.39,3.569,23.69,72.74,5044.36,0.77362,46.707,4.05581,182.917,1.562,3.435,15.5859,0,0.2755,1.39,9.884,68.34,21.78,5044.36,2.2584,46.707,5.88063,547.801,9.375,10.19,19.0375,0,0.3417,1.39,2.27,97.73,0,5869.8,1.9512,54.35,3.99737,123.189,1.562,2.177,25.6487,0,0.4125,1.39,0.9318,10.18,88.89,5044.36,0.28309,46.707,0.338213,21.638,0,0.3785,30.8234,0,0.5552,1.39,34.625,24.893,34.49,34.9566,78,5.1375,58.812,58.847,9.4995,11.356,24.919,35.25,51.497,10.64,12.93,0.95281,0.550494,7.8,2200,5750,0,10.2628,17,5890.23,8.34885,65.62,5.881,5.881,0,0,0,10.6,36.8,3200,37.6056,1.195,40.7558,1.386,52,1.1,-0.75
2026-09-11T04:09:45.557845+00:00,2.73145,1020.72,108,46.21,53.79,0,5783.4,6.0779,53.55,14.2346,2700.16,36.92,50.05,153.361,3.077,2.666,1.335,85.81,14.19,0,5794.2,10.641,53.65,26.8197,439.323,6.25,8.4,4731.91,80,92.66,1.335,14.69,78.87,6.438,5024.66,2.8863,46.5246,9.24046,820.939,12.31,15.28,35.7947,0,0.6622,1.335,91.49,8.509,0,5788.8,12.97,53.6,31.1012,169.493,4.688,3.085,5230.01,90.77,102.5,1.335,6.533,63.4,30.07,5019.98,1.7446,46.4813,6.04101,361.644,9.375,6.675,16.1886,0,0.2867,1.335,23.11,73.23,3.661,5019.98,3.6845,46.4813,10.0248,1305.33,24.62,24.19,47.606,0,0.8985,1.335,4.022,95.98,0,5788.8,1.9186,53.6,4.45639,209.75,3.077,3.775,37.8081,0,0.6394,1.335,1.285,17.33,81.38,5019.98,0.3813,46.4813,1.16489,41.2813,1.562,0.7217,30.9334,0,0.5232,1.335,30.875,33.93,46.069,35.0657,83,5.1421,70.385,70.453,9.4916,11.346,33.924,37.375,63.071,17.04,19.56,1.58478,0.711982,8.3,2200,5750,0,10.2372,16.75,5835.97,9.43223,90.77,7.038,7.038,0,0,0,14.44,36.91,3200,37.6155,1.195,40.7017,1.358,52,1.1,-0.75
2026-09-11T04:09:46.328646+00:00,4.09023,1814.56,108,60.46,39.54,0,5772.6,7.0435,53.45,17.9372,3470.58,58.73,63.46,964.474,20.63,18.45,1.325,97.09,2.913,0,5745.6,12.9,53.2,33.5464,2046.03,31.25,39.93,4522.21,80.95,88.66,1.315,37.5,54.71,7.791,5745.6,5.0451,53.2,15.5736,2047.79,38.1,39.77,634.385,14.06,12.33,1.315,97.46,2.537,0,5745.6,13.186,53.2,34.6179,1717.45,32.81,33.57,4994.95,87.3,97.92,1.315,29.54,46.47,23.99,5745.6,4.024,53.2,12.5004,1625.48,32.81,31.59,509.344,9.375,9.912,1.315,47.16,50.06,2.779,5745.6,6.1364,53.2,16.5694,2611.17,39.68,50.78,785.848,21.88,15.33,1.315,22.65,77.35,0,5745.6,3.6184,53.2,9.29738,1252.02,22.22,24.21,462.726,9.375,8.957,1.315,17.16,33.68,49.16,5017.95,2.4388,46.4625,6.25844,676.307,12.5,13.08,712.261,14.06,13.84,1.315,41.375,46.553,61.295,38.154,104.5,5.1793,85.603,84.986,9.4972,11.353,46.471,39.25,78.345,32.86,35.11,2.17269,0.940563,10.45,2200,5750,0,10.3782,17,5756.11,10.8149,87.3,8.56,8.56,0,0,0,19.78,40.16,3200,37.7258,1.195,40.8296,1.321,52,1.1,-0.6875
2026-09-11T04:09:47.346109+00:00,3.15682,1578.82,108,39.72,60.28,0,5886,5.5897,54.5,15.1551,2273.69,37.5,41.29,1177.74,23.44,22.9,1.39,51.58,48.42,0,5021.49,7.6535,46.4953,20.8865,2244.83,37.5,43.73,1893.97,34.38,36.86,1.39,28.29,25.57,46.14,5021.49,3.8092,46.4953,13.6668,1479.15,26.56,28.8,896.309,14.06,17.47,1.39,91.01,8.993,0,5896.8,12.057,54.6,29.8748,4869.74,82.81,95.52,1700.15,29.69,33.24,1.39,27.18,19.14,53.69,5021.49,3.5755,46.4953,12.2083,1485.45,29.69,28.95,698.441,10.94,13.61,1.39,32.12,31.16,36.72,5021.49,4.3935,46.4953,13.849,1689.06,29.69,32.85,1012.68,18.75,19.75,1.39,24.38,75.62,0,5021.49,4.0659,46.4953,10.329,1340.67,28.12,26.05,658.833,10.94,12.8,1.39,21.41,26.27,52.33,5896.8,2.8073,54.6,7.09563,946.782,17.19,18.41,893.631,20.31,17.39,1.395,32.25,38.35,51.034,33.5045,104.5,5.1654,75.449,75.9,9.4713,11.322,38.422,38.875,68.037,28.22,30.6,1.53746,0.925962,10.45,2200,5750,0,10.1346,16.75,5828.16,10.1659,82.81,7.545,7.545,0,0,0,16.35,35.27,3200,37.653,1.195,40.869,1.358,52,1.1,-0.6875
2026-09-11T04:09:48.363966+00:00,2.07972,845.396,108,29.89,70.11,0,5886,4.1088,54.5,9.52575,1750.19,26.56,32.8,300.179,1.562,5.824,1.395,40.6,59.4,0,5896.8,5.9881,54.6,16.8063,2112.8,39.06,41.32,519.847,9.375,9.988,1.39,9.715,25.96,64.32,5021.49,1.3466,46.4953,6.23875,533.089,6.25,10.3,115.508,3.125,2.227,1.39,95.89,4.105,0,5896.8,13.425,54.6,30.721,5544.33,90.62,108.9,439.767,7.812,8.568,1.39,8.603,15.11,76.29,5021.49,1.0905,46.4953,4.82413,450.234,6.25,8.718,140.172,4.688,2.715,1.39,13.41,48.11,38.49,5021.49,2.2048,46.4953,7.50938,727.802,14.06,14.04,205.8,4.688,3.998,1.39,6.216,86.18,7.605,5896.8,2.0227,54.6,4.29862,337.003,4.688,6.469,79.9665,0,1.473,1.39,3.642,32.87,63.49,5021.49,0.88937,46.4953,1.68988,169.602,3.125,3.264,100.056,1.562,1.897,1.39,34.625,26.363,36.294,34.3277,89.5,5.1224,60.52,60.605,9.414,11.254,26.367,38.125,53.183,13.96,16.4,1.81309,0.548672,8.95,2200,5750,0,9.87179,16.5,5885.87,8.18138,90.62,6.052,6.052,0,0,0,11.22,36.13,3200,37.64,1.195,40.73,1.383,52,1.1,-0.6875
2026-09-11T04:09:49.381389+00:00,1.58718,595.764,108,13.51,86.49,0,5913,2.825,54.75,6.20983,799.407,9.375,14.32,58.3571,0,0.9617,1.395,75.98,24.02,0,5039.89,9.8557,46.6656,21.1682,1827.84,29.69,35.78,2731.08,45.31,53.47,1.395,2.135,22.59,75.27,5039.89,0.55798,46.6656,3.48836,101.33,0,1.857,15.23,0,0.2682,1.395,58.42,41.58,0,5918.4,5.9714,54.8,12.285,1398.62,20.31,27.18,2099.21,35.94,41.08,1.395,1.267,5.997,92.74,5039.89,0.19255,46.6656,2.24862,56.4986,0,1.037,12.3309,0,0.212,1.395,5.963,44.51,49.53,5039.89,1.2796,46.6656,3.58496,314.365,3.125,5.934,17.222,0,0.3068,1.395,1.131,98.87,0,5918.4,1.7675,54.8,2.94995,55.2565,0,0.9541,25.873,0,0.4107,1.395,0.3104,18.89,80.8,5039.89,0.36,46.6656,0,11.0217,0,0.1721,8.5848,0,0.1265,1.395,19.875,20.414,28.369,24.3522,63.5,5.1009,52.632,52.746,9.4675,11.317,20.435,36.25,45.297,8.984,11.5,1.6172,0.412495,6.35,2200,5750,0,9.97436,16.25,5925.46,6.90566,45.31,5.263,5.263,0,0,0,8.696,25.63,3200,37.4675,1.195,40.6937,1.39,52,1.1,-0.6875
2026-09-11T04:09:50.399213+00:00,1.66289,627.936,108,19.4,80.6,0,5799.6,3.1728,53.7,7.07872,1141.24,17.19,20.18,111.574,1.562,1.859,1.34,39.87,60.13,0,5805,4.1346,53.75,10.8078,821.823,12.5,15.64,1568.23,28.12,30.43,1.34,2.997,43.49,53.52,5034.02,1.0007,46.6113,4.30289,149.734,4.688,2.609,32.1238,0,0.3927,1.34,94.74,5.255,0,5805,13.489,53.75,28.6855,1567.34,25,30.49,4051.81,68.75,79.27,1.34,1.466,34.33,64.2,5034.02,0.69794,46.6113,2.98553,66.4349,0,1.031,30.4892,0,0.3451,1.34,5.935,58.2,35.86,5034.02,1.5736,46.6113,5.59855,312.588,4.688,5.743,40.9545,0,0.56,1.34,1.166,98.83,0,5805,1.5722,53.75,2.86115,51.5795,0,0.6713,42.6334,0,0.5394,1.34,0.7116,43.14,56.15,5034.02,0.7602,46.6113,0.720434,32.0481,0,0.366,26.3656,0,0.2648,1.34,28,22.913,31.428,29.8943,66,5.1131,55.666,55.634,9.4903,11.344,22.908,35.375,48.397,10.16,11.9,0.908724,0.703019,6.6,2200,5750,0,10.4295,17.25,5880.28,6.88273,68.75,5.567,5.567,0,0,0,9.748,31.47,3200,37.3693,1.195,40.6996,1.37,52,1.1,-0.6875
2026-09-11T04:09:51.417732+00:00,1.55343,572.153,108,11.91,88.09,0,5886,2.349,54.5,5.35,696.109,6.25,12.84,28.7011,1.562,0.5062,1.395,54.1,45.9,0,5886,8.7148,54.5,21.2295,604.243,7.812,11.48,2578.89,43.75,50.36,1.39,2.132,14.1,83.77,5012.3,0.29924,46.4102,2.92238,105.138,1.562,1.96,7.83928,0,0.1296,1.39,81.38,18.62,0,5886,9.5814,54.5,21.6581,3522.68,60.94,69.08,1276.19,21.88,25.04,1.39,0.6843,3.309,96.01,5012.3,0.10304,46.4102,1.78375,32.1149,0,0.5722,4.91382,0,0.07305,1.39,4.426,30.2,65.37,5012.3,0.69531,46.4102,3.44338,226.688,4.688,4.263,12.6344,0,0.2239,1.39,0.478,99.52,0,5886,1.4381,54.5,2.2775,29.9174,0,0.4493,14.0226,0,0.175,1.39,0.2378,0.9625,98.8,5007.7,0.064753,46.3676,0,7.19791,0,0.1147,7.16533,0,0.1126,1.39,30.375,20.469,27.867,33.1922,44.5,5.1094,52.016,51.995,9.4385,11.283,20.469,35.25,44.77,9.277,11.09,0.807184,0.385114,4.45,2200,5750,0,10.1282,16.75,5864.81,6.77625,60.94,5.202,5.202,0,0,0,8.71,34.94,3200,37.405,1.195,40.76,1.362,52,1.1,-0.6875
2026-09-11T04:09:52.435802+00:00,1.92682,717.711,108,21.63,78.37,0,5875.2,3.453,54.4,8.07448,1267.84,17.19,23.18,106.132,0,2.019,1.38,86.05,13.95,0,5859,13.869,54.25,31.6964,116.972,0,2.051,5007.73,85.94,98.19,1.375,4.557,21.58,73.87,5035.08,0.64093,46.6211,4.46594,225.573,1.562,4.244,21.8234,0,0.4041,1.375,67.59,32.41,0,5859,8.0183,54.25,18.5939,3325.93,56.25,65.23,669.782,9.375,13,1.375,2.772,11.85,85.38,5035.08,0.34927,46.6211,2.9491,138.854,3.125,2.611,10.8318,0,0.1886,1.375,7.117,47.76,45.13,5035.08,1.3466,46.6211,4.56687,361.384,10.94,6.81,44.0565,0,0.8394,1.375,2.007,97.99,0,5859,1.654,54.25,3.09581,102.893,1.562,1.865,28.3429,0,0.4546,1.375,0.9682,22.88,76.15,5035.08,0.40659,46.6211,0.259107,35.8867,0,0.655,19.3499,0,0.3287,1.375,29.375,25.301,34.663,35.419,81,5.1171,58.785,58.752,9.3892,11.225,25.297,36.125,51.516,11.62,13.88,0.968841,0.454509,8.1,2200,5750,0,10.0962,16.75,5876.23,8.25586,85.94,5.879,5.879,0,0,0,10.76,37.28,3200,37.4591,1.195,40.6657,1.372,52,1.1,-0.6875
2026-09-11T04:09:53.452900+00:00,1.56656,583.626,108,12.04,87.96,0,5853.6,2.4999,54.2,5.8517,707.923,17.19,12.25,76.0362,0,1.315,1.37,52.78,47.22,0,5869.8,9.3489,54.35,21.8342,793.405,10.94,15.32,2341.63,40.62,45.73,1.375,1.852,22.23,75.92,5044.36,0.4969,46.707,3.46631,94.1781,0,1.728,6.10833,0,0.09735,1.375,83.57,16.43,0,5869.8,10.78,54.35,22.9631,199.996,1.562,3.857,4745.29,82.81,92.85,1.375,0.8588,7.093,92.05,5044.36,0.18831,46.707,2.23998,38.5552,0,0.6879,8.03289,0,0.1345,1.375,4.289,33.46,62.25,5044.36,0.83495,46.707,4.24123,221.903,0,4.132,13.7057,0,0.2464,1.38,1.017,98.98,0,5869.8,1.5764,54.35,2.68024,49.0357,0,0.8247,26.4512,0,0.4194,1.38,0.2552,5.234,94.51,5044.36,0.13416,46.707,0,8.05978,0,0.128,7.69981,0,0.1192,1.38,35.125,22.349,30.718,34.3032,70,5.1083,54.84,54.859,9.4301,11.273,22.347,35.875,47.611,9.57,11.24,0.600849,0.221383,7,2200,5750,0,10.2628,16.5,5881.9,7.2763,82.81,5.484,5.484,0,0,0,9.509,36.11,3200,37.4569,1.195,40.6593,1.375,52,1.1,-0.6875
2026-09-11T04:09:54.471494+00:00,1.59055,591.522,108,12.83,87.17,0,5859,2.6317,54.25,6.06806,754.115,9.231,13.49,56.8071,3.077,1.029,1.375,40.37,59.63,0,5859,6.7702,54.25,17.3223,528.796,4.615,9.959,1892.86,32.31,36.86,1.375,2.541,25.95,71.51,5035.08,0.6082,46.6211,3.70442,130.131,0,2.405,12.3604,0,0.2071,1.375,95.87,4.127,0,5859,13.281,54.25,27.5026,879.572,15.38,17.18,4774.38,80,93.51,1.375,1.271,14.78,83.94,5035.08,0.35219,46.6211,2.48098,65.05,1.538,1.186,6.66282,0,0.09661,1.375,4.475,48.36,47.17,5035.08,1.1056,46.6211,5.0788,233.842,6.154,4.352,14.7879,0,0.2547,1.375,1.016,98.98,0,5859,1.5637,54.25,2.70875,55.6093,0,0.93,19.4468,0,0.27,1.375,0.6705,11.35,87.98,5035.08,0.25054,46.6211,0.198493,28.4074,0,0.512,11.5345,0,0.1832,1.375,29.875,22.604,31.07,34.4461,83.5,5.1126,55.162,55.125,9.4037,11.241,22.605,35.75,47.936,9.519,11.4,0.509655,0.236014,8.35,2200,5750,0,10.1282,16.75,5880.47,7.2148,80,5.516,5.516,0,0,0,9.619,36.26,3200,37.4308,1.195,40.6966,1.375,52,1.1,-0.625
2026-09-11T04:09:55.489025+00:00,1.7238,648.343,108,19.25,80.75,0,5913,3.4032,54.75,7.30487,1137.18,19.05,20.95,63.4964,1.587,1.153,1.39,76.23,23.77,0,5913,9.6995,54.75,20.0102,3063.43,49.21,59.77,1522.17,23.81,29.68,1.39,3.049,29.01,67.94,5035.29,0.72532,46.623,3.90767,156.806,0,2.924,9.77135,0,0.1564,1.39,64.61,35.39,0,5035.29,7.1366,46.623,15.363,1714.3,23.81,33.49,2171.76,34.92,42.43,1.39,1.265,10.42,88.31,5035.29,0.26087,46.623,2.35381,61.8999,0,1.129,7.1579,0,0.1052,1.39,6.551,55.76,37.69,5035.29,1.6033,46.623,4.42722,347.325,1.587,6.569,19.335,0,0.3469,1.39,0.985,99.02,0,5913,1.6778,54.75,2.76955,52.1561,0,0.8838,20.366,0,0.2985,1.39,0.4365,20.22,79.35,5035.29,0.36337,46.623,0.170156,13.8569,0,0.2231,12.4791,0,0.1975,1.39,24.125,21.466,29.707,24.4952,60,5.1072,53.932,53.959,9.4518,11.299,21.468,34.375,46.624,9.623,12.52,1.30154,0.665497,6,2200,5750,0,10.3205,16.75,5913.83,7.0806,49.21,5.393,5.393,0,0,0,9.136,25.78,3200,37.3764,1.195,40.5903,1.384,52,1.1,-0.625
2026-09-11T04:09:56.505486+00:00,1.59108,597.029,108,14.19,85.81,0,5918.4,2.9275,54.8,6.46658,839.232,16.92,14.92,76.0675,0,1.385,1.39,54.83,45.17,0,5880.6,7.9319,54.45,17.5252,1914.2,30.77,37.3,1361.61,24.62,26.54,1.39,2.142,21.58,76.28,5007.7,0.52881,46.3676,3.5548,101.486,0,1.854,17.9059,0,0.2926,1.39,81.4,18.6,0,5880.6,9.6529,54.45,18.976,2068.88,34.38,40.5,2781.27,46.15,54.39,1.39,0.9563,9.729,89.32,5007.7,0.2519,46.3676,2.30417,42.1518,3.125,0.7334,12.3544,0,0.1832,1.39,4.352,37,58.65,5007.7,0.9693,46.3676,3.78144,224.942,1.538,4.204,20.8296,0,0.3508,1.39,0.8334,99.17,0,5880.6,1.6787,54.45,2.79237,34.6688,1.538,0.5249,32.1777,0,0.497,1.39,0.409,3.026,96.57,5007.7,0.1069,46.3676,0,15.1755,0,0.2357,9.49907,0,0.1218,1.39,24.125,21.904,30.433,26.5782,73.5,5.118,54.607,54.601,9.4533,11.301,21.892,33.375,47.363,9.94,11.5,0.636774,0.206306,7.35,2200,5750,0,10.1474,16.5,5927.5,7.188,46.15,5.461,5.461,0,0,0,9.316,27.98,3200,37.2813,1.195,40.674,1.39,52,1.1,-0.625
2026-09-11T04:09:57.524104+00:00,1.74219,655.284,108,23.54,76.47,0,5913,3.9394,54.75,8.65255,1386.18,22.22,25.8,78.8043,0,1.4,1.395,63.62,36.38,0,5918.4,8.718,54.8,18.6474,3441.17,57.14,67.31,407.868,3.175,7.831,1.39,3.815,26.51,69.67,5039.89,0.76555,46.6656,4.40736,195.864,0,3.656,27.1717,1.562,0.4663,1.39,72.05,27.95,0,5918.4,8.7449,54.8,17.9044,4181.07,70.31,81.95,105.315,0,1.959,1.39,2.36,18.89,78.75,5039.89,0.51641,46.6656,3.02591,117.416,0,2.169,14.681,0,0.2197,1.39,6.345,49.25,44.4,5039.89,1.441,46.6656,4.68883,334.943,0,6.31,29.9135,1.562,0.5204,1.39,1.448,98.55,0,5918.4,1.8046,54.8,3.25632,75.542,1.587,1.316,24.4353,0,0.355,1.39,1.047,39.19,59.77,5039.89,0.71589,46.6656,0.887513,36.5637,0,0.629,27.6028,0,0.4469,1.39,25.125,24.985,34.612,26.5203,86,5.1123,58.889,58.907,9.5038,11.361,24.996,32.625,51.596,9.848,12.65,0.929604,0.357669,8.6,2200,5750,0,10.0577,17.25,5915.93,7.41557,70.31,5.889,5.889,0,0,0,10.64,27.92,3200,37.361,1.195,40.6148,1.387,52,1.1,-0.6875
2026-09-11T04:09:58.541639+00:00,1.56571,585.109,108,13.9,86.1,0,5907.6,2.7346,54.7,5.95582,822.832,13.85,15.07,50.0717,0,0.9007,1.395,68.42,31.58,0,5875.2,7.7949,54.4,16.442,1530.3,27.69,29.78,2546.27,43.08,49.78,1.39,1.344,17.18,81.48,5049,0.40212,46.75,3.2558,65.1913,1.538,1.149,10.4393,0,0.1446,1.39,66.19,33.81,0,5875.2,9.5983,54.4,19.1006,2948.37,47.69,57.69,983.831,15.38,19.15,1.39,1.171,7.312,91.52,5049,0.21869,46.75,2.27369,52.8892,1.538,0.9458,12.8472,0,0.191,1.39,4.323,34.43,61.25,5049,0.97696,46.75,3.72581,233.023,3.077,4.378,11.3193,0,0.1627,1.39,0.943,99.06,0,5875.2,1.7549,54.4,2.90943,47.596,0,0.7822,28.8243,0,0.4321,1.39,0.2804,1.974,97.75,5049,0.09004,46.75,0,8.45678,0,0.1081,9.47954,0,0.1231,1.39,26,21.769,30.264,25.9393,50.5,5.1102,54.43,54.326,9.4617,11.31,21.757,31.875,47.196,9.615,11.3,0.547818,0.163039,5.05,2200,5750,0,10.4038,17,5928.69,7.04195,47.69,5.443,5.443,0,0,0,9.258,27.3,3200,37.2813,1.195,40.6002,1.391,52,1.1,-0.6875
2026-09-11T04:09:59.559944+00:00,1.65663,623.291,108,13.68,86.31,0,5896.8,2.8028,54.6,6.16713,809.973,12.7,14.6,51.3456,0,0.9139,1.39,42.44,57.56,0,5842.8,5.9963,54.1,14.0473,571.09,4.762,10.88,1988.36,34.92,38.76,1.36,2.773,27.14,70.08,5842.8,0.70261,54.1,3.77414,141.052,3.175,2.575,14.2602,0,0.2197,1.36,98.36,1.642,0,5842.8,12.054,54.1,23.0421,1539.89,25.4,30.12,4356.83,73.02,85.34,1.36,1.344,16.99,81.67,5021.16,0.40904,46.4922,2.58224,67.9657,1.587,1.207,8.4458,0,0.1063,1.36,5.376,44.05,50.58,5021.16,1.2497,46.4922,4.58941,288.196,3.175,5.374,18.0417,0,0.2931,1.36,1.162,98.84,0,5842.8,1.7418,54.1,2.95712,64.1871,0,1.091,20.7986,0,0.2736,1.36,0.5301,8.238,91.23,5021.16,0.21004,46.4922,0,19.5935,0,0.3136,12.6312,0,0.1765,1.36,36.125,21.427,29.78,26.4155,58.5,5.1144,53.914,53.648,9.4686,11.318,21.379,31.75,46.723,9.921,12.02,0.562087,0.197819,5.85,2200,5750,0,10.1859,16.25,5927.23,7.11205,73.02,5.391,5.391,0,0,0,9.097,27.81,3200,37.2847,1.195,40.6298,1.39,52,1.1,-0.6875
2026-09-11T04:10:00.325283+00:00,2.75682,1058.94,108,41.14,58.86,0,5891.4,5.5224,54.55,12.7203,2422.2,34.38,43.91,250.409,4.688,4.743,1.38,73.56,26.44,0,5907.6,9.792,54.7,22.5371,1896.75,29.69,36.8,2669.64,43.75,52.08,1.39,16.77,69.61,13.62,5030.69,3.1838,46.5805,9.70499,936.499,12.5,17.76,74.8085,1.562,1.384,1.39,96.12,3.878,0,5907.6,10.96,54.7,23.8341,353.277,7.812,6.765,5479.77,92.19,107.5,1.39,10.86,58.79,30.35,5030.69,2.2821,46.5805,7.17076,612.37,10.94,11.59,23.6856,0,0.3932,1.39,26.06,71.12,2.815,5030.69,4.1486,46.5805,10.296,1488.35,29.69,28.47,57.0139,0,1.025,1.39,6.88,93.12,0,5907.6,2.452,54.7,5.48608,376.894,6.25,7.059,37.396,0,0.6193,1.39,4.294,95.63,0.07368,5907.6,2.1584,54.7,3.65321,173.365,1.562,3.217,90.6896,0,1.584,1.39,23.625,33.161,45.833,28.9306,105,5.4808,71.046,71.338,9.8405,11.761,33.216,32.625,63.623,17.19,20.31,1.78928,0.676773,10.5,2200,5750,0,10.6026,17.25,5902.17,9.3597,92.19,7.105,7.105,0,0,0,14.13,30.45,3200,37.5135,1.195,40.7864,1.385,52,1.1,-0.625
2026-09-11T04:10:01.343863+00:00,1.74307,651.571,108,18.64,81.36,0,5902.2,3.3414,54.65,7.99629,1102.73,15.38,20.05,54.2835,3.077,0.9751,1.395,74.04,25.96,0,5875.2,10.633,54.4,22.6032,337.339,4.615,6.287,4115.03,66.15,80.62,1.39,4.746,52.24,43.01,5049,1.3837,46.75,5.56052,256.112,6.154,4.747,8.23393,0,0.1149,1.39,64.05,35.95,0,5875.2,7.4218,54.4,16.0962,1803.52,32.31,35.22,2010.36,32.31,39.2,1.39,2.212,33.17,64.61,5049,0.76713,46.75,3.79963,112.383,0,2.034,9.53927,0,0.1376,1.39,8.159,71.83,20.01,5049,2.0465,46.75,5.27215,434.314,6.154,8.082,22.024,1.538,0.3842,1.39,1.718,98.28,0,5875.2,1.8462,54.4,3.7229,83.628,4.615,1.467,25.9575,0,0.4103,1.39,0.7476,70.74,28.51,5049,1.2446,46.75,1.45396,26.8911,0,0.4345,22.7981,0,0.3549,1.39,30.375,23.942,33.266,28.122,67,5.8424,59.053,59.022,10.117,12.091,23.942,32.625,51.784,10.77,12.53,0.748035,0.429089,6.7,2200,5750,0,10.6603,17,5920.72,8.11968,66.15,5.905,5.905,0,0,0,10.19,29.6,3200,37.5683,1.195,40.7663,1.39,52,1.1,-0.6875
2026-09-11T04:10:02.362324+00:00,1.76137,653.389,108,16.9,83.1,0,5799.6,3.0678,53.7,7.23837,995.314,11.11,18.28,43.3612,1.587,0.7945,1.335,68.87,31.13,0,5810.4,10.224,53.8,23.169,829.877,12.7,16.01,3264.78,52.38,63.91,1.34,6.306,41.51,52.18,5038.71,1.2505,46.6547,4.97687,344.658,3.175,6.563,6.0354,0,0.09246,1.34,69.03,30.97,0,5810.4,7.6593,53.8,16.3598,2128.08,34.92,41.58,1985.67,31.75,38.83,1.34,2.682,15.12,82.2,5038.71,0.42667,46.6547,3.09138,131.437,0,2.461,13.4257,0,0.2394,1.34,9.957,57.35,32.69,5810.4,1.9233,53.8,5.05536,543.897,9.524,10.36,14.8462,0,0.2667,1.34,1.709,98.29,0,5810.4,1.7084,53.8,3.20248,92.2042,0,1.658,21.6147,0,0.3238,1.34,0.6905,27.47,71.84,5810.4,0.47731,53.8,0.321031,20.4889,0,0.3522,18.542,0,0.3158,1.34,35.125,22.621,31.132,29.1192,71,5.846,56.88,56.873,10.082,12.049,22.613,33.625,49.612,9.821,12.63,0.98664,0.448738,7.1,2200,5750,0,10.5833,17,5898.2,7.46663,52.38,5.688,5.688,0,0,0,9.623,30.65,3200,37.6158,1.195,40.8079,1.377,52,1.1,-0.625
2026-09-11T04:10:03.379549+00:00,1.60959,592.853,108,15.06,84.94,0,5913,2.9427,54.75,6.60369,887.173,6.154,16.6,15.856,0,0.2831,1.395,55.05,44.95,0,5902.2,8.144,54.65,18.5071,1432.2,16.92,27.79,1826.51,33.85,35.67,1.395,3.785,20.6,75.62,5026.09,0.55827,46.5379,3.73959,198.163,3.077,3.753,5.52658,0,0.0851,1.395,75.05,24.95,0,5902.2,7.4949,54.65,14.7856,4281.19,75.38,83.77,155.197,4.615,2.932,1.395,1.186,8.565,90.25,5026.09,0.20038,46.5379,2.30476,56.0019,0,1.027,6.82401,0,0.1117,1.395,9.561,57,33.44,5902.2,1.8156,54.65,4.51982,513.64,10.77,9.807,17.2902,0,0.3154,1.395,0.9636,99.04,0,5026.09,1.5872,46.5379,2.75211,36.1379,0,0.5888,34.5293,3.077,0.5783,1.395,0.2979,15.11,84.6,5902.2,0.25539,54.65,0,11.8047,0,0.1976,7.60598,0,0.1146,1.395,23.625,20.512,28.116,23.6343,60,5.8469,53.863,53.808,10.099,12.069,20.504,32.75,46.617,9.615,11.48,0.688382,0.373131,6,2200,5750,0,10.4551,17,5895.67,6.82656,75.38,5.386,5.386,0,0,0,8.725,24.88,3200,37.5273,1.195,40.8018,1.372,52,1.1,-0.6875
2026-09-11T04:10:04.396789+00:00,1.64167,613.841,108,19.06,80.94,0,5918.4,3.5171,54.8,7.63613,1128.96,14.06,20.92,52.4502,0,0.9611,1.39,31.47,68.53,0,5913,4.7973,54.75,11.1184,1660.41,28.12,32.24,220.854,3.125,4.098,1.39,6.693,38.69,54.62,5035.29,1.3918,46.623,5.00188,366.146,12.5,7.027,10.3389,0,0.1787,1.39,94.93,5.072,0,5913,9.9474,54.75,18.2256,3792.66,59.38,74.22,1878.18,33.33,36.78,1.39,2.212,8.699,89.09,5035.29,0.28529,46.623,2.7285,104.726,1.562,1.97,12.1722,0,0.213,1.39,8.455,51.33,40.21,5913,1.8409,54.75,4.86175,469.27,3.125,8.923,31.7108,0,0.5949,1.39,1.009,98.99,0,5913,1.7672,54.75,3.0505,58.6637,1.562,1.011,15.1478,0,0.1885,1.39,0.3382,6.186,93.48,5035.29,0.16064,46.623,0,9.9022,0,0.1611,9.86049,0,0.161,1.39,25.5,20.637,28.69,20.6258,74,5.4379,53.667,53.662,9.8153,11.731,20.636,31.125,46.402,9.798,11.85,0.566051,0.384643,7.4,2200,5750,0,9.99359,16.75,5930.74,6.66238,59.38,5.367,5.367,0,0,0,8.781,21.71,3200,37.48,1.195,40.73,1.391,52.03,1.1,-0.6875
2026-09-11T04:10:05.414478+00:00,1.58451,593.598,108,12.56,87.44,0,5918.4,2.7802,54.8,6.14822,743.238,14.06,13.04,74.3514,1.562,1.36,1.395,39.8,60.2,0,5918.4,5.9131,54.8,14.8273,1501.2,21.88,29.18,883.641,15.62,17.14,1.39,2.119,19.41,78.47,5918.4,0.51372,54.8,3.51017,101.68,7.937,1.856,15.6439,0,0.2681,1.39,96.87,3.129,0,5918.4,10.922,54.8,23.0619,1578.73,25.4,30.89,4178.83,69.23,81.79,1.39,1.234,9.642,89.12,5918.4,0.27371,54.8,2.36772,56.3154,3.175,1.014,12.3664,0,0.2035,1.39,4.745,32.56,62.69,5918.4,0.93279,54.8,4.04267,218.59,3.175,4.079,46.0781,0,0.8659,1.39,0.8185,99.18,0,5918.4,1.7032,54.8,2.84049,43.444,1.587,0.7068,23.3693,0,0.3397,1.39,0.3114,9.577,90.11,5918.4,0.21662,54.8,0,9.06863,1.562,0.1312,11.0261,0,0.1666,1.39,25.5,20.898,29.062,28.0229,59,5.2755,53.628,53.552,9.6491,11.532,20.897,30.625,46.397,10.32,11.44,0.499791,0.174799,5.9,2200,5750,0,10.3013,16.75,5931.7,6.99172,69.23,5.363,5.363,0,0,0,8.892,29.5,3200,37.4729,1.195,40.7339,1.391,52.006,1.1,-0.625
2026-09-11T04:10:06.432130+00:00,1.58009,592.872,108,12.04,87.96,0,5918.4,2.7276,54.8,6.12738,713.415,15.62,12.66,67.2912,0,1.237,1.395,52.47,47.53,0,5918.4,7.4408,54.8,17.4292,2654.63,39.06,51.8,492.045,6.25,9.497,1.39,2.197,19.05,78.75,5039.89,0.49486,46.6656,3.5787,105.726,1.562,1.945,16.7887,0,0.3046,1.39,83.73,16.27,0,5918.4,9.4155,54.8,19.7787,2893.52,48.44,56.63,2096.05,34.38,40.98,1.39,1.076,11.02,87.9,5039.89,0.28894,46.6656,2.43881,52.3453,0,0.9582,8.62492,0,0.1463,1.39,5.177,40.82,54,5039.89,1.1201,46.6656,3.88401,263.153,4.688,4.944,27.2695,0,0.5101,1.39,0.8898,99.11,0,5918.4,1.7222,54.8,2.91992,52.5428,0,0.9032,16.4429,0,0.219,1.39,0.4238,15.88,83.7,5039.89,0.32547,46.6656,0,18.0853,0,0.3179,8.03612,0,0.1242,1.39,26,20.761,28.879,27.62,80.5,5.1664,53.094,53.322,9.4354,11.279,20.782,30.25,45.841,9.375,11.45,0.365882,0.139967,8.05,2200,5750,0,10.1154,17,5932.77,7.11074,48.44,5.309,5.309,0,0,0,8.844,29.07,3200,37.3984,1.195,40.6516,1.392,52,1.1,-0.6875
2026-09-11T04:10:07.449033+00:00,1.57729,593.928,108,12.02,87.98,0,5902.2,2.6193,54.65,5.66813,712.196,4.688,12.79,38.8256,0,0.7112,1.385,45.38,54.62,0,5918.4,6.7345,54.8,16.4755,831.541,10.94,15.95,1887.73,29.69,36.77,1.395,1.832,27.52,70.65,5039.89,0.60029,46.6656,3.33863,86.2254,0,1.562,12.1365,0,0.2169,1.395,92.12,7.882,0,5918.4,10.085,54.8,21.2065,1864.52,28.12,36.46,3705.71,62.5,72.53,1.395,1.047,3.749,95.2,5039.89,0.13409,46.6656,2.03562,43.8167,0,0.8013,11.9058,0,0.2121,1.395,4.058,44.37,51.57,5039.89,1.0753,46.6656,3.7865,209.708,4.688,3.854,9.02328,0,0.1556,1.395,0.9475,99.05,0,5918.4,1.728,54.8,2.682,39.6876,0,0.6489,31.2899,1.538,0.503,1.395,0.3218,1.387,98.29,5039.89,0.083948,46.6656,0,11.4535,0,0.2004,7.07515,0,0.1161,1.395,26,20.672,28.764,27.7217,62.5,5.1144,52.819,52.758,9.3788,11.212,20.665,29.875,45.601,8.885,11.47,0.40782,0.145621,6.25,2200,5750,0,10.0577,16.5,5933.48,6.8525,62.5,5.282,5.282,0,0,0,8.794,29.18,3200,37.315,1.195,40.653,1.392,52,1.1,-0.625
2026-09-11T04:10:08.467644+00:00,1.6984,634.677,108,15.93,84.07,0,5918.4,3.0288,54.8,6.77326,943.612,19.05,16.89,71.5204,1.562,1.306,1.39,50.19,49.81,0,5902.2,7.2825,54.65,17.6966,368.515,7.937,6.871,2651.56,41.27,51.79,1.385,3.681,45.94,50.38,5026.09,1.1053,46.5379,4.45196,195.926,3.125,3.617,6.99114,0,0.1096,1.385,87.99,12.01,0,5902.2,9.5665,54.65,20.5558,1866.26,34.38,36.5,3364.02,57.14,65.8,1.385,1.903,24.09,74.01,5026.09,0.53931,46.5379,2.89801,82.914,0,1.495,19.1383,3.125,0.3494,1.385,8.294,62.78,28.92,5026.09,1.8939,46.5379,5.21353,439.152,9.375,8.266,22.0907,0,0.4068,1.385,1.314,98.69,0,5902.2,1.7857,54.65,3.05885,70.4312,3.175,1.214,20.2987,0,0.2847,1.385,0.5425,24.93,74.53,5026.09,0.4731,46.5379,0.212651,19.0527,0,0.3246,13.358,0,0.2158,1.385,24.625,22.445,31.219,28.1696,68,5.1134,55.256,55.313,9.3473,11.174,22.454,29.625,48.017,11.26,12.21,0.401918,0.148476,6.8,2200,5750,0,10.2372,16.5,5930.45,7.28068,57.14,5.526,5.526,0,0,0,9.555,29.65,3200,37.1942,1.195,40.6167,1.391,52,1.1,-0.625
2026-09-11T04:10:09.485429+00:00,1.71112,646.045,108,18.23,81.77,0,5918.4,3.3351,54.8,7.33433,1079.45,20.31,19.13,93.219,0,1.749,1.39,38.77,61.23,0,5913,5.7622,54.75,14.6375,562.31,14.06,10.59,1784.32,32.81,34.72,1.39,3.443,47.01,49.55,5035.29,1.0989,46.623,4.48223,170.21,6.25,3.131,22.3367,0,0.4102,1.39,98.56,1.439,0,5913,10.957,54.75,23.3305,1615,26.56,31.6,4295.94,71.88,84.12,1.39,1.882,13.51,84.61,5035.29,0.37062,46.623,2.78916,87.9976,1.562,1.61,16.977,0,0.3089,1.39,7.892,66.63,25.48,5913,1.9068,54.75,5.49212,422.822,7.812,7.968,28.7057,0,0.5341,1.395,1.556,98.44,0,5913,1.8064,54.75,3.0991,76.9447,1.562,1.354,31.1928,0,0.4952,1.395,0.7864,13.5,85.72,5035.29,0.32615,46.623,0.128128,30.4866,0,0.5586,18.8057,0,0.3247,1.395,28.375,21.866,30.405,27.86,98,5.1142,54.402,54.409,9.3271,11.15,21.864,29.375,47.181,11.43,12.41,0.404214,0.1563,9.8,2200,5750,0,10.2628,17,5929.57,7.19757,71.88,5.44,5.44,0,0,0,9.304,29.33,3200,37.3253,1.195,40.5646,1.391,52,1.1,-0.625
2026-09-11T04:10:11.519475+00:00,1.73651,649.211,108,19.35,80.65,0,5913,3.4908,54.75,7.73705,1146.04,15.62,20.99,69.4866,0,1.278,1.395,53.73,46.27,0,5913,7.6525,54.75,17.9711,2611.54,40.62,50.99,619.381,10.94,11.98,1.39,3.48,41.1,55.42,5035.29,1.0016,46.623,4.55876,177.673,4.688,3.293,16.8782,0,0.3069,1.39,85.73,14.27,0,5913,9.5176,54.75,20.1074,4638.77,81.25,90.82,459.889,6.25,8.945,1.39,1.728,16.85,81.43,5035.29,0.42388,46.623,2.86765,83.0683,1.562,1.513,9.36074,0,0.1612,1.39,7.655,52.88,39.46,5035.29,1.6604,46.623,4.83678,417.269,3.125,7.914,9.47392,0,0.1605,1.39,1.495,98.5,0,5913,1.7807,54.75,3.14654,80.8231,0,1.424,21.4976,0,0.3075,1.39,0.4743,3.046,96.48,5035.29,0.11626,46.623,0,15.3565,0,0.2662,10.8772,0,0.1801,1.39,26,22.553,31.353,27.685,63.5,5.1143,55.378,55.304,9.3635,11.193,22.536,29.125,48.172,10.25,12.53,0.472294,0.179179,6.35,2200,5750,0,10.0192,16.5,5929.49,7.38185,81.25,5.538,5.538,0,0,0,9.59,29.14,3200,37.2799,1.195,40.5906,1.391,52,1.1,-0.625
2026-09-11T04:10:12.537496+00:00,1.63837,612.021,108,13.61,86.39,0,5918.4,2.8868,54.8,6.46325,806.217,4.688,14.41,74.4826,1.562,1.382,1.395,71.88,28.12,0,5918.4,9.9896,54.8,22.3766,3545.66,57.81,69.32,747.612,10.94,14.52,1.39,3.107,22.71,74.18,5039.89,0.62052,46.6656,3.79275,146.314,1.562,2.725,20.3904,1.562,0.3758,1.39,66.27,33.73,0,5918.4,7.0191,54.8,14.9971,3805.56,65.62,74.47,131.612,1.562,2.46,1.39,1.453,12.7,85.85,5039.89,0.3201,46.6656,2.431,63.125,0,1.136,14.7003,0,0.265,1.39,6.014,48.31,45.68,5039.89,1.316,46.6656,3.619,318.69,3.125,6.027,14.9991,0,0.2678,1.395,1.001,98.92,0.07875,5918.4,1.7272,54.8,2.86738,52.8619,0,0.8976,19.2046,1.562,0.2752,1.395,0.5029,28.01,71.48,5039.89,0.5251,46.6656,0,20.9074,0,0.3671,10,0,0.151,1.395,24.625,21.155,29.431,27.8949,75.5,5.1089,53.499,53.567,9.3725,11.204,21.172,29.125,46.254,9.375,11.82,0.325859,0.145193,7.55,2200,5750,0,10.0577,16.5,5932.2,7.22963,65.62,5.35,5.35,0,0,0,9.009,29.36,3200,37.228,1.195,40.557,1.392,52,1.1,-0.625
2026-09-11T04:10:13.554269+00:00,1.74879,652.247,108,17.06,82.94,0,5915.7,3.1657,54.775,7.13481,1010.78,15.52,17.97,64.0521,0.7692,1.16,1.395,72.51,27.49,0,5918.4,9.728,54.8,22.0055,2510.54,42.75,48.81,1813.19,29.23,35.32,1.395,3.798,51.72,44.48,5039.89,1.2706,46.6656,4.75759,190.913,2.332,3.462,18.8302,0,0.3463,1.395,71.45,28.55,0,5918.4,7.6903,54.8,16.7973,3675.92,63.79,71.93,567.994,9.231,10.95,1.395,1.509,27.49,71.01,5039.89,0.62328,46.6656,3.07035,70.0595,0,1.239,11.6152,0,0.2045,1.395,7.261,65.78,26.96,5039.89,1.8646,46.6656,4.65808,398.064,6.214,7.221,12.5997,0.7692,0.224,1.395,0.8874,99.11,0,5479.14,1.7848,50.7328,3.13757,48.3681,0,0.7974,18.1525,0,0.2517,1.395,0.4022,26.26,73.34,5037.59,0.50643,46.6443,0.19966,14.8024,0,0.2447,10.0816,0,0.1526,1.395,27.9375,22.339,31.072,28.1965,61,5.1116,55.101,55.075,9.3559,11.184,22.339,29.3125,47.879,10.66,12.52,0.36852,0.142587,6.1,2200,5750,0,10.2051,17,5930.36,7.51839,75.32,5.51,5.51,0,0,0,9.506,29.68,3200,37.2179,1.195,40.6172,1.391,52,1.1,-0.625
2026-09-11T04:10:14.571428+00:00,1.69503,639.225,108,17.17,82.83,0,5907.6,3.0625,54.7,6.89638,1016.13,7.812,17.35,69.4162,1.562,1.26,1.39,47.29,52.71,0,5918.4,6.9293,54.8,17.2153,353.404,1.562,6.307,2470.5,40.62,48.1,1.395,3.074,68.54,28.39,5039.89,1.5021,46.6656,4.7805,157.36,0,2.725,17.8421,1.562,0.3241,1.395,91.68,8.315,0,5918.4,10.445,54.8,22.5414,2354.78,42.19,46.07,3182.79,51.56,62.25,1.395,1.113,31.18,67.71,5039.89,0.63257,46.6656,3.01188,53.2257,0,0.9007,7.55912,0,0.121,1.395,7.901,74.04,18.06,5039.89,2.0292,46.6656,5.39475,438.273,3.125,7.777,16.2367,0,0.2923,1.395,0.9557,99.04,0,5918.4,1.7913,54.8,3.081,42.1387,0,0.6723,28.1443,0,0.4347,1.395,0.3112,21.44,78.25,5039.89,0.42486,46.6656,0.1685,11.5721,0,0.183,8.23157,0,0.1155,1.395,30.875,21.709,30.193,29.311,64,5.1115,54.246,54.137,9.3963,11.231,21.697,30.125,47.047,9.375,12.18,0.29048,0.117961,6.4,2200,5750,0,10.359,17,5926.11,7.334,51.56,5.425,5.425,0,0,0,9.233,30.85,3200,37.246,1.195,40.561,1.391,52,1.1,-0.625
2026-09-11T04:10:15.333765+00:00,1.68343,633.604,108,15.09,84.91,0,5891.4,2.9101,54.55,6.6098,892.433,9.375,15.68,65.0688,3.175,1.201,1.375,73.72,26.28,0,5896.8,9.7665,54.6,22.6618,389.788,7.812,7.257,4024.7,65.62,78.71,1.38,3.021,44.99,51.99,5021.49,1.0648,46.4953,4.31018,159.655,4.762,2.843,13.9595,0,0.2523,1.38,66.41,33.59,0,5896.8,7.6629,54.6,17.1585,1912.46,28.57,37.35,2069.68,35.94,40.37,1.38,1.459,23.07,75.47,5021.49,0.56076,46.4953,2.84171,71.736,3.175,1.282,12.5384,0,0.2243,1.38,7.135,67.07,25.8,5021.49,1.7741,46.4953,4.50628,392.751,4.762,7.126,25.8981,1.587,0.4861,1.38,1.134,98.87,0,5896.8,1.7503,54.6,2.99686,66.4454,1.562,1.165,16.1105,0,0.2105,1.38,0.3801,21.21,78.41,5021.49,0.42294,46.4953,0.0505025,15.3578,0,0.2629,9.07101,0,0.1398,1.38,28,22.133,30.741,29.663,78.5,5.1138,54.875,55.034,9.4088,11.247,22.154,31.125,47.613,10.4,12.16,0.447297,0.166983,7.85,2200,5750,0,10.1026,16.5,5921.86,7.36269,65.62,5.488,5.488,0,0,0,9.427,31.22,3200,37.3065,1.195,40.6131,1.389,52,1.1,-0.625
2026-09-11T04:10:17.364903+00:00,1.62413,606.759,108,13.55,86.45,0,5886,2.7571,54.5,6.10259,802.749,7.812,14.18,55.5999,0,1.031,1.37,63.59,36.41,0,5896.8,8.6273,54.6,19.9773,2034.63,31.25,39.56,1748.06,26.56,34.07,1.385,2.184,27.41,70.41,5896.8,0.65897,54.6,3.5884,116.311,0,2.093,5.87716,0,0.09169,1.385,76.12,23.88,0,5896.8,8.265,54.6,17.6478,2686.6,43.08,52.52,1840.69,30.16,35.95,1.385,0.7394,10.43,88.83,5021.49,0.26856,46.4953,2.25473,36.664,1.538,0.6367,4.93704,0,0.07344,1.385,5.315,38.88,55.8,5896.8,1.1212,54.6,3.56736,284.485,1.538,5.182,22.1591,0,0.4085,1.385,0.6798,99.32,0,5896.8,1.7063,54.6,2.76656,32.2409,0,0.4922,23.0467,0,0.3391,1.385,0.2317,1.377,98.39,5021.49,0.086389,46.4953,0,5.12729,0,0.07719,8.97756,0,0.149,1.385,25.125,21.368,29.709,27.8582,68.5,5.1048,53.725,53.51,9.4121,11.251,21.317,30.75,46.576,8.871,11.68,0.348933,0.127924,6.85,2200,5750,0,10.2821,17.5,5931.49,7.12239,43.08,5.372,5.372,0,0,0,9.071,29.32,3200,37.1942,1.195,40.6126,1.391,52,1.1,-0.6875
2026-09-11T04:10:18.383045+00:00,1.6688,627.937,108,16.03,83.97,0,5918.4,2.9867,54.8,6.6899,948.733,9.524,15.11,140.863,1.562,2.671,1.39,60.95,39.05,0,5918.4,8.8013,54.8,20.4426,2964.64,47.62,57.89,664.492,11.11,12.88,1.395,1.896,46.05,52.05,5039.89,0.9913,46.6656,4.10455,104.781,4.762,1.825,5.11496,0,0.07801,1.395,79.7,20.3,0,5918.4,8.3769,54.8,17.6795,2630.57,46.03,51.3,2101.1,31.25,40.82,1.395,0.8576,16.54,82.6,5039.89,0.37672,46.6656,2.52614,42.9007,0,0.7474,4.79967,0,0.07232,1.395,6.135,54.69,39.17,5918.4,1.4781,54.8,4.17803,315.992,9.524,5.718,31.1107,0,0.5887,1.395,1.086,98.91,0,5918.4,1.7687,54.8,2.9346,54.5358,0,0.9401,21.4865,0,0.3211,1.395,0.2274,29.27,70.5,5039.89,0.53762,46.6656,0.143813,7.92759,0,0.1149,7.9444,0,0.1149,1.395,24.125,24.372,33.853,28.3951,64.5,5.1138,57.978,58.063,9.404,11.241,24.397,30.75,50.719,10.09,11.95,0.410563,0.1435,6.45,2200,5750,0,10.2436,16.25,5929.31,7.2101,47.62,5.798,5.798,0,0,0,10.38,29.89,3200,37.2778,1.195,40.5576,1.39,52,1.1,-0.6875
2026-09-11T04:10:19.399273+00:00,1.54578,581.538,108,11.12,88.88,0,5918.4,2.5931,54.8,5.74154,658.782,9.231,11.48,61.6468,1.562,1.141,1.395,42.23,57.77,0,5907.6,5.6092,54.7,13.8868,1616.06,26.15,31.46,937.659,17.19,18.25,1.395,1.524,17.42,81.05,5030.69,0.45266,46.5805,3.22948,73.0388,1.562,1.318,10.3287,0,0.1823,1.395,94.78,5.224,0,5907.6,11.3,54.7,23.2346,4446.52,75.38,87.01,1213.01,21.88,23.72,1.395,0.8303,5.163,94.01,5030.69,0.17447,46.5805,2.12214,20.5059,0,0.3491,24.5599,1.562,0.4605,1.395,3.335,27.09,69.57,5030.69,0.71629,46.5805,3.65224,176.212,4.688,3.237,5.27752,0,0.08193,1.395,0.5523,99.45,0,5907.6,1.667,54.7,2.67973,33.1044,0,0.5232,14.8741,0,0.1857,1.395,0.2136,1.97,97.82,5030.69,0.090945,46.5805,0,5.49543,0,0.08305,7.52983,0,0.1219,1.395,23.125,20.193,28.105,27.6139,57.5,5.1124,52.178,52.317,9.3759,11.208,20.214,30.375,44.937,9.95,11.23,0.216451,0.0941019,5.75,2200,5750,0,10.3077,17,5935.01,6.82724,75.38,5.218,5.218,0,0,0,8.602,29.07,3200,37.2388,1.195,40.6468,1.392,52,1.1,-0.625
2026-09-11T04:10:20.417388+00:00,1.6573,624.807,108,14.6,85.4,0,5918.4,2.8655,54.8,6.54017,865.006,14.06,15.33,34.0977,0,0.5719,1.39,99.74,0.2572,0,5918.4,13.288,54.8,28.6977,2912.37,46.88,56.93,3152.58,52.31,61.71,1.39,1.965,47.98,50.06,5039.89,1.0051,46.6656,4.1134,96.5303,3.125,1.699,11.2207,0,0.1987,1.39,42.69,57.31,0,5918.4,3.8725,54.8,9.08645,2213.61,33.33,43.15,312.518,7.692,5.49,1.39,0.827,6.282,92.89,5039.89,0.19613,46.6656,2.35616,38.7726,0,0.6919,5.49871,0,0.08658,1.39,5.024,56.47,38.51,5039.89,1.4241,46.6656,2.94998,279.008,7.692,5.027,8.08388,0,0.1368,1.39,0.6982,99.3,0,5918.4,1.7379,54.8,2.91517,42.339,0,0.689,14.3104,0,0.1651,1.39,0.1769,0.6049,99.22,5039.89,0.070723,46.6656,0,5.98837,0,0.09267,4.964,0,0.07345,1.39,28,23.172,32.221,28.7318,77.5,5.1139,56.247,56.247,9.354,11.181,23.17,30.25,49.028,10.32,12,0.35672,0.136112,7.75,2200,5750,0,10.3526,17.25,5932.06,7.47131,52.31,5.625,5.625,0,0,0,9.86,30.24,3200,37.3303,1.195,40.6427,1.391,52,1.1,-0.625
2026-09-11T04:10:21.434999+00:00,1.58899,594.476,108,11.5,88.5,0,5918.4,2.6349,54.8,5.94862,680.929,9.524,12.04,56.9849,0,1.044,1.39,50.96,49.04,0,5913,7.6307,54.75,18.7241,172.204,0,3.113,2865.71,47.62,56.04,1.39,1.854,23.46,74.68,5035.29,0.56149,46.623,3.47399,96.0407,0,1.716,6.6462,0,0.1077,1.39,87.9,12.1,0,5913,9.5317,54.75,20.1067,3098.62,53.12,60.69,2141.45,34.92,41.88,1.39,0.6599,15.23,84.11,5035.29,0.34536,46.623,2.34862,31.6388,0,0.5375,5.43032,0,0.08445,1.39,4.88,33.81,61.31,5035.29,1.0226,46.623,3.60364,261.882,9.524,4.802,10.073,0,0.1742,1.39,0.9316,99.07,0,5913,1.7373,54.75,2.84623,42.0572,1.587,0.6931,28.4005,0,0.4543,1.39,0.219,6.103,93.68,5035.29,0.15822,46.623,0,7.48863,0,0.1177,6.04905,0,0.08795,1.39,26,21.183,29.472,29.1931,64.5,5.104,53.499,53.48,9.3646,11.193,21.186,30.375,46.28,9.769,11.47,0.284067,0.123049,6.45,2200,5750,0,10.1731,16.75,5929.56,7.09171,53.12,5.35,5.35,0,0,0,9.015,30.73,3200,37.2593,1.195,40.598,1.392,52,1.1,-0.6875
2026-09-11T04:10:22.452309+00:00,1.55278,577.476,108,10.95,89.05,0,5880.6,2.5124,54.45,5.71586,646.644,12.5,11.75,33.9413,0,0.6152,1.38,65.05,34.95,0,5875.2,9.6059,54.4,22.5863,946.563,17.19,18.33,2930.18,53.12,57.34,1.38,1.292,8.057,90.65,5049,0.22215,46.75,3.02046,53.5834,1.562,0.9708,15.823,0,0.2877,1.38,73.59,26.41,0,5875.2,8.9665,54.4,19.4913,68.0703,0,1.28,4285.44,75,83.95,1.38,0.3963,1.337,98.27,5049,0.085096,46.75,1.92683,17.4258,0,0.2942,5.11137,0,0.07788,1.38,3.165,22.81,74.02,5049,0.60199,46.75,3.03665,164.705,3.125,3.081,6.10344,0,0.09656,1.38,0.6341,99.37,0,5875.2,1.6218,54.4,2.61609,30.2408,0,0.4724,22.9516,0,0.3477,1.38,0.205,0.608,99.19,5049,0.07042,46.75,0,5.693,0,0.08717,7.13795,0,0.1151,1.38,29.875,21.136,29.269,32.2734,64,5.1076,53.33,53.315,9.4046,11.242,21.122,32.75,46.129,10.16,11.19,0.32914,0.14563,6.4,2200,5750,0,10.1859,17,5908.35,7.1634,75,5.333,5.333,0,0,0,8.988,33.97,3200,37.256,1.195,40.6968,1.385,52,1.1,-0.6875
2026-09-11T04:10:23.470123+00:00,1.57433,586.897,108,12.85,87.15,0,5918.4,2.6292,54.8,5.724,758.13,18.75,13.79,50.9827,0,0.9265,1.39,38.63,61.37,0,5907.6,3.7726,54.7,10.4479,281.884,4.688,5.282,2023.29,34.38,39.46,1.385,1.355,12.26,86.38,5030.69,0.29716,46.5805,3.085,64.6887,0,1.183,8.05651,0,0.1355,1.385,99.82,0.1762,0,5907.6,14.075,54.7,30.1366,1338.94,21.88,26.19,4585.23,76.56,89.78,1.385,0.4966,3.136,96.37,5030.69,0.1152,46.5805,2.0315,22.5153,0,0.3944,5.14625,0,0.07887,1.385,3.674,21.46,74.87,5030.69,0.61378,46.5805,4.33788,194.153,1.562,3.657,5.23153,0,0.07783,1.385,0.4507,99.55,0,5907.6,1.5866,54.7,2.57888,28.5292,0,0.442,13.6054,0,0.1622,1.385,0.1516,1.123,98.73,5030.69,0.077581,46.5805,0,5.327,0,0.07999,4.65287,0,0.06659,1.385,24.625,20.57,28.54,30.236,63,5.1137,52.615,52.614,9.3753,11.207,20.583,33,45.373,9.863,11.36,0.361918,0.133403,6.3,2200,5750,0,9.96154,16,5917.3,6.93263,76.56,5.262,5.262,0,0,0,8.759,31.83,3200,37.252,1.195,40.742,1.388,52,1.1,-0.6875
2026-09-11T04:10:24.487006+00:00,1.88883,748.697,108,19.55,80.45,0,5910.3,3.3795,54.725,7.72232,1150.4,15.62,20.72,185.307,4.688,3.501,1.393,81.33,18.67,0,5915.7,10.784,54.775,24.298,2693.42,46.09,52.54,2318.16,38.28,45.26,1.39,6.03,30.4,63.57,5037.59,1.1195,46.6443,4.92123,323.981,3.125,6.202,68.3095,1.562,1.309,1.39,61.9,38.1,0,5915.7,6.5846,54.775,14.4947,3531.54,60.16,69.04,316.202,3.125,6.025,1.39,4.364,9.773,85.86,5037.59,0.62314,46.6443,3.37908,234.188,2.344,4.5,62.2312,1.562,1.19,1.393,8.674,40.59,50.74,5037.59,1.5243,46.6443,4.05989,468.462,3.125,8.922,97.4993,0.7812,1.876,1.393,4.12,93.87,2.009,5476.44,1.9925,50.7078,3.65361,226.23,3.906,4.297,68.8387,0.7812,1.245,1.395,2.91,18.23,78.86,5476.84,0.63334,50.7115,0.58521,130.864,1.562,2.518,103.522,3.125,1.98,1.395,26.75,24.773,34.284,28.2532,83.25,5.1145,58.419,58.366,9.4128,11.252,24.759,32.3125,51.162,11.87,14.45,1.08433,0.365881,8.325,2200,5750,0,10.1827,16.875,5921,7.55515,60.16,5.842,5.842,0,0,0,10.54,29.74,3200,37.235,1.195,40.671,1.387,52,1.1,-0.625
2026-09-11T04:10:25.503551+00:00,1.55556,584.348,108,10.61,89.39,0,5923.8,2.5002,54.85,5.70758,628.21,9.375,11.43,37.8198,0,0.6846,1.39,66.57,33.43,0,5913,8.7837,54.75,19.8277,2471.31,40.62,48.2,1498.49,25,29.24,1.39,1.827,19.42,78.75,5913,0.50259,54.75,3.40656,89.5852,1.562,1.65,11.3666,0,0.1985,1.39,70.21,29.79,0,5913,7.9829,54.75,16.9082,1637.91,26.56,32.03,2606.58,43.75,50.95,1.39,0.8152,4.098,95.09,5035.29,0.14575,46.623,2.05002,39.3336,0,0.7159,4.93547,0,0.07434,1.39,4.22,29.47,66.31,5913,0.86076,54.75,3.08171,226.055,0,4.244,9.10918,0,0.1532,1.39,0.9292,47.44,51.64,5035.29,0.85624,46.623,1.82061,30.6654,0,0.5233,28.9448,0,0.5064,1.39,0.3706,61.07,38.56,5913,0.9939,54.75,0.293663,12.6982,0,0.1708,16.567,0,0.2517,1.39,24.625,22.9,31.829,27.7288,58.5,5.11,55.889,55.795,9.4034,11.241,22.887,31.375,48.691,9.18,11.31,0.318502,0.142164,5.85,2200,5750,0,10.1667,16.25,5933.44,7.02483,43.75,5.589,5.589,0,0,0,9.739,29.19,3200,37.2345,1.195,40.6367,1.39,52,1.1,-0.625
2026-09-11T04:10:26.520369+00:00,1.59018,595.975,108,12.07,87.93,0,5923.8,2.664,54.85,5.91032,715.482,9.375,12.74,50.3363,0,0.9094,1.395,67.33,32.67,0,5923.8,9.3887,54.85,21.1762,2291.65,39.06,44.68,1769.3,29.69,34.51,1.395,2.539,29.72,67.74,5044.49,0.78818,46.7082,3.66345,132.56,0,2.437,8.83224,0,0.1501,1.395,70.81,29.19,0,5923.8,7.4385,54.85,15.6081,4101.19,70.31,80.19,100.615,1.562,1.866,1.395,0.7208,14.97,84.31,5044.49,0.33488,46.7082,2.05837,35.1286,0,0.6029,4.72864,0,0.07082,1.395,4.514,40.29,55.2,5044.49,1.042,46.7082,3.38652,238.515,6.25,4.371,13.275,0,0.2367,1.395,0.6753,16.95,82.38,5044.49,0.3494,46.7082,1.0377,25.8363,0,0.4573,12.818,0,0.2225,1.395,0.3627,99.64,0,5923.8,1.6291,54.85,1.2262,18.5216,0,0.2517,16.8059,0,0.2182,1.395,27.5,21.641,30.099,27.6871,62,5.1133,54.163,54.411,9.3489,11.175,21.67,30.875,46.899,9.766,11.49,0.36395,0.136947,6.2,2200,5750,0,9.87179,16.5,5937.93,6.98973,70.31,5.416,5.416,0,0,0,9.221,29.14,3200,37.2415,1.195,40.6483,1.391,52,1.1,-0.625
2026-09-11T04:10:28.550060+00:00,1.55361,584.544,108,11.75,88.25,0,5918.4,2.6849,54.8,5.9779,696.903,9.375,12.26,55.7006,0,1.016,1.395,62.91,37.09,0,5923.8,8.7093,54.85,20.4177,331.12,3.125,6.266,3483.85,57.81,68.08,1.395,1.536,18.89,79.58,5044.49,0.46847,46.7082,3.30032,77.9523,0,1.401,4.56163,0,0.06697,1.395,74.07,25.93,0,5923.8,8.0777,54.85,17.2203,1826.6,31.25,35.67,2581.57,43.75,50.45,1.395,0.6169,7.55,91.83,5044.49,0.19379,46.7082,1.87887,29.5216,0,0.5138,4.42361,0,0.06461,1.395,3.793,33.07,63.14,5044.49,0.86637,46.7082,3.28584,195.942,0,3.61,9.85653,0,0.1707,1.395,0.3542,1.855,97.79,5044.49,0.091896,46.7082,0.759615,13.829,0,0.2311,6.45333,0,0.1055,1.395,0.329,99.67,0,5923.8,1.6305,54.85,1.20967,17.8334,0,0.234,16.5899,0,0.2182,1.395,25.125,20.882,29.051,28.3557,63.5,5.1095,53.101,53.102,9.3646,11.194,20.895,30.5,45.866,9.082,11.27,0.316632,0.142969,6.35,2200,5750,0,10.2179,17,5936.74,7.07168,57.81,5.31,5.31,0,0,0,8.891,29.85,3200,37.1948,1.195,40.6444,1.392,52,1.1,-0.625
2026-09-11T04:10:29.568806+00:00,1.63798,612.193,108,13.78,86.22,0,5913,2.8669,54.75,6.63866,817.032,7.788,14.36,55.2253,0,1.014,1.387,93.27,6.728,0,5918.4,12.373,54.8,27.281,427.13,6.19,8.142,5162.96,87.57,101,1.393,2.228,43.33,54.45,5039.89,0.93601,46.6656,4.14361,111.545,2.332,1.994,9.00516,0,0.1545,1.393,47.45,52.55,0,5918.4,4.6577,54.8,10.4854,1556.98,24.98,30.27,1258.03,19.24,24.29,1.393,1.054,12.67,86.28,5039.89,0.30194,46.6656,2.37364,46.4643,0,0.8176,9.41883,0,0.1626,1.393,4.894,58.54,36.57,5478.74,1.3744,50.7291,3.12515,247.595,1.55,4.437,12.7806,0,0.2281,1.393,0.7059,18.67,80.63,5478.74,0.38091,50.7291,1.34149,27.964,0,0.4876,13.2301,0.7812,0.2267,1.393,0.4184,88.71,10.87,5479.54,1.511,50.7365,0.979562,22.0703,0,0.3227,17.6512,0,0.2408,1.393,27.6875,21.641,30.116,28.5815,79,5.106,54.139,54.118,9.364,11.194,21.634,30.375,46.927,9.402,11.76,0.385776,0.163353,7.9,2200,5750,0,10.2276,16.875,5936.38,7.57021,87.57,5.414,5.414,0,0,0,9.206,30.09,3200,37.1792,1.195,40.6747,1.392,52,1.1,-0.625
2026-09-11T04:10:31.349629+00:00,2.87219,1157.94,108,42.5,57.5,0,5848.2,5.5774,54.15,13.027,2490.06,30.74,44.43,462.584,9.425,8.741,1.36,69.59,30.27,0.1448,5859,8.7717,54.25,20.2967,2846.29,48.87,55.13,1727.24,29.82,33.36,1.365,20.91,52.23,26.86,5859,3.2566,54.25,10.2481,1156.69,15.77,22.02,116.154,1.575,2.153,1.365,86.48,13.52,0,5859,10.373,54.25,22.802,4774.31,82.78,93.17,804.892,13.37,15.4,1.365,17.29,35.77,46.94,5420.55,2.5429,50.1902,8.17323,979.073,14.14,18.69,73.5315,0,1.335,1.365,26.34,58.4,15.26,5859,3.9131,54.25,9.78062,1433.38,20.5,27.19,205.081,5.506,3.862,1.365,14.7,85.3,0,5859,3.1252,54.25,6.97496,828.517,14.17,15.75,54.543,0,0.8959,1.365,9.406,42.67,47.92,5420.55,1.7818,50.1902,3.38997,308.29,5.506,5.69,266.379,3.15,4.945,1.365,29.625,32.573,44.713,28.2933,83.5,5.1375,68.963,68.789,9.4568,11.304,32.548,32.25,61.668,18.46,22.05,1.19068,0.915585,8.35,2200,5750,0,10.1923,17.375,5881.71,9.11713,82.78,6.896,6.896,0,0,0,13.85,29.78,3200,37.3401,1.195,40.7426,1.378,52,1.1,-0.6875
2026-09-11T04:10:32.365535+00:00,2.17693,808.447,108,25.54,74.46,0,5799.6,4.2225,53.7,10.0035,1494.04,26.56,27.66,85.9868,0,1.585,1.34,82.03,17.97,0,5794.2,12.588,53.65,29.3808,4384.65,71.88,85.88,538.141,7.812,10.47,1.345,5.409,32.66,61.93,5024.66,1.0196,46.5246,5.55787,280.17,3.125,5.329,11.8408,0,0.2062,1.345,85.48,14.52,0,5794.2,10.403,53.65,23.9879,4204.59,68.75,82.33,863.064,15.62,16.86,1.345,3.763,16.45,79.79,5024.66,0.60524,46.5246,3.812,184.386,0,3.529,20.7832,0,0.3829,1.345,12.45,50.34,37.2,5024.66,2.2002,46.5246,6.69376,688.292,17.19,13.27,10.4373,0,0.1766,1.345,2.227,97.77,0,5024.66,1.7403,46.5246,3.64366,109.203,3.125,2.022,22.937,0,0.3507,1.345,0.7928,20.43,78.78,5794.2,0.3517,53.65,0.453532,11.0777,0,0.2023,25.5617,0,0.4597,1.345,39,27.89,38.22,36.4661,79,5.1353,62.424,62.273,9.4116,11.251,27.894,36.75,55.119,13.38,15.67,1.30833,0.568215,7.9,2200,5750,0,10.6218,17.25,5866.63,8.77042,71.88,6.242,6.242,0,0,0,11.87,38.39,3200,37.3858,1.195,40.6543,1.373,52,1.1,-0.6875
2026-09-11T04:10:34.397647+00:00,3.43778,1371.45,108,60.57,39.43,0,5794.2,5.529,53.65,13.5853,3493.29,56.92,64.2,466.711,4.688,9.089,1.35,98.34,1.661,0,5783.4,14.086,53.55,36.5155,4166.04,73.85,81.73,1926.02,31.25,37.77,1.34,20.06,43.92,36.02,5783.4,2.6919,53.55,10.1792,1031.99,18.46,19.98,239.669,1.562,4.652,1.34,98.7,1.295,0,5783.4,14.358,53.55,36.4842,2826.96,49.23,55.36,3505.68,58.46,68.8,1.34,16.31,32.8,50.89,5015.29,2.112,46.4379,7.77488,900.724,15.38,17.46,164.189,3.125,3.171,1.34,28.96,53.88,17.16,5783.4,3.8704,53.55,12.0429,1580.1,26.15,30.76,291.056,3.125,5.646,1.34,12.32,87.68,0,5783.4,2.3961,53.55,6.10879,654.455,12.5,12.63,140.927,1.538,2.664,1.34,8.516,53.2,38.28,5015.29,1.5628,46.4379,3.4271,380.828,3.077,7.347,174.507,4.615,3.317,1.34,38.5,39.479,52.196,38.943,99.5,5.1606,76.363,76.454,9.3639,11.195,39.458,39.125,69.068,22.75,26.54,1.55131,0.639475,9.95,2200,5750,0,10.4167,16.75,5774.13,10.4604,73.85,7.636,7.636,0,0,0,16.79,40.99,3200,37.5149,1.196,40.7188,1.326,52,1.1,-0.625
2026-09-11T04:10:35.414432+00:00,3.29017,1361.75,108,47.7,52.3,0,5880.6,6.3769,54.45,16.4484,2750.21,39.06,51.22,548.26,10.77,10.58,1.39,64.07,35.93,0,5896.8,7.7309,54.6,20.6758,2259.88,32.81,44.14,2062.76,40,40.24,1.39,29.41,33.84,36.75,5021.49,3.8864,46.4953,13.2008,1595.03,17.19,30.93,316.49,4.615,6.105,1.39,95.78,4.22,0,5896.8,12.308,54.6,30.0548,2961.34,48.44,57.93,3400.16,56.25,66.6,1.39,24.81,31.62,43.57,5021.49,3.2532,46.4953,10.6632,1370.12,23.44,26.58,212.78,1.538,4.082,1.39,36.08,31.13,32.79,5021.49,4.4718,46.4953,13.0508,1939.88,29.69,37.68,409.977,7.692,7.94,1.39,18.93,74.82,6.248,5896.8,3.1754,54.6,8.17033,1051.08,21.54,20.27,126.944,3.125,2.359,1.39,12.22,71.15,16.63,5021.49,2.3642,46.4953,5.28472,535.617,7.812,10.24,247.407,7.812,4.668,1.39,31.25,37.016,49.462,33.1829,106.5,5.1564,73.835,74.218,9.4378,11.282,37.092,38.5,66.416,21.99,26.35,1.46623,0.726599,10.65,2200,5750,0,10.1667,17,5819.98,9.86975,56.25,7.383,7.383,0,0,0,15.78,34.93,3200,37.4645,1.195,40.8442,1.35,52,1.1,-0.6875
2026-09-11T04:10:36.431933+00:00,1.62467,608.373,108,14.44,85.56,0,5891.4,2.9366,54.55,6.82535,851.696,10.94,15.16,75.7399,1.587,1.392,1.39,73.62,26.38,0,5880.6,11.395,54.45,27.3874,1082.24,15.62,21.12,3293.42,57.81,64.64,1.395,2.694,21.34,75.96,5007.7,0.57919,46.3676,3.92465,126.698,0,2.356,20.1616,0,0.3584,1.395,65.01,34.99,0,5880.6,7.3485,54.45,16.952,2695.59,46.03,52.94,1196.78,18.75,23.29,1.395,1.074,7.955,90.97,5007.7,0.21058,46.3676,2.50487,46.769,1.562,0.8371,11.1246,0,0.1808,1.395,4.443,42.62,52.93,5880.6,1.0946,54.45,3.53842,230.778,4.688,4.332,15.9241,0,0.2735,1.395,0.9117,99.09,0,5880.6,1.7392,54.45,3.08346,42.2021,1.562,0.6793,28.0382,0,0.4346,1.395,0.2755,1.401,98.32,5007.7,0.082062,46.3676,0,8.33263,0,0.1211,8.4791,0,0.1229,1.395,31.75,22.25,30.899,34.2017,66.5,5.1075,55.017,54.986,9.4276,11.27,22.232,37.875,47.787,9.91,11.76,0.853302,0.336937,6.65,2200,5750,0,10.4295,17,5905.67,7.68338,57.81,5.502,5.502,0,0,0,9.46,36,3200,37.2445,1.195,40.7305,1.389,52,1.1,-0.625
2026-09-11T04:10:37.449937+00:00,1.60778,600.683,108,12.25,87.75,0,5902.2,2.6809,54.65,6.06761,723.602,9.524,13.16,43.5615,0,0.7757,1.385,76.5,23.5,0,5918.4,9.9545,54.8,22.1181,426.818,4.762,8.251,4122.56,69.84,80.8,1.395,2.644,18.74,78.61,5039.89,0.52444,46.6656,3.53973,121.172,3.175,2.249,22.2081,0,0.4051,1.395,62.58,37.42,0,5918.4,6.7072,54.8,14.3722,1860.6,29.69,36.51,1885.08,31.75,36.75,1.395,0.8079,8.777,90.42,5039.89,0.22415,46.6656,2.27233,32.8882,0,0.5653,11.34,0,0.1928,1.395,5.033,42.66,52.31,5918.4,1.154,54.8,3.39934,265.707,1.587,4.979,22.5024,0,0.413,1.395,0.6838,99.32,0,5918.4,1.6979,54.8,2.82795,41.9559,0,0.6838,13.726,0,0.1616,1.395,0.2853,2.353,97.36,5039.89,0.097091,46.6656,0,8.46134,0,0.1328,8.74895,0,0.135,1.395,20.75,20.534,28.54,27.1825,60.5,5.1053,52.719,52.719,9.4377,11.281,20.535,36.375,45.437,9.395,11.64,1.27691,0.261241,6.05,2200,5750,0,10.3974,17.25,5919.71,7.12538,69.84,5.272,5.272,0,0,0,8.738,28.61,3200,37.1615,1.195,40.6317,1.39,52,1.1,-0.625
2026-09-11T04:10:38.467931+00:00,1.82547,677.287,108,23.73,76.27,0,5891.4,3.6868,54.55,7.97282,1399.23,21.88,25.92,69.4436,1.562,1.28,1.385,62.57,37.43,0,5025.8,8.2463,46.5352,17.3676,358.174,4.688,6.913,3357.16,57.81,65.65,1.365,5.556,37.14,57.31,5025.8,1.0876,46.5352,4.66007,295.529,6.25,5.616,12.5466,0,0.221,1.365,74.04,25.96,0,5848.2,7.5014,54.15,15.0777,2130.45,35.94,41.71,2273.71,42.19,44.39,1.365,2.611,13.96,83.42,5025.8,0.38185,46.5352,2.79371,105.411,0,1.97,35.2862,0,0.6684,1.365,12.4,63.05,24.56,5025.8,2.276,46.5352,5.17147,664.899,12.5,12.77,24.6937,0,0.4599,1.365,1.2,98.8,0,5848.2,1.6866,54.15,2.97207,57.9948,0,0.9937,26.2721,0,0.4117,1.365,0.4394,16.14,83.42,5025.8,0.31783,46.5352,0,16.3282,0,0.2817,9.46832,0,0.1453,1.365,29.375,21.639,29.859,22.5725,58.5,5.1124,54.059,54.051,9.4243,11.265,21.651,34.5,46.748,11.43,13.09,0.921771,0.732821,5.85,2200,5750,0,10.3013,17,5910.27,6.99111,57.81,5.406,5.406,0,0,0,9.213,23.76,3200,37.1453,1.195,40.7746,1.38,52,1.1,-0.6875
2026-09-11T04:10:39.485238+00:00,1.81413,680.224,108,23.23,76.77,0,5918.4,3.9306,54.8,8.5893,1375.01,21.54,25.24,92.1223,0,1.588,1.395,63.94,36.06,0,5918.4,8.4493,54.8,17.4671,1303.77,13.85,25.28,2498.46,38.46,48.76,1.395,6.74,36.02,57.24,5918.4,1.2371,54.8,5.12833,346.609,7.692,6.586,34.5961,0,0.5854,1.395,66.89,33.11,0,5918.4,6.6314,54.8,13.7759,785.542,12.31,15.19,3240.43,52.31,63.31,1.395,2.093,12.7,85.21,5039.89,0.35546,46.6656,2.84832,106.269,0,1.93,11.1484,0,0.1289,1.395,16.23,66.54,17.24,5918.4,2.9213,54.8,6.41255,891.947,20,17.15,42.2428,1.538,0.7446,1.395,1.497,49.56,48.95,5918.4,0.98026,54.8,2.29657,82.8134,1.538,1.468,14.4012,0,0.1619,1.395,0.7999,71.6,27.6,5918.4,1.268,54.8,1.46307,30.074,0,0.4397,28.1487,0,0.4043,1.395,21.25,22.649,31.41,20.9999,58,5.1188,55.639,55.624,9.4696,11.32,22.637,32.5,48.36,10.58,13.06,1.18178,0.682076,5.8,2200,5750,0,10.2179,17,5926.09,7.25025,52.31,5.564,5.564,0,0,0,9.633,22.11,3200,37.252,1.195,40.6887,1.388,52,1.1,-0.6875
2026-09-11T04:10:40.503293+00:00,1.73866,653.973,108,22.67,77.33,0,5918.4,3.8598,54.8,8.58383,1341.79,15.62,24.07,112.586,1.562,2.059,1.395,71.92,28.08,0,5918.4,9.2359,54.8,18.2892,3180.75,50,62.16,1120.93,18.75,21.81,1.395,8.65,42.64,48.71,5039.89,1.7259,46.6656,5.6739,473.171,12.5,9.101,20.2614,0,0.3675,1.395,57.03,42.97,0,5918.4,5.5346,54.8,11.1042,1163.22,17.19,22.71,2260.16,37.5,44.1,1.395,2.542,17.67,79.79,5039.89,0.50659,46.6656,3.10379,128.888,3.125,2.429,11.0637,0,0.1877,1.395,9.399,60.86,29.74,5039.89,2.0466,46.6656,4.41879,515.257,7.812,9.795,24.3017,0,0.4465,1.395,1.212,94.15,4.642,5918.4,1.6948,54.8,3.08333,65.6066,0,1.146,17.388,0,0.2408,1.395,0.4397,28.93,70.63,5039.89,0.53565,46.6656,0.297031,17.6788,0,0.296,10.5048,0,0.1541,1.395,27.5,21.561,29.943,21.2323,68.5,5.1074,54.063,54.021,9.4037,11.241,21.563,31,46.802,10.25,12.57,0.596493,0.364404,6.85,2200,5750,0,10.3333,16.5,5925.67,6.97355,50,5.406,5.406,0,0,0,9.176,22.35,3200,37.1667,1.195,40.7555,1.389,52,1.1,-0.625
2026-09-11T04:10:41.520661+00:00,1.63166,618.575,108,13.16,86.84,0,5918.4,2.8237,54.8,6.30942,779.009,10.94,13.58,89.6864,1.562,1.48,1.395,80.68,18.99,0.3292,5918.4,11.057,54.8,24.6103,3358.78,57.81,65.75,1467.62,23.81,28.67,1.39,2.222,17.88,79.9,5039.89,0.46705,46.6656,3.43417,113.136,0,2.102,6.79767,0,0.1077,1.39,60.06,39.94,0,5918.4,6.2325,54.8,13.6682,3363.76,55.56,65.76,308.366,3.125,5.9,1.39,1.196,5.484,93.32,5039.89,0.1948,46.6656,2.20013,53.1789,0,0.9733,12.4975,0,0.2193,1.39,4.696,43.74,51.57,5918.4,1.1356,54.8,3.21658,237.589,1.562,4.461,22.975,0,0.4245,1.39,0.8904,99.11,0,5918.4,1.7122,54.8,2.76018,40.5741,0,0.6546,26.9735,0,0.4252,1.39,0.2595,3.848,95.89,5039.89,0.11888,46.6656,0,9.10061,0,0.1479,7.14554,0,0.1074,1.39,28,21.071,29.293,28.3983,64.5,5.1182,53.387,53.535,9.3716,11.203,21.094,30.75,46.126,9.648,11.92,0.543724,0.20757,6.45,2200,5750,0,10.1667,16.75,5930.35,7.19874,57.81,5.339,5.339,0,0,0,8.976,29.89,3200,37.1437,1.195,40.6362,1.391,52,1.1,-0.625
2026-09-11T04:10:42.537300+00:00,1.59459,599.566,108,12.95,87.05,0,5918.4,2.7284,54.8,6.0157,767.107,10.94,12.71,123.756,3.125,2.174,1.39,76.79,23.21,0,5918.4,10.438,54.8,23.6866,1840.44,28.12,35.99,2736.67,44.62,53.51,1.39,1.856,15.34,82.8,5039.89,0.40909,46.6656,3.21087,76.3291,0,1.387,24.9182,0,0.4651,1.39,61.97,38.03,0,5918.4,6.4038,54.8,13.8978,3507.31,58.46,68.64,173.8,1.562,3.286,1.39,0.6599,5.036,94.3,5039.89,0.15772,46.6656,2.01059,31.492,0,0.5574,5.38964,0,0.08313,1.39,3.934,33.77,62.3,5039.89,0.86163,46.6656,2.92697,198.473,1.562,3.696,15.3695,0,0.2771,1.39,0.9568,99.04,0,5918.4,1.7038,54.8,2.6766,51.6704,0,0.8829,20.6362,0,0.2973,1.39,0.344,1.409,98.25,5039.89,0.085026,46.6656,0,6.36397,0,0.09833,13.332,0,0.2325,1.39,28.375,20.537,28.574,28.3464,66,5.1093,52.62,52.612,9.3776,11.21,20.535,30.5,45.405,9.274,11.52,0.298291,0.109879,6.6,2200,5750,0,10.2179,16.75,5933.07,7.03128,58.46,5.262,5.262,0,0,0,8.738,29.84,3200,37.1097,1.195,40.7418,1.392,52,1.1,-0.625
2026-09-11T04:10:43.554454+00:00,1.57757,602.63,108,13.87,86.13,0,5918.4,2.8137,54.8,6.09955,822.14,12.5,13.97,110.203,1.562,1.872,1.395,69.36,30.64,0,5918.4,9.5617,54.8,22.0463,1346.11,22.22,26.3,2772.54,45.31,54.21,1.395,1.945,17.28,80.77,5039.89,0.46106,46.6656,3.23032,99.2133,0,1.824,7.6197,0,0.1188,1.395,66.9,33.1,0,5918.4,6.9768,54.8,15.0579,2149.04,33.33,42.04,2000.9,32.81,39.04,1.395,0.8907,7.131,91.98,5039.89,0.22094,46.6656,2.00527,44.0058,0,0.7917,5.3749,0,0.07719,1.395,3.842,35.56,60.59,5039.89,0.89845,46.6656,2.97304,205.616,1.562,3.817,7.57668,0,0.1205,1.395,0.6433,99.36,0,5918.4,1.6747,54.8,2.54601,37.915,0,0.6007,15.834,0,0.1992,1.395,0.3036,2.742,96.96,5039.89,0.10741,46.6656,0,7.92238,0,0.1188,10.074,0,0.1658,1.395,28.875,20.531,28.574,27.9815,62.5,5.1169,52.63,52.584,9.3779,11.21,20.532,30.125,45.412,9.332,11.58,0.343306,0.113507,6.25,2200,5750,0,10.1987,16.25,5933.98,6.90747,45.31,5.263,5.263,0,0,0,8.737,29.45,3200,37.1615,1.195,40.7382,1.392,52,1.1,-0.625
2026-09-11T04:10:44.572032+00:00,1.61219,603.564,108,11.88,88.12,0,5902.2,2.652,54.65,5.84146,703.712,14.29,12.29,74.4134,1.587,1.188,1.385,58.02,41.98,0,5902.2,8.2002,54.65,19.6858,128.519,3.125,2.437,3359.46,52.38,65.64,1.395,2.14,17.83,80.03,5026.09,0.45627,46.5379,3.2858,106.977,3.125,1.982,7.34805,0,0.1206,1.395,82.63,17.37,0,5026.09,8.6067,46.5379,18.2862,2866.85,48.44,56.1,2031.91,34.92,39.72,1.395,0.7675,6.202,93.03,5026.09,0.17157,46.5379,2.08266,34.6923,0,0.6176,6.58702,0,0.1081,1.395,4.298,33.99,61.72,5026.09,0.90111,46.5379,3.54221,222.903,9.524,4.192,10.1961,0,0.1763,1.395,1.216,98.78,0,5902.2,1.7389,54.65,2.75113,51.843,1.587,0.8829,35.7463,3.175,0.5965,1.395,0.273,2.116,97.61,5026.09,0.094113,46.5379,0,8.46892,0,0.1412,7.38828,0,0.1165,1.395,26.5,20.517,28.554,28.2476,55.5,5.1095,52.593,52.68,9.3598,11.189,20.522,29.875,45.363,10.76,11.64,0.411775,0.134139,5.55,2200,5750,0,9.95513,16.5,5933.06,6.97299,52.38,5.259,5.259,0,0,0,8.733,29.73,3200,37.0905,1.195,40.7588,1.392,52,1.1,-0.625
2026-09-11T04:10:45.335105+00:00,1.60308,598.166,108,13.15,86.85,0,5918.4,2.8041,54.8,6.11741,777.722,13.85,13.61,81.2754,1.538,1.341,1.39,53.85,45.78,0.3772,5902.2,7.704,54.65,18.6924,136.572,0,2.602,3051.35,47.69,59.61,1.385,2.319,17.19,80.49,5026.09,0.47095,46.5379,3.25522,115.945,3.125,2.156,14.7203,0,0.2658,1.385,85.11,14.89,0,5902.2,8.923,54.65,18.9057,301.88,4.688,5.879,4752.94,78.46,92.99,1.385,0.659,8.59,90.75,5026.09,0.21743,46.5379,2.04565,31.8831,1.562,0.5549,4.596,0,0.06874,1.385,4.399,30.33,65.27,5026.09,0.85165,46.5379,3.55435,221.268,0,4.145,16.8387,1.562,0.3084,1.385,0.5715,99.43,0,5902.2,1.6687,54.65,2.58433,34.2154,0,0.5426,13.6518,0,0.1656,1.385,0.2601,8.648,91.09,5026.09,0.19359,46.5379,0,7.67515,0,0.1213,8.12351,0,0.1275,1.385,25.125,20.39,28.365,28.0147,53,5.1125,52.406,52.289,9.3806,11.213,20.382,29.625,45.202,9.53,11.53,0.310516,0.108843,5.3,2200,5750,0,10.2821,16.5,5932.22,6.84515,78.46,5.241,5.241,0,0,0,8.673,29.49,3200,37.0995,1.195,40.7114,1.392,52,1.1,-0.625
2026-09-11T04:10:46.351841+00:00,1.6435,619.42,108,12.54,87.46,0,5923.8,2.6805,54.85,5.94659,742.582,12.7,12.74,101.138,0,1.726,1.39,61.77,38.23,0,5044.49,8.7404,46.7082,20.5177,866.042,12.5,16.89,2814.65,49.21,55.03,1.39,2.395,20.38,77.23,5044.49,0.5757,46.7082,3.44571,122.423,0,2.276,12.5328,0,0.2235,1.39,79.39,20.61,0,5923.8,8.2435,54.85,17.4659,3402.52,53.12,66.54,1360.07,22.22,26.58,1.39,1.56,9.221,89.22,5044.49,0.30653,46.7082,2.2072,74.5739,0,1.399,16.4854,0,0.3013,1.39,5.135,35,59.86,5044.49,1.0487,46.7082,3.73081,265.029,4.688,4.997,20.923,0,0.3867,1.39,1.025,69.01,29.97,5044.49,1.249,46.7082,2.19306,57.5493,0,1.018,12.9879,0,0.1791,1.39,0.5359,43.01,56.45,5923.8,0.75377,54.85,0.401389,20.535,0,0.3445,20.6782,0,0.3452,1.39,24.125,20.855,29.007,27.9048,80,5.1136,53.116,53.2,9.4149,11.255,20.857,29.5,45.887,9.652,11.94,0.396196,0.143835,8,2200,5750,0,9.94872,16.5,5932.99,7.00556,53.12,5.312,5.312,0,0,0,8.875,29.37,3200,37.1162,1.195,40.7061,1.391,52,1.1,-0.625
2026-09-11T04:10:47.369102+00:00,1.6098,605.386,108,12.15,87.85,0,5918.4,2.7025,54.8,5.97592,719.277,7.812,12.66,81.4316,0,1.366,1.39,82.97,17.03,0,5039.89,11.2,46.6656,24.6557,3397.05,57.81,66.45,1552.83,25,30.35,1.39,2.289,13.25,84.46,5039.89,0.43301,46.6656,3.22243,110.529,1.562,2.079,23.014,0,0.4375,1.39,56.27,43.73,0,5918.4,5.6324,54.8,12.134,3126.09,51.56,61.12,221.232,1.562,4.219,1.39,1.299,7.937,90.76,5039.89,0.24517,46.6656,1.97455,57.8238,0,1.083,21.8436,0,0.4147,1.39,4.581,23.54,71.88,5039.89,0.74049,46.6656,2.57036,237.024,1.562,4.494,23.8291,0,0.4419,1.39,0.8048,65.24,33.95,5918.4,1.1312,54.8,1.86053,33.883,0,0.5798,30.0799,0,0.529,1.39,0.617,46.18,53.2,5039.89,0.83185,46.6656,0.21008,30.6831,0,0.5481,19.5462,0,0.3295,1.39,24.625,20.509,28.519,28,60,5.1159,52.628,52.627,9.4179,11.258,20.511,29.375,45.404,9.18,11.69,0.391472,0.127675,6,2200,5750,0,10.2564,16.5,5935.47,6.95521,57.81,5.263,5.263,0,0,0,8.728,29.47,3200,37.1547,1.195,40.7246,1.391,52,1.1,-0.625
2026-09-11T04:10:48.384618+00:00,1.60309,604.118,108,12.29,87.71,0,5918.4,2.6681,54.8,5.7159,727.695,7.692,12.65,83.3832,0,1.368,1.39,53.62,46.38,0,5913,7.4706,54.75,17.9063,1157.35,18.46,22.6,2115.53,33.85,41.3,1.395,2.498,19.97,77.53,5035.29,0.50733,46.623,3.17832,119.741,3.077,2.229,15.6908,0,0.2864,1.395,85.27,14.73,0,5913,9.4126,54.75,19.4712,5014.35,86.15,98.16,45.3813,0,0.8328,1.395,1.052,6.802,92.15,5035.29,0.19452,46.623,1.92832,46.6914,0,0.8499,10.7411,0,0.1883,1.395,4.498,31.11,64.39,5035.29,0.87307,46.623,3.4721,230.062,3.077,4.341,19.3815,0,0.3577,1.395,0.7058,99.29,0,5913,1.6608,54.75,2.42882,38.2419,0,0.6119,19.4091,0,0.2738,1.395,0.3803,2.072,97.55,5913,0.096237,54.75,0,10.0798,0,0.1704,12.1601,0,0.2085,1.395,24.625,20.222,28.086,27.8101,54,5.1077,52.156,52.105,9.3899,11.224,20.222,29.375,44.928,9.519,11.65,0.483045,0.148953,5.4,2200,5750,0,9.94872,17,5930.22,6.68254,86.15,5.216,5.216,0,0,0,8.605,29.27,3200,37.1042,1.195,40.7669,1.389,52,1.1,-0.625
2026-09-11T04:10:49.401267+00:00,1.58437,592.978,108,12.09,87.91,0,5918.4,2.7057,54.8,5.83246,715.987,14.06,12.07,106.296,0,1.832,1.395,63.01,36.99,0,5913,8.6053,54.75,19.8222,2521.29,42.19,49.31,1223.05,21.88,23.84,1.395,1.923,13.66,84.42,5035.29,0.404,46.623,3.12962,98.1101,3.125,1.83,4.94997,0,0.07454,1.395,75.56,24.44,0,5913,8.2498,54.75,17.4054,3731.16,62.5,73.05,749.852,10.77,14.6,1.395,0.8186,7.222,91.96,5035.29,0.20728,46.623,1.95746,36.6896,1.562,0.6571,7.48532,0,0.1234,1.395,3.772,30.49,65.74,5035.29,0.79958,46.623,3.11365,197.558,3.125,3.695,7.22278,0,0.1187,1.395,0.848,99.15,0,5913,1.6984,54.75,2.56961,38.7443,0,0.6313,25.9985,0,0.4033,1.395,0.4192,2.717,96.86,5035.29,0.10578,46.623,0,12.449,0,0.2182,10.8147,0,0.1829,1.395,25.125,20.332,28.292,27.7779,63.5,5.112,52.33,52.345,9.3715,11.202,20.331,29.375,45.117,9.95,11.42,0.244089,0.102698,6.35,2200,5750,0,9.99359,16.5,5932.29,6.78019,62.5,5.233,5.233,0,0,0,8.651,29.24,3200,37.0998,1.195,40.7455,1.392,52,1.1,-0.6875
2026-09-11T04:10:50.418280+00:00,1.55654,587.244,108,11.51,88.49,0,5913,2.629,54.75,5.72361,681.813,12.7,11.37,105.349,0,1.82,1.39,70.4,29.6,0,5918.4,9.8587,54.8,22.7611,1411.55,22.22,27.58,2778.44,47.62,54.36,1.39,1.33,14.62,84.05,5039.89,0.34856,46.6656,2.97992,65.261,0,1.178,5.36305,0,0.08291,1.39,67.74,32.26,0,5918.4,7.3289,54.8,16.0085,2485.42,41.27,48.66,1592.35,23.81,31.11,1.39,0.5963,2.927,96.48,5039.89,0.11927,46.6656,1.8298,25.7634,1.587,0.4574,6.77474,0,0.1112,1.39,3.292,29.81,66.89,5039.89,0.755,46.6656,2.9428,160.829,3.175,2.978,15.7677,0,0.2864,1.39,0.5345,99.47,0,5918.4,1.6532,54.8,2.46288,27.4976,0,0.4143,18.926,0,0.2668,1.39,0.2439,0.7487,99.01,5039.89,0.073371,46.6656,0,9.44912,0,0.1596,5.34368,0,0.08017,1.39,28.375,20.349,28.317,29.4168,51,5.1135,52.338,52.371,9.35,11.178,20.353,30.125,45.12,9.524,11.31,0.265477,0.0987424,5.1,2200,5750,0,10.1987,16.5,5931.02,6.89003,47.62,5.234,5.234,0,0,0,8.661,30.97,3200,37.0707,1.196,40.7121,1.392,52,1.1,-0.625
2026-09-11T04:10:51.433151+00:00,1.59654,598.56,108,13.47,86.53,0,5902.2,2.7109,54.65,5.90886,797.21,9.375,14.22,71.5434,0,1.142,1.38,54.55,45.45,0,5918.4,7.8711,54.8,18.8396,405.449,4.688,7.866,2886.18,50,56.45,1.395,2.128,20.2,77.68,5039.89,0.50763,46.6656,3.34188,101.54,0,1.877,14.9605,0,0.2644,1.395,83.16,16.84,0,5918.4,9.1278,54.8,19.5052,2067.17,39.06,40.45,2864.94,48.44,56.03,1.395,1.245,5.474,93.28,5039.89,0.18814,46.6656,2.10857,57.0053,0,1.053,10.6156,0,0.181,1.395,4.129,37.39,58.48,5039.89,0.9582,46.6656,3.5879,212.18,4.688,3.96,14.2898,0,0.2523,1.395,0.6726,99.33,0,5918.4,1.633,54.8,2.55242,34.7432,0,0.5449,20.4016,0,0.2878,1.395,0.3051,6.029,93.67,5039.89,0.15313,46.6656,0,10.1506,0,0.1653,8.57974,0,0.1342,1.395,28,20.664,28.718,28.8053,65.5,5.1107,52.735,52.734,9.3471,11.174,20.661,30.875,45.514,9.766,11.55,0.414552,0.144498,6.55,2200,5750,0,10.0321,16.25,5927.63,6.96003,50,5.273,5.273,0,0,0,8.792,30.32,3200,37.1096,1.195,40.7311,1.39,52,1.1,-0.625
2026-09-11T04:10:52.450491+00:00,1.55911,584.215,108,11.09,88.91,0,5915.7,2.5887,54.775,5.62262,656.261,9.375,11.51,67.5013,0,1.082,1.395,81.5,18.34,0.1587,5913,10.637,54.75,23.7641,1001.34,15.62,19.56,3840.45,64.84,75.13,1.39,1.503,9.905,88.59,5035.29,0.27661,46.623,2.88363,70.1674,0.7812,1.291,10.4316,0,0.1829,1.39,56.83,43.17,0,5473.74,6.0359,50.6828,13.1873,1947.26,32.81,38.07,1460.93,25,28.51,1.39,0.6632,3.28,96.06,5035.29,0.13308,46.623,1.78368,28.6289,0.7812,0.5167,8.37184,0,0.1418,1.39,3.429,23.27,73.3,5035.29,0.63808,46.623,2.32374,162.888,1.562,3.043,23.288,0,0.4327,1.39,0.6889,99.31,0,5913,1.6621,54.75,2.4714,29.559,0,0.4617,27.3843,0,0.4329,1.39,0.2141,2.07,97.72,5035.29,0.092718,46.623,0,7.0149,0,0.1127,5.9643,0,0.09111,1.39,26.25,21.899,30.454,28.0787,63.25,5.1125,54.529,54.464,9.4016,11.239,21.892,30.5,47.317,9.424,11.29,0.337449,0.121219,6.325,2200,5750,0,10.0449,16.875,5932.32,6.89199,64.84,5.453,5.453,0,0,0,9.316,29.56,3200,37.1177,1.195,40.7775,1.391,52,1.1,-0.6875
2026-09-11T04:10:54.481608+00:00,1.61683,605.849,108,15.28,84.72,0,5918.4,3.0416,54.8,6.63263,903.02,9.375,15.65,112.58,0,1.953,1.395,59.12,40.88,0.006827,5918.4,8.4566,54.8,19.5674,2110.81,35.94,41.3,1401.51,23.44,27.32,1.395,2.459,19.44,78.1,5039.89,0.54314,46.6656,3.51652,126.774,0,2.364,9.15726,0,0.1547,1.395,77.45,22.55,0,5918.4,8.2627,54.8,17.143,2582.54,43.75,50.51,2017.03,35.94,39.46,1.395,1.228,8.669,90.1,5039.89,0.25741,46.6656,2.22485,59.9464,0,1.104,9.09665,0,0.1553,1.395,4.731,34.72,60.55,5918.4,1.0116,54.8,3.23974,250.648,3.125,4.697,12.2076,0,0.2139,1.395,1.076,98.92,0,5918.4,1.7169,54.8,2.73161,46.2846,0,0.7647,31.8592,1.562,0.5189,1.395,0.3475,5.972,93.68,5039.89,0.15205,46.6656,0,7.90454,0,0.123,12.2245,0,0.2057,1.395,29.375,22.335,31.028,27.7177,74.5,5.1156,55.067,55.127,9.3904,11.225,22.309,30.125,47.88,9.57,11.66,0.362024,0.136252,7.45,2200,5750,0,10.2436,16.75,5930.24,6.94432,43.75,5.507,5.507,0,0,0,9.493,29.18,3200,37.0801,1.195,40.7247,1.39,52,1.1,-0.6875
2026-09-11T04:10:55.499455+00:00,1.89615,715.99,108,19.15,80.85,0,5913,3.3294,54.75,7.44904,1133.35,12.31,20.2,97.0452,0,1.606,1.395,64.84,35.16,0,5913,8.8829,54.75,20.7506,3056.22,47.69,59.65,796.083,16.92,15.45,1.395,5.699,31.96,62.34,5035.29,1.1701,46.623,4.91375,316.061,0,5.931,20.8892,0,0.3694,1.395,85.45,14.55,0,5913,9.2933,54.75,20.3972,1807.3,29.23,35.34,3375.7,53.85,66.12,1.395,2.572,20.31,77.12,5035.29,0.65329,46.623,3.26148,139.045,0,2.574,8.22551,0,0.1212,1.395,9.193,42.47,48.34,5035.29,1.6326,46.623,5.06639,511.924,6.154,9.639,16.403,0,0.28,1.395,1.962,98.04,0,5913,1.8841,54.75,3.36525,102.368,0,1.838,28.1235,0,0.4371,1.395,0.7469,30.1,69.15,5039.89,0.65533,46.6656,0.59921,20.7228,0,0.3373,26.3804,1.562,0.4481,1.395,25.5,24.336,33.822,29.1709,76,5.1149,57.954,57.973,9.3803,11.213,24.37,30.25,50.662,10.48,13.77,0.635257,0.216035,7.6,2200,5750,0,10.1218,16.75,5926.66,7.66264,53.85,5.795,5.795,0,0,0,10.37,30.71,3200,37.1481,1.195,40.7433,1.39,52,1.1,-0.6875
2026-09-11T04:10:56.517733+00:00,1.66557,625.589,108,14.36,85.64,0,5918.4,2.9257,54.8,6.57745,848.818,7.812,14.69,99.6314,0,1.678,1.395,82.83,17.17,0,5913,8.9728,54.75,20.2944,280.444,3.125,5.441,4663.85,78.12,91.38,1.395,3.275,25.71,71.01,5035.29,0.691,46.623,3.89927,162.165,1.562,3.033,15.4902,0,0.2799,1.395,58.27,41.73,0,5035.29,8.5961,46.623,19.5761,2827.44,50,55.38,661.644,9.375,12.81,1.395,1.391,11.8,86.81,5035.29,0.30725,46.623,2.48273,68.5326,1.562,1.242,7.17986,0,0.1193,1.395,5.196,48.82,45.98,5035.29,1.2698,46.623,4.09272,268.552,4.688,5.05,19.1759,0,0.351,1.395,0.8707,99.13,0,5913,1.6933,54.75,2.82858,50.95,0,0.8498,14.4539,0,0.1776,1.395,0.3669,9.023,90.61,5035.29,0.20418,46.623,0,11.8881,0,0.1986,9.2082,0,0.1438,1.395,28.875,22.082,30.654,29.3972,66.5,5.1125,54.712,54.732,9.3766,11.208,22.082,30.5,47.486,9.766,12.05,0.389849,0.143085,6.65,2200,5750,0,10,16.75,5923.81,7.19645,78.12,5.471,5.471,0,0,0,9.397,30.94,3200,37.0951,1.195,40.6927,1.389,52,1.1,-0.6875
2026-09-11T04:10:57.534403+00:00,1.8673,705.8,108,22.3,77.7,0,5869.8,3.5433,54.35,8.07518,1315.18,15.87,23.22,165.392,1.587,2.97,1.385,53.46,46.54,0,5880.6,8.3346,54.45,20.7913,341.893,3.175,6.567,2854.27,46.03,55.9,1.385,6.939,25.15,67.92,5007.7,1.156,46.3676,5.09432,378.702,3.175,7.179,29.3938,0,0.5371,1.385,84.64,15.36,0,5880.6,10.297,54.45,22.5303,71.8961,0,1.34,4970.44,80.95,97.35,1.385,4.168,18.53,77.3,5007.7,0.79028,46.3676,3.55718,226.674,4.762,4.225,20.1489,0,0.3559,1.385,10.9,31.15,57.94,5007.7,1.6988,46.3676,5.34457,586.187,9.524,11.18,53.889,1.587,1.017,1.385,2.895,97.11,0,5880.6,1.8662,54.45,3.47084,151.616,0,2.755,35.9067,1.587,0.5862,1.385,1.431,20.81,77.76,5007.7,0.55606,46.3676,0.440923,56.087,0,1.014,35.1292,0,0.6105,1.385,28.375,24.958,34.536,32.762,73.5,5.7558,60.029,59.999,9.9795,11.927,24.959,33.125,52.794,10.52,13.55,0.517249,0.261409,7.35,2200,5750,0,10.3782,17,5898.51,7.68294,80.95,6.003,6.003,0,0,0,10.62,34.49,3200,37.2181,1.195,40.8489,1.384,52,1.1,-0.6875
2026-09-11T04:10:58.550829+00:00,1.57234,584.987,108,12.36,87.64,0,5913,2.6934,54.75,6.0801,729.927,10.94,13.2,56.7115,0,0.8928,1.39,55.03,44.97,0,5913,8.7349,54.75,20.8144,130.027,1.562,2.477,3133.32,51.56,61.37,1.395,1.439,11.62,86.94,5035.29,0.29872,46.623,3.2454,69.4269,1.562,1.271,8.39984,0,0.1417,1.395,83.57,16.43,0,5913,8.8603,54.75,18.9903,69.1841,0,1.311,4885.14,84.38,95.71,1.395,0.6157,3.021,96.36,5035.29,0.12192,46.623,2.09652,23.8925,0,0.4194,9.80007,0,0.1698,1.395,3.411,23.7,72.89,5035.29,0.59501,46.623,2.96928,173.213,3.125,3.242,7.69961,0,0.1275,1.395,0.579,99.42,0,5913,1.6374,54.75,2.72687,34.8658,0,0.5669,13.9322,0,0.1711,1.395,0.2313,2.098,97.67,5035.29,0.094985,46.623,0,8.65024,0,0.1454,5.59826,0,0.08417,1.395,24.625,20.626,28.616,30.2,65,5.8447,54.27,54.298,10.042,12.001,20.626,33.375,47.046,9.57,11.33,0.400041,0.138347,6.5,2200,5750,0,10.2115,17,5922.17,7.23744,84.38,5.427,5.427,0,0,0,8.777,31.79,3200,37.3503,1.195,40.8547,1.388,52,1.1,-0.6875
2026-09-11T04:10:59.567267+00:00,1.5743,588.44,108,11.86,88.14,0,5918.4,2.6734,54.8,5.89519,702.842,18.75,12.19,84.9318,4.688,1.435,1.39,95.09,4.914,0,5902.2,12.318,54.65,27.1112,325.517,6.25,6.329,5333.47,93.75,104.4,1.38,1.945,16.29,81.76,5026.09,0.41384,46.5379,3.21352,95.7006,3.125,1.755,8.93381,1.562,0.1508,1.38,42.56,57.44,0,5026.09,4.1453,46.5379,9.47016,103.884,4.688,1.961,2413.35,39.06,47.11,1.38,0.7833,8.702,90.52,5026.09,0.22674,46.5379,2.05441,37.922,1.562,0.6697,5.0946,1.562,0.0773,1.38,4.084,31.12,64.8,5026.09,0.84355,46.5379,2.24323,215.258,3.125,4.016,8.29251,1.562,0.1382,1.38,0.8513,99.15,0,5902.2,1.698,54.65,2.65873,44.8985,0,0.7421,19.2986,1.562,0.2755,1.38,0.2608,5.844,93.89,5026.09,0.15737,46.5379,0,7.82497,0,0.1243,7.8205,0,0.1199,1.38,27.5,20.506,28.536,27.9093,67.5,5.4475,53.405,53.293,9.7753,11.683,20.488,32.625,46.211,11.33,11.34,0.268913,0.107441,6.75,2200,5750,0,10.3013,17,5934.05,7.08237,93.75,5.34,5.34,0,0,0,8.718,29.38,3200,37.2818,1.195,40.8195,1.392,52,1.1,-0.6875
2026-09-11T04:11:00.331723+00:00,1.5616,590.107,108,11.84,88.16,0,5913,2.568,54.75,5.52794,700.532,12.31,12.22,81.9731,3.077,1.351,1.395,51.76,45.18,3.066,5918.4,6.704,54.8,16.1597,1963.84,30.77,38.39,1168.83,18.46,22.78,1.395,1.52,11.58,86.9,5039.89,0.31537,46.6656,2.95265,67.2603,0,1.229,15.8801,0,0.2859,1.395,85.91,13.95,0.137,5918.4,10.191,54.8,21.2561,3917.63,63.08,76.66,1225.53,21.54,23.98,1.395,0.7045,4.059,95.24,5039.89,0.13803,46.6656,1.91271,32.0062,0,0.5786,7.62114,0,0.1242,1.395,3.225,23.68,73.1,5039.89,0.64277,46.6656,3.19399,165.424,3.077,3.08,7.58395,0,0.1237,1.395,0.9307,99.07,0,5918.4,1.707,54.8,2.62203,41.1196,0,0.6859,29.1855,0,0.4665,1.395,0.2745,4.622,95.1,5039.89,0.12903,46.6656,0,5.60309,0,0.08249,11.6986,0,0.1979,1.395,22.25,20.153,28.024,27.5774,51.5,5.2269,52.481,52.586,9.587,11.459,20.172,31.875,45.233,9.519,11.39,0.352716,0.115567,5.15,2200,5750,0,9.89744,16.5,5932.17,6.76756,63.08,5.248,5.248,0,0,0,8.584,29.03,3200,37.1434,1.195,40.73,1.391,52,1.1,-0.6875
2026-09-11T04:11:01.348718+00:00,1.55836,592.461,108,12.8,87.2,0,5913,2.8099,54.75,6.14238,757.878,7.812,12.1,139.969,3.125,2.501,1.39,66.29,30.76,2.947,5918.4,9.0137,54.8,20.42,2214.27,39.06,43.3,1725.4,29.69,33.71,1.395,1.628,14.04,84.33,5039.89,0.36216,46.6656,3.137,81.2775,0,1.5,6.6403,0,0.1061,1.395,69.59,30.41,0,5918.4,7.6227,54.8,16.0099,2087.87,34.38,40.85,2144.07,34.38,41.93,1.395,0.6469,5.124,94.23,5039.89,0.16856,46.6656,2.0075,30.767,0,0.5476,5.05159,0,0.07721,1.395,3.644,25.65,70.7,5039.89,0.68001,46.6656,2.70575,183.202,1.562,3.417,15.0884,0,0.2732,1.395,1.034,98.97,0,5918.4,1.7257,54.8,2.72538,49.7989,0,0.8537,26.3485,0,0.4113,1.39,0.1909,1.039,98.77,5039.89,0.07669,46.6656,0,5.1875,0,0.0798,6.56392,0,0.1013,1.39,28.375,20.056,27.896,27.5816,53,5.1019,51.889,51.843,9.3498,11.176,20.046,31.375,44.684,9.375,11.36,0.306272,0.12827,5.3,2200,5750,0,10,16.75,5931.49,6.87825,39.06,5.189,5.189,0,0,0,8.53,29.03,3200,37.075,1.195,40.675,1.391,52,1.1,-0.6875
2026-09-11T04:11:02.365605+00:00,1.58518,604.563,108,13.05,86.95,0,5918.4,2.726,54.8,5.81156,773.304,6.25,13.21,105.747,0,1.815,1.39,70.76,29.24,0,5918.4,7.8365,54.8,17.4541,3858.04,65.62,75.48,342.944,3.125,6.606,1.39,1.706,16.15,82.15,5918.4,0.39771,54.8,3.10948,85.9989,0,1.573,5.94525,0,0.09274,1.39,66.6,33.4,0,5918.4,8.8919,54.8,19.4264,1076.62,17.19,21.02,3053.63,50.79,59.72,1.39,0.9901,8.313,90.7,5039.89,0.21759,46.6656,2.05543,46.0587,0,0.8342,7.0016,0,0.1149,1.39,4.157,35.19,60.66,5918.4,0.92533,54.8,3.24462,204.788,0,3.817,24.8085,0,0.4634,1.39,0.9115,99.09,0,5918.4,1.717,54.8,2.63376,47.3366,0,0.7948,21.2214,0,0.3094,1.39,0.3391,2.169,97.49,5039.89,0.09601,46.6656,0,8.10497,0,0.1296,11.4558,0,0.1981,1.39,24.125,20.518,28.542,27.5237,61,5.1085,52.548,52.505,9.3674,11.198,20.491,30.75,45.359,8.936,11.64,0.441079,0.155393,6.1,2200,5750,0,10.0449,16.75,5932.91,6.83746,65.62,5.255,5.255,0,0,0,8.719,28.97,3200,37.0711,1.195,40.7057,1.391,52,1.1,-0.6875
2026-09-11T04:11:03.382717+00:00,1.58763,602.221,108,13.36,86.64,0,5918.4,2.8366,54.8,6.14788,791.494,4.688,13.51,99.543,0,1.695,1.395,52.75,47.25,0,5918.4,7.4583,54.8,17.5855,2007.96,33.33,39.21,1137.07,15.62,22.13,1.395,1.975,21.26,76.76,5039.89,0.5224,46.6656,3.38625,100.738,1.562,1.856,5.99748,0,0.09439,1.395,84.41,15.59,0,5918.4,9.473,54.8,20.076,990.819,15.62,19.36,4140.1,67.69,81.02,1.395,1.103,6.099,92.8,5039.89,0.18433,46.6656,2.15688,44.7493,0,0.8093,14.1563,0,0.2547,1.395,4.121,40.73,55.15,5039.89,1.0346,46.6656,3.682,208.986,0,3.895,18.1198,0,0.3323,1.395,0.7366,99.26,0,5918.4,1.6985,54.8,2.68838,37.7974,0,0.6042,20.4435,0,0.2935,1.395,0.3052,1.098,98.6,5039.89,0.079077,46.6656,0,9.83522,0,0.1647,7.73139,0,0.1235,1.395,27.5,20.777,28.895,27.9765,81,5.1119,53.022,53.144,9.3975,11.234,20.814,30.5,45.752,8.658,11.58,0.298005,0.125178,8.1,2200,5750,0,10.0577,16.5,5931.25,6.89725,67.69,5.302,5.302,0,0,0,8.857,29.45,3200,37.034,1.195,40.681,1.391,52,1.1,-0.6875
2026-09-11T04:11:04.401309+00:00,1.90987,760.158,108,16.78,83.22,0,5778,3.1856,53.5,6.8269,988.806,18.75,17.47,170.047,1.562,3.082,1.355,55.92,44.08,0,5778,7.9454,53.5,19.0604,490.307,7.692,9.532,2987.81,51.56,58.42,1.36,6.084,17.65,76.26,5778,0.93841,53.5,4.14304,338.525,9.375,6.527,82.0308,0,1.582,1.36,90.41,9.594,0,5778,9.5982,53.5,20.1018,980.21,17.19,19.17,4619.86,78.12,90.44,1.36,5.202,6.273,88.52,5778,0.63676,53.5,2.88226,292.517,4.688,5.675,68.4574,1.562,1.317,1.36,8.382,37.32,54.3,5778,1.4619,53.5,4.36573,466.234,9.375,8.927,66.2139,1.538,1.269,1.36,5.23,94.77,0,5778,2.1332,53.5,3.41182,297.034,7.812,5.7,87.0482,0,1.601,1.36,2.986,3.695,93.32,5778,0.44208,53.5,0.0309369,107.614,0,2.076,119.803,3.077,2.31,1.36,35.625,22.953,31.809,28.3587,79.5,5.1201,55.657,54.384,9.3873,11.222,22.758,30.5,48.662,13.27,14.69,0.886692,0.24909,7.95,2200,5750,0,10.3782,18,5925.97,7.05386,78.12,5.566,5.566,0,0,0,9.684,29.85,3200,37.0982,1.195,40.6693,1.39,52,1.1,-0.6875
2026-09-11T04:11:05.418593+00:00,1.77116,670.38,108,16.97,83.03,0,5913,3.0985,54.75,7.20123,999.34,12.7,18.01,101.015,0,1.7,1.39,46.89,53.11,0,5913,4.6818,54.75,12.1153,2351.43,36.51,46.01,507.438,4.762,9.8,1.395,4.245,27.69,68.06,5035.29,0.85534,46.623,4.5909,212.927,3.175,4.034,24.7118,1.587,0.4615,1.395,96.52,3.476,0,5913,12.597,54.75,27.843,341.977,4.762,6.665,5413.68,90.48,106.1,1.395,2.8,14.69,82.51,5035.29,0.50452,46.623,3.27683,143.547,0,2.722,35.7341,0,0.6769,1.395,6.283,43.32,50.4,5913,1.2944,54.75,5.36522,341.918,4.762,6.489,24.7636,0,0.4577,1.395,2.167,97.83,0,5913,1.7994,54.75,3.41474,116.923,0,2.149,21.5104,0,0.3144,1.395,1.23,10.07,88.7,5035.29,0.2902,46.623,0.324473,41.2307,0,0.7697,47.9497,0,0.901,1.395,25.5,22.234,30.794,28.5988,85.5,5.1169,55.168,56.405,9.3786,11.211,22.429,30.5,47.634,9.921,12.96,0.98942,0.283238,8.55,2200,5750,0,9.95513,16.75,5918.95,7.30329,90.48,5.517,5.517,0,0,0,9.544,30.1,3200,37.0772,1.195,40.7282,1.387,52,1.1,-0.6875
2026-09-11T04:11:06.436554+00:00,2.83315,1156.23,108,39.32,60.68,0,5832,5.1536,54,11.0905,2316.82,33.85,40.48,476.935,10.77,8.839,1.355,53.31,46.69,0,5810.4,7.3614,53.8,17.2812,1667.48,36.92,31.96,1967.86,33.85,37.89,1.355,21.04,27.35,51.61,5810.4,2.7268,53.8,8.42788,1156.06,20,21.93,150.836,1.538,2.741,1.355,96.38,3.62,0,5810.4,9.9527,53.8,20.1025,940.071,20,17.95,5280.31,89.23,103.1,1.355,19.31,18.73,61.96,5810.4,2.385,53.8,6.97642,1094.21,23.08,20.76,80.3681,0,1.407,1.355,25.29,41.35,33.36,5810.4,3.4667,53.8,8.67006,1417.62,27.69,26.97,198.085,1.538,3.604,1.355,16.92,83.08,0,5810.4,3.2315,53.8,6.26018,966.796,18.46,18.26,69.0438,0,1.069,1.355,11.74,21.5,66.76,5038.71,1.6596,46.6547,2.98324,367.868,4.615,6.736,349.271,4.615,6.398,1.355,36.125,30.094,41.647,24.5285,81,5.1355,65.721,64.631,9.4471,11.293,29.946,30.125,58.589,20.38,21.88,1.0845,1.07146,8.1,2200,5750,0,10.1731,16.5,5909.84,8.15492,89.23,6.572,6.572,0,0,0,12.74,25.82,3200,37.1837,1.195,40.7617,1.387,52,1.1,-0.6875
2026-09-11T04:11:07.455528+00:00,2.27481,912.623,108,28.53,71.47,0,5875.2,4.4907,54.4,10.8834,1667.23,18.75,30.69,279.211,4.688,5.326,1.39,56.03,43.97,0,5875.2,7.7547,54.4,19.0151,1226.24,15.62,23.71,2355.28,39.06,45.99,1.39,12.79,31.72,55.48,5049,2.1906,46.75,8.19618,713.693,14.06,13.74,62.6723,0,1.162,1.39,88.66,11.34,0,5875.2,11.578,54.4,25.9964,633.617,12.5,12.28,5080.76,84.38,99.46,1.39,10.44,21.27,68.29,5049,1.6376,46.75,6.38961,547.043,6.25,10.56,70.1105,0,1.321,1.39,16.35,38.53,45.13,5049,2.5801,46.75,8.0743,872.751,18.75,16.5,204.673,3.125,3.932,1.39,8.949,91.05,0,5875.2,2.6645,54.4,5.8238,496.018,7.812,9.503,50.3363,0,0.8557,1.39,5.729,21.92,72.35,5049,1.0707,46.75,2.29083,252.844,4.688,4.812,89.502,0,1.659,1.39,34.125,29.219,40.118,31.8786,89.5,5.1284,64.524,65.55,9.454,11.302,29.351,34.5,57.062,14.36,17.59,1.00873,0.45591,8.95,2200,5750,0,9.95513,16.75,5876.09,8.52173,84.38,6.452,6.452,0,0,0,12.49,33.56,3200,37.2108,1.195,40.8901,1.379,52,1.1,-0.6875
2026-09-11T04:11:08.473072+00:00,2.26884,852.775,108,25.73,74.27,0,5783.4,4.2886,53.55,9.84701,1504.78,17.19,27.14,133.212,3.125,2.536,1.34,86.21,13.79,0,5794.2,12.548,53.65,30.2228,1337.83,20.31,26.01,3796.36,64.06,74.35,1.335,4.213,26.96,68.83,5024.66,0.80378,46.5246,4.90976,226.334,3.125,4.281,6.57024,0,0.1059,1.335,94.67,5.327,0,5794.2,11.843,53.65,27.4798,2322.46,36.51,45.42,3389.34,56.25,66.48,1.335,2.97,10.13,86.9,5024.66,0.40611,46.5246,3.14031,154.462,1.562,2.949,7.62685,0,0.127,1.335,10.92,45.6,43.48,5794.2,1.8833,53.65,6.38429,600.614,10.94,11.54,23.055,0,0.4263,1.335,1.696,98.3,0,5794.2,1.6383,53.65,3.07543,96.349,0,1.762,17.1116,0,0.2327,1.335,0.4711,6.543,92.99,5024.66,0.16326,46.5246,0.0460592,13.3098,0,0.2293,14.9885,0,0.2612,1.335,35.625,28.341,38.736,36.9382,77.5,5.1345,62.795,62.563,9.365,11.195,28.287,37.375,55.579,13.32,16.49,1.05765,0.483988,7.75,2200,5750,0,9.92949,17,5857.48,8.57869,64.06,6.28,6.28,0,0,0,12.04,38.88,3200,37.1466,1.195,40.8193,1.369,52,1.1,-0.6875
2026-09-11T04:11:09.491819+00:00,3.9973,1591.5,108,74.18,25.82,0,5778,7.7166,53.5,19.0409,4275.29,67.19,77.25,665.644,10.94,12.96,1.34,98.73,1.272,0,5799.6,14.318,53.7,37.595,3069.42,53.12,60.01,3203.33,54.69,62.84,1.34,35.25,49.96,14.8,5029.34,4.6867,46.568,14.8186,1874.87,29.69,36.49,254.897,6.154,4.938,1.34,99.15,0.8517,0,5799.6,13.388,53.7,34.7401,1151.45,18.46,22.47,5237.89,89.06,102.7,1.34,24.23,49.58,26.19,5029.34,3.3796,46.568,10.839,1314.04,23.44,25.48,146.496,3.077,2.824,1.34,42.1,52.76,5.145,5799.6,5.6599,53.7,15.6094,2335.79,35.94,45.51,300.406,4.615,5.828,1.34,16.66,83.34,0,5029.34,2.9274,46.568,7.623,909.347,18.75,17.55,102.407,1.562,1.921,1.34,9.441,79.47,11.09,5799.6,2.0112,53.7,4.585,328.582,7.692,6.273,294.094,1.538,5.623,1.34,36.625,45.343,60.026,38.7779,98.5,5.1819,84.31,84.294,9.375,11.207,45.363,39.5,76.933,26.62,30.67,1.94502,0.760834,9.85,2200,5750,0,10.5449,17.75,5767.2,11.0265,89.06,8.431,8.431,0,0,0,19.3,40.82,3200,37.41,1.195,40.92,1.326,52,1.1,-0.6875
2026-09-11T04:11:10.509552+00:00,3.46084,1599.55,108,49.06,50.94,0,5891.4,6.3374,54.55,16.5805,2821.33,40.62,52.01,1000.65,14.29,19.38,1.39,84.97,15.03,0,5859,11.691,54.25,28.6444,3744.37,65.62,73.14,2137.96,32.81,41.71,1.385,31.67,25.54,42.79,5859,4.0162,54.25,13.9273,1698.56,26.56,32.96,686.061,14.29,13.28,1.385,66.56,33.43,0.01178,5859,7.8561,54.25,21.293,2758.4,48.44,54.01,2171.57,38.1,42.38,1.385,28.93,26.45,44.62,5035.08,3.6948,46.6211,12.0324,1588.88,31.75,30.81,534.264,12.7,10.31,1.385,41.02,24.04,34.95,5859,5.3738,54.25,14.8252,2189.94,35.94,42.66,964.69,17.46,18.78,1.385,24.88,73.82,1.299,5859,3.9722,54.25,9.95445,1339.77,20.31,25.87,454.955,9.375,8.701,1.385,19,39.36,41.64,5035.08,2.7915,46.6211,6.79354,781.058,12.7,15.02,720.299,9.524,13.91,1.385,31.75,39.202,52.515,32.9105,101.5,5.163,77.058,77.291,9.5355,11.399,39.244,38.625,69.593,26.91,30.93,2.71846,1.10467,10.15,2200,5750,0,10.4295,17.25,5827.03,10.3526,65.62,7.706,7.706,0,0,0,16.7,34.64,3200,37.3904,1.195,40.8649,1.357,52,1.1,-0.6875
2026-09-11T04:11:11.526679+00:00,1.56875,587.028,108,11.24,88.76,0,5886,2.655,54.5,6.00653,663.13,9.524,11.56,73.7909,0,1.374,1.39,43.87,56.13,0,5891.4,7.1444,54.55,18.5074,1950.34,30.16,38.15,667.891,7.937,12.96,1.395,1.42,12.76,85.82,5016.9,0.33525,46.4527,3.26294,65.896,0,1.201,11.1586,0,0.1949,1.395,94.56,5.437,0,5891.4,11.734,54.55,25.7487,2330.81,38.1,45.8,3298.96,53.12,64.81,1.395,0.7702,2.13,97.1,5016.9,0.10203,46.4527,2.11922,24.1247,0,0.4262,17.9304,0,0.3292,1.395,3.636,21.01,75.36,5016.9,0.60572,46.4527,3.80327,171.937,4.762,3.205,20.347,0,0.3751,1.395,0.9723,99.03,0,5891.4,1.7097,54.55,2.82827,40.1561,0,0.6646,32.6618,0,0.5403,1.395,0.408,1.731,97.86,5016.9,0.09008,46.4527,0,5.51095,0,0.08421,17.7992,0,0.3225,1.395,31.75,21.354,29.682,34.1582,63,5.1188,53.814,53.899,9.4126,11.251,21.361,38,46.564,8.975,11.37,0.676499,0.268525,6.3,2200,5750,0,10.2051,16.75,5906.36,7.27098,53.12,5.381,5.381,0,0,0,9.09,35.96,3200,37.1296,1.195,40.8191,1.39,52,1.1,-0.6875
2026-09-11T04:11:12.544462+00:00,1.71582,644.513,108,14.99,85.01,0,5923.8,2.9421,54.85,6.50087,886.675,15.62,16.21,59.0181,0,1.101,1.39,77.16,22.84,0,5923.8,10.493,54.85,22.3651,4251.22,76.56,83.23,397.887,4.688,7.697,1.395,2.806,18.6,78.59,5044.49,0.58306,46.7082,3.59653,145.498,3.125,2.719,14.1876,1.562,0.2514,1.395,66.25,31.84,1.911,5923.8,6.2768,54.85,13.0039,3475.85,57.81,68.17,475.967,10.94,9.236,1.395,1.683,8.575,89.74,5044.49,0.31484,46.7082,2.30357,75.8506,3.125,1.405,19.1851,0,0.3509,1.395,6.912,28.45,64.64,5044.49,1.1097,46.7082,3.46753,371.275,4.688,7.062,19.226,1.562,0.3495,1.395,1.157,61.73,37.11,5044.49,1.1499,46.7082,2.1486,62.3756,3.125,1.123,15.2329,0,0.2255,1.395,0.623,48.09,51.29,5923.8,0.8477,54.85,0.390859,24.8143,0,0.421,17.9513,0,0.283,1.395,18.5,20.743,28.832,25.5958,83.5,5.1027,52.991,52.994,9.4061,11.244,20.741,36.25,45.689,11.43,12.49,1.45592,0.339723,8.35,2200,5750,0,10.1538,17,5924.98,7.01886,76.56,5.299,5.299,0,0,0,8.826,26.94,3200,37.0959,1.195,40.8352,1.39,52,1.1,-0.6875
2026-09-11T04:11:13.561543+00:00,1.86268,701.915,108,26.47,73.53,0,5915.7,4.0522,54.775,8.80943,1565.7,24.05,26.6,188.446,2.344,3.584,1.393,77.87,22.13,0,5904.9,9.5745,54.675,19.0407,2640.21,39.75,51.38,2016.92,32.34,39.29,1.393,7.58,70.6,21.82,5028.39,2.0338,46.5592,6.00827,407.693,10.05,7.604,22.4013,0,0.412,1.393,55.83,44.17,0,5904.9,5.6935,54.675,12.1509,965.05,14.78,18.59,2345.38,40.25,45.57,1.393,2.787,31.6,65.61,5028.39,0.78304,46.5592,3.48815,147.596,0.7812,2.714,8.21828,0,0.1356,1.393,13.51,79,7.491,5466.04,2.8388,50.6115,5.83566,752.746,12.4,14.04,24.9192,0,0.462,1.393,1.657,94.74,3.601,5904.9,1.8221,54.675,3.27872,91.1948,1.562,1.61,18.9609,0,0.2647,1.393,0.5645,30.22,69.22,5028.39,0.57442,46.5592,0.655221,18.0408,0,0.3038,17.1793,0,0.279,1.393,19.8125,21.811,30.261,21.1168,66.5,5.1057,54.418,54.445,9.4126,11.251,21.816,33.3125,47.129,11.14,13.3,0.819997,0.587563,6.65,2200,5750,0,10.0577,16.75,5923.34,7.18199,63.59,5.442,5.442,0,0,0,9.284,22.23,3200,37.0778,1.195,40.7825,1.388,52,1.1,-0.6875
2026-09-11T04:11:14.578078+00:00,1.6257,612.32,108,13.86,86.14,0,5913,2.8219,54.75,6.10113,821.121,9.375,14.45,60.3257,0,1.095,1.395,40.29,59.71,0,5913,5.9125,54.75,14.7341,829.23,10.94,15.84,1604.88,26.56,31.22,1.395,2.249,44.45,53.3,5035.29,0.96228,46.623,3.78,117.355,3.125,2.066,6.0779,0,0.09602,1.395,97.85,2.146,0,5913,10.875,54.75,22.8589,1715.88,28.57,33.58,4164.74,70.31,81.51,1.395,1.294,17.44,81.27,5035.29,0.41177,46.623,2.39488,64.7554,0,1.158,5.96806,0,0.09497,1.395,5.975,54.8,39.23,5035.29,1.4866,46.623,4.687,314.772,4.688,5.715,16.0594,0,0.2917,1.395,0.6882,99.31,0,5913,1.7228,54.75,2.68613,33.5523,0,0.5255,20.5394,0,0.2969,1.395,0.3585,14.06,85.58,5035.29,0.2908,46.623,0,11.1553,0,0.1876,10.7092,0,0.1741,1.395,25.125,20.902,29.068,27.7513,62,5.1063,53.045,52.886,9.344,11.171,20.879,31.625,45.856,9.598,11.77,0.411191,0.161423,6.2,2200,5750,0,10.2821,16.25,5931.55,6.78438,70.31,5.304,5.304,0,0,0,8.885,29.21,3200,37.1,1.196,40.76,1.391,52,1.1,-0.6875
2026-09-11T04:11:16.355934+00:00,1.96063,736.559,108,18.74,81.26,0,5886,3.2652,54.5,7.47988,1107.99,17.97,19.17,105.257,1.538,1.935,1.383,83,17,0,5883.3,11.515,54.475,26.3483,1428.78,26.56,27.63,3550.38,61.26,69.41,1.383,4.477,57.79,37.74,5032.86,1.4315,46.6006,5.05875,243.245,4.75,4.401,11.993,0,0.2011,1.383,76.07,23.93,0,5883.3,7.8845,54.475,18.1188,165.653,3.125,3.133,4364.9,72.66,85.4,1.383,2.397,31.39,66.22,5032.86,0.76324,46.6006,3.32988,121.15,2.344,2.191,14.2449,0.7812,0.2507,1.383,9.078,67.94,22.98,5032.86,2.0094,46.6006,5.1665,494.848,9.487,8.973,22.3782,0,0.4079,1.383,1.554,98.45,0,5883.3,1.8229,54.475,3.24806,80.2911,1.562,1.373,25.7255,0,0.3888,1.383,0.7403,37.38,61.88,5032.86,0.71321,46.6006,0.719688,23.7768,0,0.3932,24.3381,0,0.3991,1.383,32.5,24.583,34.119,30.0232,64.25,5.124,58.2,58.131,9.3854,11.219,24.572,32.5,50.975,12.63,14.1,0.589448,0.233959,6.425,2200,5750,0,10.0353,16.875,5922.12,7.91538,85.94,5.82,5.82,0,0,0,10.46,31.6,3200,37.1,1.195,40.7445,1.389,52,1.1,-0.6875
2026-09-11T04:11:18.387271+00:00,2.36855,930.262,108,37.01,62.99,0,5848.2,5.2797,54.15,12.4288,2175.87,28.12,28.27,812.816,12.5,15.7,1.375,76.12,23.88,0,5842.8,8.8772,54.1,21.8488,2629.51,46.88,51.28,1996.59,34.38,39.01,1.375,6.544,45.14,48.32,5021.16,1.2753,46.4922,6.26689,344.7,6.25,6.294,18.5192,0,0.3196,1.375,98.93,1.066,0,5842.8,14.031,54.1,31.7922,4405.93,72.31,86.38,1439.1,25.4,28.2,1.375,3.467,30.87,65.67,5021.16,0.76035,46.4922,4.10911,175.615,1.562,3.208,15.796,0,0.267,1.375,11.8,76.99,11.22,5021.16,2.4076,46.4922,7.78441,658.867,9.231,12.39,21.3049,0,0.3705,1.375,1.934,98.07,0,5842.8,1.7649,54.1,3.67055,99.832,0,1.738,23.088,0,0.3126,1.375,1.047,65.71,33.24,5021.16,1.1596,46.4922,1.76426,32.7768,1.562,0.5284,33.8729,0,0.557,1.375,36.125,29.885,41.263,33.4228,69,5.1247,65.392,65.402,9.4024,11.239,29.888,35.5,58.139,14.89,17.18,0.762943,0.321956,6.9,2200,5750,0,10.1218,16.5,5893.47,8.95283,72.31,6.539,6.539,0,0,0,12.72,35.18,3200,37.2452,1.195,40.8999,1.382,52,1.1,-0.6875
2026-09-11T04:11:19.404335+00:00,2.84809,1160.63,108,48.61,51.39,0,5848.2,6.5012,54.15,15.029,2843.33,28.12,46.4,656.334,9.375,12.67,1.365,87.99,12.01,0,5848.2,12.781,54.15,30.1468,4052.04,67.19,79.3,1603.48,29.23,31.38,1.37,11.58,60.68,27.74,5025.8,2.0595,46.5352,8.03262,615.462,15.38,11.79,128.691,3.077,2.487,1.37,96.21,3.794,0,5848.2,10.383,54.15,24.4443,3560.39,62.5,69.75,2427.99,40,47.56,1.37,9.235,34.95,55.82,5025.8,1.3988,46.5352,5.62002,504.942,9.231,9.721,98.5052,1.538,1.9,1.37,16.77,70.66,12.57,5025.8,2.8606,46.5352,8.05453,887.782,10.94,17.01,163.625,3.077,3.167,1.37,8.313,91.69,0,5848.2,2.2435,54.15,4.81225,459.578,4.688,8.804,91.5767,3.125,1.652,1.37,6.098,45.39,48.51,5025.8,1.2911,46.5352,2.24253,259.959,7.692,4.992,216.358,1.538,4.137,1.37,33.75,33.489,45.731,33.1948,90.5,5.1411,69.977,69.89,9.4487,11.294,33.457,36.375,62.681,18.54,22.05,1.9121,0.640286,9.05,2200,5750,0,10.391,17.25,5872.55,9.38533,67.19,6.998,6.998,0,0,0,14.24,34.94,3200,37.1952,1.195,40.9054,1.371,52,1.1,-0.625
2026-09-11T04:11:20.420500+00:00,2.28659,860.856,108,30.6,69.4,0,5864.4,4.4804,54.3,10.3101,1799.75,32.25,31.69,221.884,1.562,4.074,1.38,86.26,13.74,0,5859,11.686,54.25,27.7665,3235.55,54.48,63.28,1933.63,32.87,37.83,1.373,4.529,47.96,47.51,5035.08,1.1521,46.6211,5.62885,221.931,3.15,4.113,24.4734,0,0.4071,1.373,93.7,6.3,0,5859,11.409,54.25,26.4122,3665.59,62.26,71.85,1888.58,30.69,36.95,1.373,2.472,23.72,73.81,5035.08,0.54166,46.6211,3.60857,113.316,0.7937,2.055,19.7067,0,0.3133,1.373,8.25,71.16,20.59,5447.42,1.9723,50.4391,6.46923,439.745,2.344,8.313,24.4825,0,0.3985,1.373,1.936,98.06,0,5446.66,1.7604,50.432,3.50529,94.059,0.7937,1.584,31.9623,0,0.428,1.373,0.9145,55.26,43.83,5447.42,0.95593,50.4391,1.24151,32.9613,0,0.5081,26.0774,0,0.3793,1.373,34.875,31.121,42.948,32.9047,68,5.1311,67.099,67.045,9.4167,11.257,31.123,36.6875,59.849,13.83,16.51,0.73984,0.343493,6.8,2200,5750,0,10.0288,16.625,5894.5,8.94159,65.41,6.71,6.71,0,0,0,13.24,34.64,3200,37.1416,1.195,40.8817,1.381,52,1.1,-0.6875
2026-09-11T04:11:22.453051+00:00,2.34431,888.783,108,32.42,67.58,0,5853.6,4.1762,54.2,9.49188,1904.37,32.81,33.92,200.123,4.688,3.633,1.385,99.67,0.3309,0,5788.8,12.56,53.6,31.017,258.078,3.125,4.831,5817.45,100,114.1,1.345,4.882,60.56,34.56,5788.8,1.4047,53.6,5.74276,259.151,3.125,4.765,6.64294,0,0.1057,1.345,80.33,19.67,0,5788.8,11.049,53.6,25.2299,2838.52,43.75,55.56,1954.71,32.81,38.14,1.345,2.676,28.53,68.8,5788.8,0.63423,53.6,3.75362,132.605,0,2.419,12.8286,0,0.2265,1.345,11.05,76.45,12.5,5788.8,2.3445,53.6,6.95167,599.795,14.06,11.28,24.1863,1.562,0.446,1.345,2.22,97.78,0,5788.8,1.8115,53.6,3.64286,116.867,1.562,2.097,19.7798,0,0.2655,1.345,1.182,78.96,19.85,5788.8,1.3743,53.6,1.85639,33.3965,1.562,0.5507,42.031,0,0.7201,1.345,37.5,31.305,43.218,33.4042,69,5.133,67.249,67.119,9.3684,11.199,31.253,36.625,60.063,14.94,17.07,0.788118,0.349248,6.9,2200,5750,0,10.0064,16.75,5894.98,9.16658,100,6.725,6.725,0,0,0,13.3,35.16,3200,37.1079,1.195,40.9101,1.382,52,1.1,-0.6875
2026-09-11T04:11:23.471031+00:00,2.46723,954.068,108,36.62,63.38,0,5853.6,5.0993,54.2,11.9679,2149.25,23.44,31.77,578.47,12.5,11.1,1.375,82.29,17.71,0,5853.6,9.5492,54.2,23.825,1472.04,26.56,28.45,3549.23,62.5,69.52,1.375,7.067,59.09,33.85,5853.6,1.5168,54.2,6.51563,376.313,4.688,6.964,17.4999,0,0.2997,1.375,99.75,0.2505,0,5853.6,13.88,54.2,32.5118,43.7434,0,0.7977,5860.92,100,114.9,1.375,4.004,38.02,57.98,5853.6,0.94464,54.2,4.45525,194.044,1.562,3.574,22.5942,0,0.4022,1.375,12.51,77.58,9.908,5853.6,2.5018,54.2,8.1295,693.927,15.62,12.96,29.0964,0,0.5226,1.375,2.714,97.29,0,5853.6,1.8612,54.2,3.90988,142.147,3.125,2.536,25.9708,0,0.3736,1.375,1.77,81.52,16.71,5030.44,1.4972,46.5781,2.3335,55.8603,1.562,0.9533,53.9737,0,0.9049,1.375,32.25,32.479,44.786,33.6507,73,5.1419,68.945,68.958,9.3775,11.209,32.515,37,61.65,15.72,17.88,0.699414,0.341476,7.3,2200,5750,0,10.3013,16.75,5888.97,9.20625,100,6.895,6.895,0,0,0,13.84,35.42,3200,37.205,1.195,40.865,1.381,52,1.1,-0.6875
2026-09-11T04:11:24.487118+00:00,2.38702,901.704,108,36.11,63.89,0,5853.6,4.5935,54.2,10.5222,2126.09,34.38,37.69,227.141,3.125,4.147,1.38,83.73,16.27,0,5859,11.782,54.25,28.6498,3036.11,45.31,59.14,1976.44,35.94,38.64,1.375,7.049,76.54,16.41,5859,1.9881,54.25,6.85329,370.796,6.25,6.814,28.7277,0,0.5371,1.375,91.79,8.211,0,5859,11.272,54.25,26.7323,111.272,0,2.128,5384.52,89.06,105.6,1.375,3.689,51.35,44.96,5859,1.1617,54.25,4.67495,188.99,7.812,3.492,16.2248,0,0.2941,1.375,12.82,82.53,4.651,5859,2.7023,54.25,7.85868,705.286,12.5,13.02,30.5822,0,0.572,1.375,2.218,97.78,0,5035.08,1.877,46.6211,3.90901,120.116,3.125,2.141,18.3519,0,0.2415,1.375,1.3,98.7,0,5859,1.7752,54.25,2.63793,52.6412,1.562,0.896,33.9729,0,0.526,1.375,36.625,32.816,45.385,33.4327,86.5,5.1348,69.549,69.699,9.4089,11.247,32.824,36.875,62.28,14.94,17.24,0.871613,0.374644,8.65,2200,5750,0,9.95513,17.25,5896.73,9.28627,89.06,6.955,6.955,0,0,0,13.97,35.19,3200,37.1857,1.195,40.8594,1.384,52,1.1,-0.6875
